암호화요양기호,요양기관명,종별코드,종별코드명,시도코드,시도코드명,시군구코드,시군구코드명,읍면동,우편번호,주소,전화번호,병원홈페이지,개설일자,총의사수,의과일반의 인원수,의과인턴 인원수,의과레지던트 인원수,의과전문의 인원수,치과일반의 인원수,치과인턴 인원수,치과레지던트 인원수,치과전문의 인원수,한방일반의 인원수,한방인턴 인원수,한방레지던트 인원수,한방전문의 인원수,조산사 인원수,좌표(X),좌표(Y)
JDQ4MTYyMiM4MSMkMSMkNCMkOTkkMzgxMzUxIzExIyQxIyQ3IyQ5MiQzNjE4MzIjNDEjJDEjJDgjJDgz,(의) 내경의료재단 울산제일병원,21,병원,260000,울산,260001,울산남구,신정동,44623,"울산광역시 남구 남산로354번길 26, (신정동)",052-220-3300,http://www.ujh.co.kr,2000-01-01,9,1,0,0,8,0,0,0,0,0,0,0,0,0,129.307013,35.548283
JDQ4MTYyMiM4MSMkMSMkNCMkOTkkNTgxOTYxIzExIyQxIyQzIyQ4OSQzNjE0ODEjNjEjJDEjJDgjJDgz,(의)고담의료재단마더스병원,29,정신병원,260000,울산,260001,울산남구,달동,44720,"울산광역시 남구 화합로 107, (달동)",052-270-7000,,2006-02-16,8,0,0,0,8,0,0,0,0,0,0,0,0,0,129.3404999,35.5343999
JDQ4MTYyMiM4MSMkMSMkNCMkOTkkMzgxMzUxIzMxIyQxIyQ3IyQ3OSQzNjEyMjIjNjEjJDEjJDAjJDgz,(의)성덕의료재단 간절곶자연병원,21,병원,260000,울산,260100,울산울주군,서생면,45014,"울산광역시 울주군 서생면 용리길 165-11, (서생면)",052-246-0002,,2015-05-06,1,1,0,0,0,0,0,0,0,0,0,0,0,0,129.3226471,35.3667274
JDQ4MTYyMiM4MSMkMSMkNCMkOTkkMzgxMzUxIzExIyQyIyQ3IyQwMCQzNjE4MzIjNTEjJDEjJDIjJDgz,(의)인석의료재단 보람병원,21,병원,260000,울산,260001,울산남구,삼산동,44713,"울산광역시 남구 돋질로336번길 10, (삼산동)",052-278-0114,http://ulsan.imc-boram.co.kr/,1997-04-22,27,0,0,0,27,0,0,0,0,0,0,0,0,0,129.3410075,35.5425577
JDQ4MTYyMiM4MSMkMSMkNCMkNzIkMzgxMTkxIzExIyQxIyQ3IyQ4OSQ0NjEwMDIjODEjJDEjJDYjJDgz,21세기좋은치과의원,51,치과의원,260000,울산,260004,울산북구,호계동,44228,"울산광역시 북구 호계로 283, (호계동)",052-282-7582,,1997-12-29,2,0,0,0,0,1,0,0,1,0,0,0,0,0,129.3506499,35.6284628
JDQ4MTYyMiM4MSMkMSMkNCMkMTMkNDgxMzUxIzUxIyQxIyQ1IyQwMyQzNjE0ODEjODEjJDEjJDYjJDgz,365병영한의원,93,한의원,260000,울산,260003,울산중구,남외동,44495,"울산광역시 중구 번영로 580, SkyM빌딩 3층 303호 (남외동)",052-281-5675,,2018-04-16,2,0,0,0,0,0,0,0,0,2,0,0,0,0,129.3453715,35.5685691
JDQ4MTYyMiM4MSMkMiMkNCMkMDAkNDgxMzUxIzExIyQxIyQzIyQxMyQ0NjE0ODEjNjEjJDEjJDAjJDgz,365소아청소년과의원,31,의원,260000,울산,260002,울산동구,일산동,44067,"울산광역시 동구 방어진순환도로 645, 5층 (일산동)",052-201-3652,,2016-01-26,1,0,0,0,1,0,0,0,0,0,0,0,0,0,129.4281043,35.4994135
JDQ4MTYyMiM4MSMkMiMkNCMkMDAkNDgxOTYxIzQxIyQxIyQ3IyQ3OSQyNjEyMjIjNDEjJDEjJDQjJDgz,365신정본튼튼의원,31,의원,260000,울산,260001,울산남구,신정동,44690,"울산광역시 남구 중앙로 234, 5층 (신정동)",052-266-0101,,2026-04-21,1,1,0,0,0,0,0,0,0,0,0,0,0,0,129.3117885,35.5417123
JDQ4MTYyMiM4MSMkMiMkNCMkMDAkNDgxMzUxIzQxIyQxIyQ3IyQ3OSQyNjEwMDIjNjEjJDEjJDgjJDgz,365호계내과의원,31,의원,260000,울산,260004,울산북구,호계동,44227,"울산광역시 북구 호계로 272, (호계동)",052-295-1190,,2014-12-16,2,0,0,0,2,0,0,0,0,0,0,0,0,0,129.35135,35.6276481
JDQ4MTYyMiM4MSMkMiMkNCMkMDAkMzgxMTkxIzMxIyQxIyQ3IyQ5MiQ0NjEwMDIjNjEjJDEjJDQjJDgz,BB성형외과의원,31,의원,260000,울산,260001,울산남구,달동,44718,"울산광역시 남구 삼산로 254, 15층 (달동)",1544-5432,,2012-06-05,1,0,0,0,1,0,0,0,0,0,0,0,0,0,129.335013,35.5385217
JDQ4MTYyMiM4MSMkMSMkNCMkOTkkNTgxMzUxIzIxIyQyIyQ1IyQwMCQzNjE4MzIjODEjJDEjJDYjJDgz,BB요양병원,28,요양병원,260000,울산,260004,울산북구,양정동,44257,"울산광역시 북구 염포로 353, (양정동)",052-716-1020,,2016-11-11,5,0,0,0,2,0,0,0,0,3,0,0,0,0,129.3780269,35.5593556
JDQ4MTYyMiM4MSMkMSMkNCMkNzIkMzgxOTYxIzIxIyQxIyQ1IyQ5MiQ0NjE0ODEjNDEjJDEjJDgjJDgz,e튼튼치과의원,51,치과의원,260000,울산,260100,울산울주군,온산읍,45006,"울산광역시 울주군 온산읍 덕남로 5, 2층",052-237-2208,,2019-02-25,1,0,0,0,0,1,0,0,0,0,0,0,0,0,129.3117765,35.4333878
JDQ4MTYyMiM4MSMkMSMkNCMkNzIkMzgxOTYxIzQxIyQxIyQ3IyQwMyQ0NjE0ODEjNjEjJDEjJDAjJDgz,e-플랜트치과의원,51,치과의원,260000,울산,260001,울산남구,달동,44722,"울산광역시 남구 삼산로108번길 4, 2~4층 (달동)",052-267-5882,http://www.im-plant.com,2009-01-08,1,0,0,0,0,0,0,0,1,0,0,0,0,0,129.3192723,35.5348188
JDQ4MTYyMiM4MSMkMiMkNCMkMDAkNDgxOTYxIzMxIyQxIyQ3IyQ5MiQzNjEwMDIjODEjJDEjJDYjJDgz,HD현대중공업(주) 중형선부속의원,31,의원,260000,울산,260002,울산동구,방어동,44113,"울산광역시 동구 방어진순환도로 100, (방어동)",052-250-3671,,1990-06-13,1,1,0,0,0,0,0,0,0,0,0,0,0,0,129.4100822,35.4912234
JDQ4MTYyMiM4MSMkMiMkNCMkMDAkNDgxOTYxIzExIyQxIyQ3IyQ3MiQyNjE4MzIjNjEjJDEjJDgjJDgz,HD현대중공업(주)부속의원,31,의원,260000,울산,260002,울산동구,전하동,44032,"울산광역시 동구 방어진순환도로 1000, 현대중공업 (전하동)",052-230-5391,,1991-01-04,3,0,0,0,3,0,0,0,0,0,0,0,0,0,129.4486094,35.5246602
JDQ4MTYyMiM4MSMkMiMkNCMkMDAkNDgxOTYxIzIxIyQxIyQxIyQ2MiQyNjE4MzIjNjEjJDEjJDQjJDgz,HD현대중공업(주)해양부속의원,31,의원,260000,울산,260002,울산동구,방어동,44114,"울산광역시 동구 방어진순환도로 400, (주)현대중공업해양사업부본부 (방어동)",052-202-1484,,2013-10-14,1,0,0,0,1,0,0,0,0,0,0,0,0,0,129.409197,35.4722465
JDQ4MTYyMiM4MSMkMiMkNCMkMDAkNDgxMzUxIzQxIyQxIyQ3IyQ4MiQyNjEwMDIjNDEjJDEjJDQjJDgz,SC주미안피부과의원,31,의원,260000,울산,260001,울산남구,야음동,44750,"울산광역시 남구 수암로 132, 3,5층 (야음동)",052-269-0880,,2015-06-29,2,0,0,0,2,0,0,0,0,0,0,0,0,0,129.3214794,35.5274447
JDQ4MTYyMiM4MSMkMSMkNCMkNzIkMzgxOTYxIzQxIyQxIyQ3IyQxMyQzNjEwMDIjNzEjJDEjJDgjJDgz,SM치과의원,51,치과의원,260000,울산,260001,울산남구,달동,44725,"울산광역시 남구 삼산로 136, 3층 (달동)",052-227-7528,,2013-01-23,1,0,0,0,0,1,0,0,0,0,0,0,0,0,129.3223178,35.5357847
JDQ4MTYyMiM4MSMkMiMkNCMkMDAkMzgxOTYxIzIxIyQxIyQxIyQ5OSQzNjEyMjIjNTEjJDEjJDYjJDgz,가나의원,31,의원,260000,울산,260003,울산중구,학산동,44522,"울산광역시 중구 옥교6길 7, 2층 (학산동)",052-222-3233,,2007-12-11,1,1,0,0,0,0,0,0,0,0,0,0,0,0,129.3276514,35.5548512
JDQ4MTYyMiM4MSMkMiMkNCMkMDAkMzgxNzAyIzIxIyQxIyQ1IyQ4MiQzNjE0ODEjNTEjJDEjJDYjJDgz,가나정형외과의원,31,의원,260000,울산,260002,울산동구,전하동,44051,"울산광역시 동구 방어진순환도로 713, (전하동)",052-252-1212,,2004-05-27,1,0,0,0,1,0,0,0,0,0,0,0,0,0,129.4294532,35.5054121
JDQ4MTYyMiM4MSMkMSMkNCMkNzIkMzgxOTYxIzExIyQxIyQ3IyQ3MiQ0NjE0ODEjNjEjJDEjJDAjJDgz,가우정치과의원,51,치과의원,260000,울산,260004,울산북구,호계동,44227,"울산광역시 북구 호계로 292, 4층 (호계동, 가우정치과의원)",052-295-9440,,1996-04-10,1,0,0,0,0,1,0,0,0,0,0,0,0,0,129.3512801,35.6292198
JDQ4MTYyMiM4MSMkMSMkNCMkNzIkMzgxOTYxIzUxIyQxIyQ1IyQ4OSQ0NjE0ODEjNjEjJDEjJDgjJDgz,가이드치과의원,51,치과의원,260000,울산,260001,울산남구,삼산동,44705,"울산광역시 남구 삼산로267번길 6-15, 3층 (삼산동)",052-913-2275,,2015-03-06,1,0,0,0,0,0,0,0,1,0,0,0,0,0,129.3370222,35.5400863
JDQ4MTYyMiM4MSMkMSMkNCMkNzIkMzgxOTYxIzIxIyQxIyQxIyQ3MiQyNjEyMjIjNDEjJDEjJDgjJDgz,강경남치과의원,51,치과의원,260000,울산,260001,울산남구,무거동,44632,"울산광역시 남구 굴화4길 31, (무거동)",052-247-7528,,2004-01-16,1,0,0,0,0,1,0,0,0,0,0,0,0,0,129.2639055,35.5520032
JDQ4MTYyMiM4MSMkMiMkNCMkMDAkNDgxMzUxIzMxIyQxIyQ3IyQwMyQzNjEwMDIjNDEjJDEjJDgjJDgz,강남내과의원,31,의원,260000,울산,260002,울산동구,화정동,44077,"울산광역시 동구 방어진순환도로 577, (화정동)",052-234-5191,,2014-10-13,1,0,0,0,1,0,0,0,0,0,0,0,0,0,129.4265177,35.4935044
JDQ4MTYyMiM4MSMkMiMkNCMkMDAkMzgxMTkxIzQxIyQxIyQ3IyQwMyQzNjEwMDIjNjEjJDEjJDgjJDgz,강남비뇨기과의원,31,의원,260000,울산,260001,울산남구,신정동,44730,"울산광역시 남구 삼산로 26, 2층 (신정동, 공업탑 하트랜드)",052-261-3200,,2001-04-03,2,0,0,0,2,0,0,0,0,0,0,0,0,0,129.3108661,35.5327022
JDQ4MTYyMiM4MSMkMiMkNCMkMDAkMzgxNzAyIzQxIyQxIyQ3IyQ2MiQyNjE4MzIjNjEjJDEjJDgjJDgz,강남비뇨기과의원,31,의원,260000,울산,260002,울산동구,화정동,44074,"울산광역시 동구 대학길 50, 2층 (화정동)",052-234-5583,,2007-05-02,1,0,0,0,1,0,0,0,0,0,0,0,0,0,129.4205442,35.4985799
JDQ4MTYyMiM4MSMkMiMkNCMkMDAkNDgxMzUxIzQxIyQxIyQ3IyQ2MiQ0NjEwMDIjNDEjJDEjJDgjJDgz,강남엘케이성형외과의원(강남LK성형외과의원),31,의원,260000,울산,260001,울산남구,삼산동,44719,"울산광역시 남구 삼산로 274, 2층 (삼산동)",052-267-2110,,2015-05-20,1,0,0,0,1,0,0,0,0,0,0,0,0,0,129.3371409,35.5389443
JDQ4MTYyMiM4MSMkMSMkNCMkOTkkNTgxMzUxIzExIyQxIyQ3IyQxMyQyNjEyMjIjODEjJDEjJDYjJDgz,강남요양병원,28,요양병원,260000,울산,260001,울산남구,신정동,44676,"울산광역시 남구 중앙로 187-1, (신정동)",052-260-3525,,2011-08-26,2,0,0,0,1,0,0,0,0,1,0,0,0,0,129.3127437,35.5377468
JDQ4MTYyMiM4MSMkMSMkNCMkNzIkMzgxMzUxIzQxIyQxIyQ3IyQwMyQzNjE0ODEjNjEjJDEjJDgjJDgz,강남웰치과의원,51,치과의원,260000,울산,260001,울산남구,무거동,44606,"울산광역시 남구 대학로 141, 4층 (무거동)",052-223-2875,,2006-12-04,1,0,0,0,0,1,0,0,0,0,0,0,0,0,129.2617451,35.5473566
JDQ4MTYyMiM4MSMkMiMkNCMkMDAkMzgxNzAyIzUxIyQxIyQxIyQ2MiQyNjE0ODEjODEjJDEjJDIjJDgz,강남의원,31,의원,260000,울산,260003,울산중구,남외동,44507,"울산광역시 중구 번영로 566, 4층 (남외동)",052-281-5583,,2005-10-07,1,0,0,0,1,0,0,0,0,0,0,0,0,0,129.3439504,35.5681607
JDQ4MTYyMiM4MSMkMSMkNCMkNzIkMzgxMTkxIzExIyQxIyQzIyQwMyQ0NjE0ODEjNjEjJDEjJDQjJDgz,강남치과의원,51,치과의원,260000,울산,260100,울산울주군,언양읍,44942,"울산광역시 울주군 언양읍 헌양길 84, 3층",052-262-2889,,2003-06-23,1,0,0,0,0,1,0,0,0,0,0,0,0,0,129.1223146,35.5651258
JDQ4MTYyMiM4MSMkMiMkNCMkMDAkMzgxMTkxIzUxIyQyIyQ1IyQwMCQzNjE4MzIjODEjJDEjJDYjJDgz,강남피부과의원,31,의원,260000,울산,260004,울산북구,신천동,44224,"울산광역시 북구 호계로 332-1, 205호 (신천동, 현대하이플러스상가)",052-286-5523,,2005-07-07,1,0,0,0,1,0,0,0,0,0,0,0,0,0,129.3500958,35.6331513
JDQ4MTYyMiM4MSMkMiMkNCMkMDAkNDgxMzUxIzIxIyQxIyQ5IyQ3MiQzNjEwMDIjNjEjJDEjJDgjJDgz,강남피부과의원,31,의원,260000,울산,260001,울산남구,달동,44707,"울산광역시 남구 삼산로 257, 4층 (달동)",052-260-5522,,1998-08-17,1,0,0,0,1,0,0,0,0,0,0,0,0,0,129.3350854,35.5391704
JDQ4MTYyMiM4MSMkMiMkNCMkMDAkNDgxMzUxIzMxIyQxIyQ3IyQ4MiQyNjEwMDIjNTEjJDEjJDYjJDgz,강남피부과의원,31,의원,260000,울산,260002,울산동구,일산동,44056,"울산광역시 동구 방어진순환도로 652, 테라스파크 1동 3층 B301,B302호 (일산동)",052-236-5004,,2012-06-22,1,0,0,0,1,0,0,0,0,0,0,0,0,0,129.4288433,35.4997805
JDQ4MTYyMiM4MSMkMiMkNCMkMDAkMzgxMzUxIzMxIyQxIyQ3IyQ4OSQzNjE4MzIjNjEjJDEjJDAjJDgz,강내과의원,31,의원,260000,울산,260003,울산중구,성남동,44532,"울산광역시 중구 학성로 62-1, (성남동)",052-244-1110,,1983-02-08,1,0,0,0,1,0,0,0,0,0,0,0,0,0,129.3181639,35.5543056
JDQ4MTYyMiM4MSMkMiMkNCMkMDAkMzgxNzAyIzMxIyQxIyQzIyQ4OSQyNjE0ODEjNzEjJDEjJDgjJDgz,강동의원,31,의원,260000,울산,260004,울산북구,정자동,44233,"울산광역시 북구 동해안로 1441, (정자동)",052-298-7534,,2001-12-21,1,0,0,0,1,0,0,0,0,0,0,0,0,0,129.4479953,35.6145564
JDQ4MTYyMiM4MSMkMSMkNCMkNzIkMzgxMzUxIzUxIyQxIyQ1IyQ3MiQ0NjEwMDIjODEjJDEjJDIjJDgz,강동치과의원,51,치과의원,260000,울산,260004,울산북구,산하동,44264,"울산광역시 북구 산하중앙2로 290, 402호 (산하동, 아이스퀘어)",052-298-2804,,1998-06-03,1,0,0,0,0,1,0,0,0,0,0,0,0,0,129.4389812,35.6358859
JDQ4MTYyMiM4MSMkMSMkNCMkMTMkMzgxNzAyIzIxIyQxIyQxIyQ2MiQzNjEwMDIjODEjJDEjJDIjJDgz,강동한의원,93,한의원,260000,울산,260003,울산중구,반구동,44515,"울산광역시 중구 화합로 372, (반구동)",052-291-2650,,1988-12-24,1,0,0,0,0,0,0,0,0,1,0,0,0,0,129.3407391,35.5592698
JDQ4MTYyMiM4MSMkMSMkNCMkMTMkNDgxMzUxIzMxIyQxIyQzIyQwMyQyNjE4MzIjNjEjJDEjJDQjJDgz,강동한의원,93,한의원,260000,울산,260004,울산북구,산하동,44264,"울산광역시 북구 산하중앙2로 290, 5층 502호 (산하동, 아이스퀘어)",052-292-1075,,2017-08-24,1,0,0,0,0,0,0,0,0,1,0,0,0,0,129.4389812,35.6358859
JDQ4MTYyMiM4MSMkMiMkNCMkMDAkNDgxMzUxIzUxIyQxIyQxIyQwMyQzNjEwMDIjNTEjJDEjJDYjJDgz,강마디내과의원,31,의원,260000,울산,260002,울산동구,전하동,44042,"울산광역시 동구 방어진순환도로 785, (전하동, 스타타워 602호)",052-232-0875,,2016-07-15,1,0,0,0,1,0,0,0,0,0,0,0,0,0,129.4303565,35.5118103
JDQ4MTYyMiM4MSMkMiMkNCMkMDAkMzgxMTkxIzExIyQxIyQzIyQxMyQzNjE0ODEjNDEjJDEjJDgjJDgz,강문규내과의원,31,의원,260000,울산,260001,울산남구,삼산동,44705,"울산광역시 남구 삼산로 283, 소망빌딩 9층 (삼산동)",052-274-9641,,1997-11-19,1,0,0,0,1,0,0,0,0,0,0,0,0,0,129.3378965,35.5397338
JDQ4MTYyMiM4MSMkMiMkNCMkMDAkMzgxOTYxIzUxIyQxIyQxIyQ2MiQ0NjE0ODEjNTEjJDEjJDIjJDgz,강문수내과의원,31,의원,260000,울산,260001,울산남구,무거동,44606,"울산광역시 남구 대학로 141, (무거동)",052-249-0645,,1995-11-09,1,0,0,0,1,0,0,0,0,0,0,0,0,0,129.2617451,35.5473566
JDQ4MTYyMiM4MSMkMiMkNCMkMDAkNDgxOTYxIzExIyQxIyQzIyQ5OSQyNjE0ODEjNTEjJDEjJDYjJDgz,강상현내과의원,31,의원,260000,울산,260001,울산남구,달동,44718,"울산광역시 남구 삼산로 216, 2층 (달동)",052-716-1152,,2018-01-03,1,0,0,0,1,0,0,0,0,0,0,0,0,0,129.3309397,35.5377737
JDQ4MTYyMiM4MSMkMiMkNCMkMDAkNDgxOTYxIzMxIyQxIyQ3IyQ2MiQzNjEwMDIjNzEjJDEjJDgjJDgz,강샘신경과의원,31,의원,260000,울산,260001,울산남구,삼산동,44705,"울산광역시 남구 삼산중로74번길 6, 4층 (삼산동)",052-953-2000,,2025-06-19,1,0,0,0,1,0,0,0,0,0,0,0,0,0,129.3363058,35.5401422
JDQ4MTYyMiM4MSMkMiMkNCMkMDAkNDgxOTYxIzIxIyQxIyQxIyQ5MiQyNjEwMDIjNDEjJDEjJDgjJDgz,강서정형외과의원,31,의원,260000,울산,260003,울산중구,다운동,44407,"울산광역시 중구 북부순환도로 107, (다운동)",052-249-1501,,2020-12-17,2,0,0,0,2,0,0,0,0,0,0,0,0,0,129.2748341,35.5554402
JDQ4MTYyMiM4MSMkMiMkNCMkMDAkNDgxOTYxIzExIyQxIyQ3IyQxMyQ0NjE0ODEjNjEjJDEjJDgjJDgz,강선영산부인과의원,31,의원,260000,울산,260100,울산울주군,범서읍,44933,"울산광역시 울주군 범서읍 굴화2길 2, 3층",052-225-5004,,2020-02-03,1,0,0,0,1,0,0,0,0,0,0,0,0,0,129.2620821,35.556167
JDQ4MTYyMiM4MSMkMiMkNCMkMDAkNDgxOTYxIzMxIyQxIyQ3IyQ4MiQyNjE4MzIjNjEjJDEjJDQjJDgz,강성민내과의원,31,의원,260000,울산,260001,울산남구,야음동,44750,"울산광역시 남구 수암로 138, 12층 (야음동)",052-257-2358,,2025-09-19,1,0,0,0,1,0,0,0,0,0,0,0,0,0,129.3219771,35.5270563
JDQ4MTYyMiM4MSMkMSMkNCMkNzIkMzgxOTYxIzExIyQxIyQzIyQ4MiQzNjE0ODEjNTEjJDEjJDIjJDgz,강앤이치과의원,51,치과의원,260000,울산,260001,울산남구,옥동,44664,"울산광역시 남구 문수로 390, 2층 (옥동)",052-276-7533,,2000-05-24,1,0,0,0,0,0,0,0,1,0,0,0,0,0,129.2960487,35.5338508
JDQ4MTYyMiM4MSMkMiMkNCMkMDAkMzgxMzUxIzUxIyQxIyQ1IyQ5OSQ0NjE0ODEjODEjJDEjJDYjJDgz,강앤진안과의원,31,의원,260000,울산,260002,울산동구,전하동,44042,"울산광역시 동구 방어진순환도로 783, (전하동)",052-232-8789,,1987-03-13,3,0,0,0,3,0,0,0,0,0,0,0,0,0,129.4303946,35.5115681
JDQ4MTYyMiM4MSMkMiMkNCMkMDAkNDgxMzUxIzMxIyQxIyQ3IyQ5OSQyNjE4MzIjNDEjJDEjJDgjJDgz,강정형외과의원,31,의원,260000,울산,260002,울산동구,전하동,44034,"울산광역시 동구 방어진순환도로 799, (전하동)",052-235-4900,,2004-10-12,1,0,0,0,1,0,0,0,0,0,0,0,0,0,129.4307958,35.5131921
JDQ4MTYyMiM4MSMkMiMkNCMkMDAkMzgxNzAyIzQxIyQxIyQ3IyQxMyQzNjEyMjIjNzEjJDEjJDgjJDgz,개구쟁이소아청소년과의원,31,의원,260000,울산,260004,울산북구,천곡동,44205,"울산광역시 북구 달천로 9, 2층 202호 (천곡동)",052-294-7504,,2007-03-05,1,0,0,0,1,0,0,0,0,0,0,0,0,0,129.3343358,35.6332344
JDQ4MTYyMiM4MSMkMSMkNCMkMTMkNDgxMzUxIzMxIyQxIyQ3IyQxMyQzNjEwMDIjNjEjJDEjJDQjJDgz,건강백세한의원,93,한의원,260000,울산,260004,울산북구,연암동,44242,"울산광역시 북구 화봉로 74, 1층 102호 (연암동)",052-289-4878,,2013-04-08,1,0,0,0,0,0,0,0,0,1,0,0,0,0,129.3671081,35.5879265
JDQ4MTYyMiM4MSMkMiMkNCMkMDAkMzgxOTYxIzIxIyQxIyQ1IyQ3MiQyNjEyMjIjODEjJDEjJDYjJDgz,건강한내과의원,31,의원,260000,울산,260001,울산남구,무거동,44611,"울산광역시 남구 대학로 136, 4층 (무거동)",052-247-6813,,1991-08-06,2,0,0,0,2,0,0,0,0,0,0,0,0,0,129.2620076,35.5465859
JDQ4MTYyMiM4MSMkMSMkNCMkOTkkMzgxMzUxIzMxIyQxIyQzIyQxMyQyNjEyMjIjNDEjJDEjJDgjJDgz,건강한윌병원,21,병원,260000,울산,260001,울산남구,신정동,44679,"울산광역시 남구 중앙로 282, 5~11층 (신정동)",1833-2922,,2021-11-01,6,0,0,0,5,0,0,0,0,0,0,0,1,0,129.3101817,35.5458733
JDQ4MTYyMiM4MSMkMSMkNCMkNzIkMzgxMTkxIzExIyQxIyQzIyQ5MiQyNjE4MzIjNzEjJDEjJDgjJDgz,건강한치과의원,51,치과의원,260000,울산,260001,울산남구,신정동,44664,"울산광역시 남구 문수로 406, 농협중앙회울주군지부 3층 (신정동)",052-267-2275,,2025-02-14,1,0,0,0,0,0,0,0,1,0,0,0,0,0,129.2976755,35.5335398
JDQ4MTYyMiM4MSMkMSMkNCMkNzIkMzgxOTYxIzIxIyQxIyQxIyQwMyQzNjE0ODEjNDEjJDEjJDQjJDgz,건민치과의원,51,치과의원,260000,울산,260001,울산남구,달동,44722,"울산광역시 남구 신정로 31, 2층 (달동)",052-227-6990,,2006-07-06,1,0,0,0,0,1,0,0,0,0,0,0,0,0,129.3221759,35.5346353
JDQ4MTYyMiM4MSMkMSMkNCMkOTIkMzgxNzAyIzExIyQxIyQzIyQ3OSQ0NjEwMDIjNDEjJDEjJDQjJDgz,검단보건진료소,73,보건진료소,260000,울산,260100,울산울주군,웅촌면,44965,"울산광역시 울주군 웅촌면 은현작동로 53, (검단보건진료소)",052-260-2827,,1997-07-15,0,0,0,0,0,0,0,0,0,0,0,0,0,0,129.1768602,35.4574402
JDQ4MTYyMiM4MSMkMSMkNCMkMTMkMzgxNzAyIzIxIyQxIyQxIyQ3MiQyNjEwMDIjNTEjJDEjJDIjJDgz,경동한의원,93,한의원,260000,울산,260003,울산중구,옥교동,44530,"울산광역시 중구 중앙길 187, (옥교동)",052-245-6661,,1989-01-14,1,0,0,0,0,0,0,0,0,1,0,0,0,0,129.3235486,35.5570618
JDQ4MTYyMiM4MSMkMiMkNCMkMDAkMzgxMzUxIzMxIyQyIyQ3IyQwMCQyNjEwMDIjNDEjJDEjJDQjJDgz,경상비뇨기과의원,31,의원,260000,울산,260003,울산중구,성남동,44532,"울산광역시 중구 학성로 92, (성남동)",052-245-5488,,1983-03-07,1,0,0,0,1,0,0,0,0,0,0,0,0,0,129.3210833,35.5550991
JDQ4MTYyMiM4MSMkMSMkNCMkMTMkNDgxOTYxIzExIyQxIyQ3IyQxMyQ0NjEwMDIjNDEjJDEjJDgjJDgz,경우한의원,93,한의원,260000,울산,260003,울산중구,우정동,44534,"울산광역시 중구 강북로 11, 1층 (우정동)",052-212-0783,,2025-02-02,1,0,0,0,0,0,0,0,0,0,0,0,1,0,129.3102296,35.5532455
JDQ4MTYyMiM4MSMkMSMkNCMkMTMkMzgxNzAyIzExIyQxIyQ3IyQ4MiQyNjE0ODEjNjEjJDEjJDQjJDgz,경주한의원,93,한의원,260000,울산,260001,울산남구,야음동,44761,"울산광역시 남구 수암로 235-1, (야음동)",052-275-5872,,1986-12-05,1,0,0,0,0,0,0,0,0,1,0,0,0,0,129.3318687,35.5244641
JDQ4MTYyMiM4MSMkMSMkNCMkMTMkNDgxMzUxIzExIyQxIyQ3IyQwMyQ0NjEwMDIjODEjJDEjJDYjJDgz,경희 용 한의원,93,한의원,260000,울산,260002,울산동구,서부동,44025,"울산광역시 동구 방어진순환도로 985, 2동 3층 (서부동, 현대패밀리상가)",052-235-9979,,2004-04-28,1,0,0,0,0,0,0,0,0,1,0,0,0,0,129.4328014,35.5292386
JDQ4MTYyMiM4MSMkMSMkNCMkMTMkNDgxOTYxIzExIyQxIyQ3IyQwMyQzNjE0ODEjNTEjJDEjJDYjJDgz,경희사랑한의원,93,한의원,260000,울산,260001,울산남구,달동,44726,"울산광역시 남구 번영로 113, 2층 (달동)",052-905-7588,,2024-07-02,1,0,0,0,0,0,0,0,0,0,0,0,1,0,129.3284407,35.535422
JDQ4MTYyMiM4MSMkMSMkNCMkMTMkNDgxOTYxIzExIyQxIyQzIyQ2MiQzNjEwMDIjNjEjJDEjJDgjJDgz,경희솔한의원,93,한의원,260000,울산,260100,울산울주군,온산읍,45006,"울산광역시 울주군 온산읍 덕남로 13, 1층",052-238-1075,,2025-08-13,1,0,0,0,0,0,0,0,0,1,0,0,0,0,129.3115103,35.4330425
JDQ4MTYyMiM4MSMkMSMkNCMkMTMkNDgxMzUxIzExIyQxIyQ3IyQxMyQ0NjEwMDIjNjEjJDEjJDgjJDgz,경희수한의원,93,한의원,260000,울산,260001,울산남구,옥동,44645,"울산광역시 남구 문수로 333-1, 2층 (옥동)",052-260-5060,,2006-04-11,1,0,0,0,0,0,0,0,0,1,0,0,0,0,129.2901003,35.5354051
JDQ4MTYyMiM4MSMkMSMkNCMkMTMkNDgxMzUxIzMxIyQxIyQzIyQ4MiQyNjE4MzIjNDEjJDEjJDgjJDgz,경희이항한의원,93,한의원,260000,울산,260002,울산동구,전하동,44039,"울산광역시 동구 전하로 28, 4층 (전하동)",052-252-8075,,2011-05-04,1,0,0,0,0,0,0,0,0,1,0,0,0,0,129.4276481,35.5126534
JDQ4MTYyMiM4MSMkMSMkNCMkNzIkMzgxMTkxIzExIyQxIyQzIyQxMyQzNjE0ODEjNDEjJDEjJDQjJDgz,경희자연치과의원,51,치과의원,260000,울산,260001,울산남구,삼산동,44719,"울산광역시 남구 삼산로 272, 8층 (삼산동)",052-707-2882,,2017-12-27,1,0,0,0,0,0,0,0,1,0,0,0,0,0,129.3368838,35.5388969
JDQ4MTYyMiM4MSMkMSMkNCMkMTMkNDgxMzUxIzIxIyQxIyQ5IyQwMyQzNjE0ODEjNzEjJDEjJDgjJDgz,경희자연한의원,93,한의원,260000,울산,260004,울산북구,호계동,44227,"울산광역시 북구 호계로 288-1, 1,2층 (호계동)",052-282-7585,,2010-02-25,1,0,0,0,0,0,0,0,0,0,0,0,1,0,129.3512487,35.6289389
JDQ4MTYyMiM4MSMkMSMkNCMkMTMkNDgxOTYxIzExIyQyIyQ3IyQwMCQzNjEyMjIjNTEjJDEjJDYjJDgz,경희차율한의원,93,한의원,260000,울산,260001,울산남구,달동,44693,"울산광역시 남구 삼산로 117, 4층 (달동)",052-256-5955,,2022-08-23,1,0,0,0,0,0,0,0,0,1,0,0,0,0,129.3203181,35.5358438
JDQ4MTYyMiM4MSMkMSMkNCMkMTMkMzgxNzAyIzIxIyQxIyQxIyQ4MiQyNjEyMjIjODEjJDEjJDIjJDgz,경희한의원,93,한의원,260000,울산,260004,울산북구,정자동,44233,"울산광역시 북구 무룡로 1123, (정자동)",052-298-5559,,2001-09-06,1,0,0,0,0,0,0,0,0,1,0,0,0,0,129.4476037,35.6150247
JDQ4MTYyMiM4MSMkMSMkNCMkMTMkMzgxNzAyIzIxIyQyIyQ1IyQwMCQyNjEwMDIjNjEjJDEjJDAjJDgz,경희한의원,93,한의원,260000,울산,260001,울산남구,달동,44722,"울산광역시 남구 신정로 33, (달동)",052-261-0939,,1992-09-02,1,0,0,0,0,0,0,0,0,1,0,0,0,0,129.3220955,35.5347951
JDQ4MTYyMiM4MSMkMSMkNCMkMTMkMzgxNzAyIzUxIyQyIyQ1IyQwMCQ0NjE0ODEjNDEjJDEjJDQjJDgz,경희한의원,93,한의원,260000,울산,260002,울산동구,동부동,44006,"울산광역시 동구 동해안로 39, (동부동)",052-234-5955,,2013-08-01,1,0,0,0,0,0,0,0,0,1,0,0,0,0,129.4276753,35.5423646
JDQ4MTYyMiM4MSMkMSMkNCMkMTMkNDgxOTYxIzExIyQxIyQ3IyQ4OSQ0NjE0ODEjNjEjJDEjJDQjJDgz,경희힘찬한의원,93,한의원,260000,울산,260001,울산남구,신정동,44664,"울산광역시 남구 문수로 406, (신정동)",052-275-7771,,1990-02-02,1,0,0,0,0,0,0,0,0,1,0,0,0,0,129.2976755,35.5335398
JDQ4MTYyMiM4MSMkMSMkNCMkMTMkMzgxNzAyIzMxIyQxIyQ3IyQ3MiQyNjE4MzIjNjEjJDEjJDAjJDgz,고당한의원,93,한의원,260000,울산,260003,울산중구,태화동,44452,"울산광역시 중구 유곡로 15, 1층 (태화동)",052-245-0960,,1997-08-28,1,0,0,0,0,0,0,0,0,1,0,0,0,0,129.3077188,35.5562772
JDQ4MTYyMiM4MSMkMSMkNCMkMTMkNDgxOTYxIzExIyQxIyQzIyQ2MiQ0NjEwMDIjODEjJDEjJDYjJDgz,고든몸한의원,93,한의원,260000,울산,260001,울산남구,옥동,44648,"울산광역시 남구 문수로 377, 대공원센트럴하임더시티 2층 201,202호 (옥동)",052-227-7510,,2020-01-06,6,0,0,0,0,0,0,0,0,6,0,0,0,0,129.2947952,35.534705
JDQ4MTYyMiM4MSMkMiMkNCMkMDAkMzgxOTYxIzExIyQxIyQ3IyQ3OSQyNjE4MzIjODEjJDEjJDIjJDgz,고든정형외과의원,31,의원,260000,울산,260001,울산남구,달동,44726,"울산광역시 남구 번영로 115, 경남은행 달동지점 (달동)",052-258-3390,,1989-05-09,1,0,0,0,1,0,0,0,0,0,0,0,0,0,129.328333,35.5355887
JDQ4MTYyMiM4MSMkMSMkNCMkOTkkNTgxMzUxIzExIyQxIyQ3IyQ4OSQyNjE0ODEjNjEjJDEjJDAjJDgz,고려요양병원,28,요양병원,260000,울산,260100,울산울주군,온양읍,44973,"울산광역시 울주군 온양읍 온양로 3, (온양읍)",052-239-0669,http://www.krhospital.co.kr,2008-04-01,3,0,0,0,2,0,0,0,0,1,0,0,0,0,129.2746865,35.4160046
JDQ4MTYyMiM4MSMkMiMkNCMkMDAkMzgxOTYxIzMxIyQxIyQzIyQ5MiQzNjEwMDIjNDEjJDEjJDgjJDgz,고려의원,31,의원,260000,울산,260001,울산남구,무거동,44636,"울산광역시 남구 삼호로 79, (무거동)",052-247-5163,,1993-06-10,1,0,0,0,1,0,0,0,0,0,0,0,0,0,129.273177,35.5494567
JDQ4MTYyMiM4MSMkMSMkNCMkMTMkMzgxNzAyIzIxIyQyIyQxIyQwMCQyNjE0ODEjNDEjJDEjJDQjJDgz,고려일침한의원,93,한의원,260000,울산,260001,울산남구,무거동,44602,"울산광역시 남구 대학로147번길 62, 고려한의원 101호 (무거동)",052-256-1779,,2007-05-16,2,0,0,0,0,0,0,0,0,2,0,0,0,0,129.2589123,35.5524808
JDQ4MTYyMiM4MSMkMiMkNCMkMDAkMzgxMTkxIzUxIyQxIyQ1IyQ2MiQzNjE0ODEjNDEjJDEjJDgjJDgz,고옥산부인과의원,31,의원,260000,울산,260001,울산남구,삼산동,44705,"울산광역시 남구 삼산로 269, 7층 (삼산동, 탑텐크리닉)",052-257-0075,http://www.gook119.co.kr,2002-03-15,1,0,0,0,1,0,0,0,0,0,0,0,0,0,129.3365304,35.5394813
JDQ4MTYyMiM4MSMkMiMkNCMkMDAkMzgxOTYxIzMxIyQxIyQ3IyQ3OSQyNjEyMjIjNDEjJDEjJDgjJDgz,고운님여성의원,31,의원,260000,울산,260001,울산남구,신정동,44658,"울산광역시 남구 봉월로 5, 동진빌딩 (신정동)",052-269-4876,,2004-03-29,1,0,0,0,1,0,0,0,0,0,0,0,0,0,129.3069168,35.5330367
JDQ4MTYyMiM4MSMkMSMkNCMkNzIkMzgxOTYxIzIxIyQxIyQxIyQ3MiQzNjE0ODEjODEjJDEjJDIjJDgz,고운미소치과의원,51,치과의원,260000,울산,260002,울산동구,화정동,44074,"울산광역시 동구 대학길 40-1, (화정동)",052-251-7528,,2004-02-03,1,0,0,0,0,1,0,0,0,0,0,0,0,0,129.4202987,35.498389
JDQ4MTYyMiM4MSMkMiMkNCMkMDAkMzgxOTYxIzMxIyQxIyQzIyQ3MiQyNjEyMjIjNDEjJDEjJDgjJDgz,고운미의원,31,의원,260000,울산,260002,울산동구,화정동,44074,"울산광역시 동구 대학길 72, 3층 (화정동)",052-233-5959,,2002-12-27,1,1,0,0,0,0,0,0,0,0,0,0,0,0,129.4216397,35.4984334
JDQ4MTYyMiM4MSMkMiMkNCMkMDAkNDgxOTYxIzIxIyQxIyQxIyQ2MiQzNjEyMjIjNDEjJDEjJDQjJDgz,고운빔의원,31,의원,260000,울산,260004,울산북구,매곡동,44219,"울산광역시 북구 매곡로 115, 2층 (매곡동)",052-700-8889,,2020-09-22,3,1,0,0,2,0,0,0,0,0,0,0,0,0,129.355472,35.6426444
JDQ4MTYyMiM4MSMkMSMkNCMkNzIkMzgxOTYxIzExIyQxIyQ3IyQ2MiQyNjEyMjIjODEjJDEjJDIjJDgz,고운치과의원,51,치과의원,260000,울산,260004,울산북구,화봉동,44241,"울산광역시 북구 화봉로 75, 4층 (화봉동)",052-289-2820,,2012-06-18,1,0,0,0,0,1,0,0,0,0,0,0,0,0,129.3673296,35.5886182
JDQ4MTYyMiM4MSMkMiMkNCMkMDAkNDgxOTYxIzIxIyQxIyQ1IyQ2MiQ0NjEwMDIjNDEjJDEjJDgjJDgz,고운피부과의원,31,의원,260000,울산,260001,울산남구,삼산동,44719,"울산광역시 남구 삼산로 274, 9층 (삼산동, W-Center)",052-269-3100,,2007-08-02,2,0,0,0,2,0,0,0,0,0,0,0,0,0,129.3371409,35.5389443
JDQ4MTYyMiM4MSMkMSMkNCMkMTMkMzgxNzAyIzIxIyQxIyQxIyQwMyQzNjE4MzIjNTEjJDEjJDYjJDgz,고원도한의원,93,한의원,260000,울산,260004,울산북구,양정동,44260,"울산광역시 북구 염포로 601, 현대자동차문화회관 2층 (양정동)",052-275-3545,,1990-02-28,1,0,0,0,0,0,0,0,0,1,0,0,0,0,129.388252,35.5382049
JDQ4MTYyMiM4MSMkMiMkNCMkMDAkMzgxNzAyIzQxIyQxIyQ3IyQ2MiQzNjEyMjIjNDEjJDEjJDgjJDgz,골프효자손마취통증의학과의원,31,의원,260000,울산,260001,울산남구,신정동,44671,"울산광역시 남구 중앙로 243, (신정동)",052-258-8111,http://www.hjsclinic.com/,2004-11-10,1,0,0,0,1,0,0,0,0,0,0,0,0,0,129.3109152,35.5424011
JDQ4MTYyMiM4MSMkMiMkNCMkMDAkMzgxMTkxIzIxIyQxIyQxIyQ3MiQyNjE0ODEjNDEjJDEjJDgjJDgz,공업탑강남피부과의원,31,의원,260000,울산,260001,울산남구,신정동,44730,"울산광역시 남구 삼산로 8, 2층 (신정동)",052-260-5523,http://www.beautyes.co.kr,2005-11-01,1,0,0,0,1,0,0,0,0,0,0,0,0,0,129.3089153,35.5323583
JDQ4MTYyMiM4MSMkMSMkNCMkMTMkNDgxOTYxIzExIyQxIyQ3IyQ3OSQzNjEyMjIjNDEjJDEjJDgjJDgz,공진한의원,93,한의원,260000,울산,260001,울산남구,삼산동,44700,"울산광역시 남구 돋질로 273-1, 1~2층 (삼산동)",052-227-1075,,2021-08-24,1,0,0,0,0,0,0,0,0,1,0,0,0,0,129.3348137,35.5443509
JDQ4MTYyMiM4MSMkMSMkNCMkNzIkMzgxMzUxIzUxIyQxIyQ1IyQ2MiQyNjE0ODEjNzEjJDEjJDgjJDgz,곽명호치과의원,51,치과의원,260000,울산,260001,울산남구,신정동,44739,"울산광역시 남구 수암로 117, (신정동)",052-267-2804,,1990-11-14,1,0,0,0,0,1,0,0,0,0,0,0,0,0,129.3203003,35.5285131
JDQ4MTYyMiM4MSMkMiMkNCMkMDAkNDgxMzUxIzMxIyQxIyQ3IyQ4MiQyNjEyMjIjNDEjJDEjJDgjJDgz,곽안과의원,31,의원,260000,울산,260004,울산북구,연암동,44242,"울산광역시 북구 화봉로 58, 402호 (연암동, 신화프라자)",070-7765-0881,,2014-07-01,1,0,0,0,1,0,0,0,0,0,0,0,0,0,129.3653121,35.5878223
JDQ4MTYyMiM4MSMkMSMkNCMkNzIkMzgxMzUxIzMxIyQxIyQ3IyQ3MiQzNjEyMjIjNjEjJDEjJDAjJDgz,곽치과의원,51,치과의원,260000,울산,260004,울산북구,호계동,44227,"울산광역시 북구 호계로 298, (호계동)",052-298-9361,,1994-01-19,1,0,0,0,0,1,0,0,0,0,0,0,0,0,129.3513564,35.629782
JDQ4MTYyMiM4MSMkMSMkNCMkOTIkMzgxNzAyIzExIyQxIyQzIyQ5OSQyNjE0ODEjNDEjJDEjJDgjJDgz,구량보건진료소,73,보건진료소,260000,울산,260100,울산울주군,두서면,44913,"울산광역시 울주군 두서면 구량차리로 12, (구량보건진료소)",052-263-6005,,1997-07-15,0,0,0,0,0,0,0,0,0,0,0,0,0,0,129.1476909,35.6169119
JDQ4MTYyMiM4MSMkMiMkNCMkMDAkMzgxMzUxIzIxIyQxIyQ5IyQ4OSQyNjEwMDIjNTEjJDEjJDIjJDgz,구암의원,31,의원,260000,울산,260004,울산북구,염포동,44260,"울산광역시 북구 염포로 633, (염포동)",052-287-7246,,1982-09-28,1,0,0,0,1,0,0,0,0,0,0,0,0,0,129.3892718,35.5356876
JDQ4MTYyMiM4MSMkMiMkNCMkMDAkMzgxMTkxIzUxIyQxIyQ1IyQ5OSQ0NjEwMDIjODEjJDEjJDIjJDgz,구영365소아청소년과의원,31,의원,260000,울산,260100,울산울주군,범서읍,44924,"울산광역시 울주군 범서읍 구영로 86, 5층 501호 (지엠프라자)",248-3650,,2008-02-28,3,0,0,0,3,0,0,0,0,0,0,0,0,0,129.2410064,35.5748362
JDQ4MTYyMiM4MSMkMiMkNCMkMDAkNDgxMzUxIzExIyQxIyQzIyQ2MiQyNjEwMDIjNDEjJDEjJDgjJDgz,구영성모안과의원,31,의원,260000,울산,260100,울산울주군,범서읍,44924,"울산광역시 울주군 범서읍 구영로 86, 302호 (GM프라자)",052-246-8275,,2008-12-23,1,0,0,0,1,0,0,0,0,0,0,0,0,0,129.2410064,35.5748362
JDQ4MTYyMiM4MSMkMSMkNCMkNzIkMzgxMTkxIzExIyQxIyQ3IyQ4MiQzNjE0ODEjNjEjJDEjJDAjJDgz,구영연세뷰치과의원,51,치과의원,260000,울산,260100,울산울주군,범서읍,44923,"울산광역시 울주군 범서읍 구영로 104, 2층",052-212-2875,,2008-08-19,1,0,0,0,0,0,0,0,1,0,0,0,0,0,129.2416626,35.5732171
JDQ4MTYyMiM4MSMkMiMkNCMkMDAkNDgxOTYxIzIxIyQxIyQ1IyQ5OSQyNjE0ODEjNTEjJDEjJDIjJDgz,구영올바른마취통증의학과의원,31,의원,260000,울산,260100,울산울주군,범서읍,44923,"울산광역시 울주군 범서읍 구영로 104, 3층 303호",052-912-1119,,2021-08-13,1,0,0,0,1,0,0,0,0,0,0,0,0,0,129.2416626,35.5732171
JDQ4MTYyMiM4MSMkMSMkNCMkMTMkNDgxMzUxIzIxIyQxIyQxIyQwMyQzNjEwMDIjNTEjJDEjJDIjJDgz,구영해맑은 한의원,93,한의원,260000,울산,260100,울산울주군,범서읍,44922,"울산광역시 울주군 범서읍 대리2길 48, 2층",248-2075,,2007-04-18,1,0,0,0,0,0,0,0,0,0,0,0,1,0,129.2441156,35.5705736
JDQ4MTYyMiM4MSMkMSMkNCMkOTkkNTgxMzUxIzIxIyQxIyQ1IyQ5OSQzNjE0ODEjNzEjJDEjJDgjJDgz,구인의료재단법인 오복요양병원,28,요양병원,260000,울산,260001,울산남구,신정동,44667,"울산광역시 남구 두왕로 335, (신정동)",052-266-5400,,2016-06-14,2,0,0,0,1,0,0,0,0,1,0,0,0,0,129.3069606,35.5313559
JDQ4MTYyMiM4MSMkMSMkNCMkNzIkMzgxMzUxIzIxIyQyIyQ1IyQwMCQyNjEyMjIjODEjJDEjJDIjJDgz,구치과의원,51,치과의원,260000,울산,260002,울산동구,전하동,44034,"울산광역시 동구 전하로 2, 2층 (전하동)",052-232-3519,,1989-04-10,1,0,0,0,0,1,0,0,0,0,0,0,0,0,129.4305279,35.5123731
JDQ4MTYyMiM4MSMkMiMkNCMkMDAkMzgxMTkxIzQxIyQxIyQ3IyQ5OSQyNjE4MzIjNjEjJDEjJDgjJDgz,구호성내과의원,31,의원,260000,울산,260100,울산울주군,언양읍,44946,"울산광역시 울주군 언양읍 남문길 13, (언양읍)",052-262-8118,,2001-02-17,1,0,0,0,1,0,0,0,0,0,0,0,0,0,129.1221717,35.5643975
JDQ4MTYyMiM4MSMkMSMkNCMkOTkkNTgxMzUxIzExIyQxIyQ3IyQ3MiQzNjEyMjIjNTEjJDEjJDIjJDgz,국민요양병원,28,요양병원,260000,울산,260001,울산남구,,44735,"울산광역시 남구 번영로 15, (야음동)",052-226-0100,,2010-06-09,4,0,0,0,2,0,0,0,0,2,0,0,0,0,129.3298359,35.5270726
JDQ4MTYyMiM4MSMkMiMkNCMkMDAkMzgxNzAyIzQxIyQxIyQ3IyQ4OSQ0NjEwMDIjNTEjJDEjJDYjJDgz,굿닥터연합의원,31,의원,260000,울산,260004,울산북구,화봉동,44236,"울산광역시 북구 화산6길 8, S 타워 2층 (화봉동)",261-7553,http://www.usskin.co.kr/new2012/index.html?,2019-08-20,1,0,0,0,1,0,0,0,0,0,0,0,0,0,129.3668511,35.5969505
JDQ4MTYyMiM4MSMkMiMkNCMkMDAkMzgxNzAyIzIxIyQxIyQ1IyQ5OSQyNjEyMjIjODEjJDEjJDIjJDgz,굿마인드의원,31,의원,260000,울산,260001,울산남구,달동,44691,"울산광역시 남구 중앙로 164, 2, 4층 (달동)",052-269-0167,http://www.goodmindclinic.com/,2004-04-01,1,0,0,0,1,0,0,0,0,0,0,0,0,0,129.3141,35.5357221
JDQ4MTYyMiM4MSMkMSMkNCMkNzIkMzgxOTYxIzExIyQyIyQ3IyQwMCQzNjE0ODEjNzEjJDEjJDgjJDgz,굿모닝문수치과의원,51,치과의원,260000,울산,260001,울산남구,무거동,44602,"울산광역시 남구 대학로 159, 2층 (무거동)",052-222-2875,,2001-10-22,1,0,0,0,0,1,0,0,0,0,0,0,0,0,129.2625511,35.5488814
JDQ4MTYyMiM4MSMkMSMkNCMkNzIkMzgxOTYxIzMxIyQxIyQzIyQ3OSQyNjEyMjIjNjEjJDEjJDAjJDgz,굿모닝미치과의원,51,치과의원,260000,울산,260001,울산남구,달동,44722,"울산광역시 남구 삼산로 110, 4층 (달동, 굿모닝병원)",052-275-7529,,2006-09-18,1,0,0,0,0,1,0,0,0,0,0,0,0,0,129.3197505,35.5349213
JDQ4MTYyMiM4MSMkMSMkNCMkOTkkMzgxMzUxIzIxIyQxIyQxIyQ3OSQzNjE0ODEjNTEjJDEjJDIjJDgz,굿모닝병원,21,병원,260000,울산,260001,울산남구,달동,44722,"울산광역시 남구 삼산로 110, (달동)",052-259-9000,,2001-09-18,19,1,0,0,18,0,0,0,0,0,0,0,0,0,129.3197505,35.5349213
JDQ4MTYyMiM4MSMkMiMkNCMkMDAkNDgxOTYxIzMxIyQyIyQzIyQwMCQyNjE0ODEjNTEjJDEjJDIjJDgz,굿모닝빛안과의원,31,의원,260000,울산,260001,울산남구,삼산동,44719,"울산광역시 남구 삼산로 266, 굿모닝클리닉 2~3층 (삼산동)",052-707-2500,,2024-04-08,2,0,0,0,2,0,0,0,0,0,0,0,0,0,129.3362911,35.5387849
JDQ4MTYyMiM4MSMkMSMkNCMkMTMkMzgxNzAyIzIxIyQxIyQ1IyQ4MiQ0NjEwMDIjNDEjJDEjJDgjJDgz,굿모닝생생한의원,93,한의원,260000,울산,260001,울산남구,야음동,44736,"울산광역시 남구 수암로149번길 9, 101동 102호 (야음동, 대하미르빌주상복합아파트)",052-269-1212,http://ulsanhanbang.co.kr/,2018-07-31,1,0,0,0,0,0,0,0,0,1,0,0,0,0,129.322443,35.527582
JDQ4MTYyMiM4MSMkMiMkNCMkMDAkNDgxMzUxIzUxIyQyIyQ1IyQwMCQzNjE4MzIjNDEjJDEjJDQjJDgz,굿모닝안과의원,31,의원,260000,울산,260001,울산남구,달동,44718,"울산광역시 남구 삼산로 254, 5,6층 (달동)",052-261-5909,,1992-02-10,1,0,0,0,1,0,0,0,0,0,0,0,0,0,129.335013,35.5385217
JDQ4MTYyMiM4MSMkMiMkNCMkMDAkMzgxMTkxIzUxIyQyIyQ1IyQwMCQzNjE0ODEjNjEjJDEjJDAjJDgz,굿모닝이비인후과의원,31,의원,260000,울산,260001,울산남구,삼산동,44715,"울산광역시 남구 남중로 37, 5,6,7층 (삼산동)",052-256-7000,,2002-03-06,2,0,0,0,2,0,0,0,0,0,0,0,0,0,129.3471946,35.5377216
JDQ4MTYyMiM4MSMkMiMkNCMkMDAkMzgxNzAyIzMxIyQyIyQzIyQwMCQyNjEyMjIjODEjJDEjJDIjJDgz,굿모닝이비인후과의원,31,의원,260000,울산,260100,울산울주군,언양읍,44946,"울산광역시 울주군 언양읍 반구대로 815, 3층",052-263-9525,,2005-05-06,1,0,0,0,1,0,0,0,0,0,0,0,0,0,129.1267458,35.5629411
JDQ4MTYyMiM4MSMkMiMkNCMkMDAkNDgxMzUxIzMxIyQxIyQ3IyQ4OSQyNjEyMjIjNjEjJDEjJDQjJDgz,굿모닝이비인후과의원,31,의원,260000,울산,260004,울산북구,화봉동,44241,"울산광역시 북구 화봉로 67, 4층 (화봉동)",052-287-4287,,2014-01-22,1,0,0,0,1,0,0,0,0,0,0,0,0,0,129.366249,35.588621
JDQ4MTYyMiM4MSMkMSMkNCMkNzIkMzgxOTYxIzIxIyQxIyQ5IyQ3OSQyNjEyMjIjODEjJDEjJDIjJDgz,굿모닝치과의원,51,치과의원,260000,울산,260002,울산동구,전하동,44043,"울산광역시 동구 진성14길 128, (전하동)",052-236-4875,,2010-07-29,1,0,0,0,0,1,0,0,0,0,0,0,0,0,129.4263185,35.511484
JDQ4MTYyMiM4MSMkMSMkNCMkMTMkMzgxNzAyIzIxIyQxIyQ1IyQ5MiQ0NjEwMDIjODEjJDEjJDYjJDgz,굿모닝한의원,93,한의원,260000,울산,260001,울산남구,야음동,44750,"울산광역시 남구 수암로 130, 201호 (야음동, 메디어스빌딩)",052-256-1010,,2004-05-31,1,0,0,0,0,0,0,0,0,1,0,0,0,0,129.3212953,35.5274194
JDQ4MTYyMiM4MSMkMSMkNCMkNzIkMzgxMzUxIzMxIyQxIyQ3IyQ5MiQzNjE4MzIjNzEjJDEjJDgjJDgz,굿타임치과의원,51,치과의원,260000,울산,260001,울산남구,옥동,44646,"울산광역시 남구 문수로 339, 4층 (옥동, 정암빌딩)",052-260-2928,,2006-11-06,1,0,0,0,0,1,0,0,0,0,0,0,0,0,129.2906764,35.5354376
JDQ4MTYyMiM4MSMkMSMkNCMkMTMkNDgxMzUxIzIxIyQxIyQ5IyQ5OSQyNjE0ODEjNDEjJDEjJDgjJDgz,궁한의원,93,한의원,260000,울산,260001,울산남구,달동,44718,"울산광역시 남구 삼산로 258, 3층 (달동)",052-227-9121,,2009-03-13,3,0,0,0,0,0,0,0,0,3,0,0,0,0,129.3352197,35.5385026
JDQ4MTYyMiM4MSMkMiMkNCMkMDAkMzgxMTkxIzUxIyQxIyQ1IyQ3OSQzNjE4MzIjNzEjJDEjJDgjJDgz,권성운내과의원,31,의원,260000,울산,260001,울산남구,옥동,44645,"울산광역시 남구 문수로 331, 3층 (옥동)",052-256-1717,,2002-01-05,1,0,0,0,1,0,0,0,0,0,0,0,0,0,129.2898184,35.5354385
JDQ4MTYyMiM4MSMkMiMkNCMkMDAkMzgxOTYxIzIxIyQxIyQ5IyQ5MiQzNjE0ODEjNjEjJDEjJDgjJDgz,권이비인후과의원,31,의원,260000,울산,260003,울산중구,남외동,44495,"울산광역시 중구 번영로 580, 402호 (남외동, sky M빌딩)",052-298-7575,,1992-07-09,1,0,0,0,1,0,0,0,0,0,0,0,0,0,129.3453715,35.5685691
JDQ4MTYyMiM4MSMkMiMkNCMkMDAkMzgxMTkxIzUxIyQxIyQ1IyQ5MiQzNjE0ODEjNTEjJDEjJDYjJDgz,권학수정신건강의학과의원,31,의원,260000,울산,260001,울산남구,달동,44707,"울산광역시 남구 삼산중로 67, 4층 (달동, 송호빌딩)",052-256-0875,,2002-04-16,1,0,0,0,1,0,0,0,0,0,0,0,0,0,129.3350949,35.5395426
JDQ4MTYyMiM4MSMkMiMkNCMkMDAkNDgxMzUxIzMxIyQyIyQ3IyQwMCQzNjEwMDIjNjEjJDEjJDAjJDgz,그린메디의원,31,의원,260000,울산,260002,울산동구,방어동,44098,"울산광역시 동구 화문로 75, 2층 (방어동)",052-236-1020,,2014-04-01,1,0,0,0,1,0,0,0,0,0,0,0,0,0,129.4169186,35.4826455
JDQ4MTYyMiM4MSMkMSMkNCMkNzIkMzgxOTYxIzExIyQxIyQzIyQ4MiQ0NjE0ODEjNjEjJDEjJDQjJDgz,그린플란트치과의원,51,치과의원,260000,울산,260004,울산북구,신천동,44221,"울산광역시 북구 호계로 345, 한주빌딩 3층 (신천동)",052-286-0757,,2003-02-27,1,0,0,0,0,1,0,0,0,0,0,0,0,0,129.3488599,35.6335266
JDQ4MTYyMiM4MSMkMSMkNCMkMTMkMzgxNzAyIzIxIyQxIyQ5IyQ4OSQyNjEyMjIjNjEjJDEjJDAjJDgz,금강한의원,93,한의원,260000,울산,260002,울산동구,방어동,44108,"울산광역시 동구 꽃바위로 256, (방어동)",052-201-1005,,1989-03-14,1,0,0,0,0,0,0,0,0,1,0,0,0,0,129.4174733,35.4826079
JDQ4MTYyMiM4MSMkMSMkNCMkNzIkMzgxOTYxIzMxIyQxIyQ3IyQ3MiQyNjE0ODEjNDEjJDEjJDgjJDgz,금세치과의원,51,치과의원,260000,울산,260004,울산북구,천곡동,44205,"울산광역시 북구 가재길 82, (천곡동, 리더스빌딩)",052-285-2835,,2010-11-15,1,0,0,0,0,1,0,0,0,0,0,0,0,0,129.3326281,35.6335074
JDQ4MTYyMiM4MSMkMSMkNCMkMTMkMzgxNzAyIzQxIyQxIyQ3IyQwMyQ0NjEwMDIjNDEjJDEjJDgjJDgz,기맥한의원,93,한의원,260000,울산,260003,울산중구,반구동,44509,"울산광역시 중구 화합로 428, (반구동)",052-281-2501,,2008-06-11,1,0,0,0,0,0,0,0,0,1,0,0,0,0,129.3370639,35.5633387
JDQ4MTYyMiM4MSMkMiMkNCMkMDAkNDgxOTYxIzExIyQxIyQ3IyQ4MiQyNjE4MzIjNTEjJDEjJDYjJDgz,길맨의원,31,의원,260000,울산,260001,울산남구,삼산동,44705,"울산광역시 남구 삼산로 283, 8층 (삼산동, 소망빌딩)",052-261-0807,,2013-08-30,1,0,0,0,1,0,0,0,0,0,0,0,0,0,129.3378965,35.5397338
JDQ4MTYyMiM4MSMkMiMkNCMkMDAkNDgxMzUxIzExIyQxIyQzIyQ4MiQzNjEwMDIjODEjJDEjJDIjJDgz,김경원산부인과의원,31,의원,260000,울산,260004,울산북구,신천동,44224,"울산광역시 북구 호계로 332-1, 2층 (신천동, 현대하이플러스상가)",052-296-5600,,2009-03-03,1,0,0,0,1,0,0,0,0,0,0,0,0,0,129.3499375,35.6328987
JDQ4MTYyMiM4MSMkMiMkNCMkMDAkMzgxNzAyIzIxIyQyIyQxIyQwMCQzNjEyMjIjNDEjJDEjJDgjJDgz,김광국내과의원,31,의원,260000,울산,260002,울산동구,방어동,44096,"울산광역시 동구 방어진순환도로 482, (방어동)",052-235-3355,,2003-08-06,1,0,0,0,1,0,0,0,0,0,0,0,0,0,129.420191,35.487171
JDQ4MTYyMiM4MSMkMiMkNCMkMDAkNDgxOTYxIzExIyQxIyQ3IyQ5OSQ0NjE0ODEjNjEjJDEjJDQjJDgz,김남용내과의원,31,의원,260000,울산,260003,울산중구,학산동,44520,"울산광역시 중구 학성로 150, 2층 (학산동)",052-998-7500,,2019-03-12,1,0,0,0,1,0,0,0,0,0,0,0,0,0,129.3273721,35.5561735
JDQ4MTYyMiM4MSMkMiMkNCMkMDAkNDgxMzUxIzIxIyQxIyQ5IyQwMyQzNjEwMDIjODEjJDEjJDIjJDgz,김대연정형외과의원,31,의원,260000,울산,260003,울산중구,태화동,44452,"울산광역시 중구 명륜로 41, 5층 (태화동, 부익빌딩)",052-211-7550,,2012-09-19,1,0,0,0,1,0,0,0,0,0,0,0,0,0,129.309225,35.5560188
JDQ4MTYyMiM4MSMkMiMkNCMkMDAkNDgxMzUxIzExIyQxIyQ3IyQ2MiQzNjEyMjIjODEjJDEjJDIjJDgz,김도하내과의원,31,의원,260000,울산,260001,울산남구,삼산동,44705,"울산광역시 남구 삼산로 273, 삼산타워 1102호 (삼산동)",052-275-7555,,2009-10-20,1,0,0,0,1,0,0,0,0,0,0,0,0,0,129.3367805,35.5395317
JDQ4MTYyMiM4MSMkMiMkNCMkMDAkMzgxMTkxIzUxIyQxIyQ1IyQ3MiQyNjEyMjIjNTEjJDEjJDIjJDgz,김동욱내과의원,31,의원,260000,울산,260001,울산남구,삼산동,44705,"울산광역시 남구 삼산로 269, 8층 (삼산동)",052-227-0275,,2002-03-16,1,0,0,0,1,0,0,0,0,0,0,0,0,0,129.3365304,35.5394813
JDQ4MTYyMiM4MSMkMSMkNCMkMTMkMzgxNzAyIzIxIyQxIyQ1IyQxMyQyNjEwMDIjODEjJDEjJDIjJDgz,김동욱한의원,93,한의원,260000,울산,260001,울산남구,신정동,44688,"울산광역시 남구 돋질로 137, (신정동)",052-261-1112,,2003-09-18,1,0,0,0,0,0,0,0,0,1,0,0,0,0,129.3204474,35.5403973
JDQ4MTYyMiM4MSMkMSMkNCMkNzIkMzgxMzUxIzQxIyQxIyQ3IyQ2MiQzNjEyMjIjNTEjJDEjJDYjJDgz,김병재치과의원,51,치과의원,260000,울산,260001,울산남구,신정동,44739,"울산광역시 남구 수암로 115, (신정동)",052-269-7805,,1995-04-28,1,0,0,0,0,1,0,0,0,0,0,0,0,0,129.3200898,35.5286368
JDQ4MTYyMiM4MSMkMSMkNCMkNzIkMzgxMzUxIzQxIyQxIyQ3IyQ4MiQzNjEwMDIjNDEjJDEjJDQjJDgz,김병철치과의원,51,치과의원,260000,울산,260001,울산남구,신정동,44749,"울산광역시 남구 수암로 118-3, (신정동)",052-272-9348,,1995-05-16,1,0,0,0,0,1,0,0,0,0,0,0,0,0,129.3199449,35.5280615
JDQ4MTYyMiM4MSMkMiMkNCMkMDAkMzgxMTkxIzQxIyQyIyQ3IyQwMCQzNjE0ODEjNDEjJDEjJDgjJDgz,김복근내과의원,31,의원,260000,울산,260001,울산남구,달동,44722,"울산광역시 남구 신정로 39, 2층 (달동)",052-267-0975,,2001-03-03,2,0,0,0,2,0,0,0,0,0,0,0,0,0,129.3218584,35.5353877
JDQ4MTYyMiM4MSMkMiMkNCMkMDAkNDgxOTYxIzExIyQxIyQ3IyQxMyQyNjEyMjIjNzEjJDEjJDgjJDgz,김선권한의원의원,31,의원,260000,울산,260100,울산울주군,언양읍,44946,"울산광역시 울주군 언양읍 헌양길 37, (언양읍)",052-254-9990,,2006-04-14,1,1,0,0,0,0,0,0,0,0,0,0,0,0,129.1251672,35.5647637
JDQ4MTYyMiM4MSMkMSMkNCMkMTMkNDgxOTYxIzExIyQxIyQzIyQ2MiQ0NjE0ODEjNDEjJDEjJDgjJDgz,김선권한의원의원,93,한의원,260000,울산,260100,울산울주군,언양읍,44946,"울산광역시 울주군 언양읍 헌양길 37, (언양읍)",052-254-9990,,2006-04-14,1,0,0,0,0,0,0,0,0,1,0,0,0,0,129.1251672,35.5647637
JDQ4MTYyMiM4MSMkMiMkNCMkMDAkMzgxNzAyIzUxIyQxIyQ1IyQ4MiQyNjEwMDIjNzEjJDEjJDgjJDgz,김성준내과의원,31,의원,260000,울산,260100,울산울주군,범서읍,44924,"울산광역시 울주군 범서읍 구영로 100, 4층 401,402호 (구영프라자)",052-248-0078,,2008-04-04,1,0,0,0,1,0,0,0,0,0,0,0,0,0,129.2413892,35.5736369
JDQ4MTYyMiM4MSMkMSMkNCMkMTMkNDgxMzUxIzUxIyQxIyQ1IyQxMyQyNjEyMjIjNDEjJDEjJDQjJDgz,김세준한의원,93,한의원,260000,울산,260003,울산중구,반구동,44503,"울산광역시 중구 내황12길 3, 1층 (반구동)",052-291-2052,,2018-06-08,1,0,0,0,0,0,0,0,0,1,0,0,0,0,129.3463407,35.5543757
JDQ4MTYyMiM4MSMkMiMkNCMkMDAkNDgxMzUxIzIxIyQxIyQ5IyQ3OSQ0NjEwMDIjNTEjJDEjJDIjJDgz,김수현내과의원,31,의원,260000,울산,260003,울산중구,남외동,44507,"울산광역시 중구 번영로 564, 5층 (남외동)",052-296-4200,,2012-02-14,1,0,0,0,1,0,0,0,0,0,0,0,0,0,129.3436912,35.5681802
JDQ4MTYyMiM4MSMkMiMkNCMkMDAkMzgxMTkxIzMxIyQxIyQzIyQxMyQzNjE4MzIjNzEjJDEjJDgjJDgz,김수현의원,31,의원,260000,울산,260003,울산중구,우정동,44461,"울산광역시 중구 명륜로 75, (우정동)",052-244-1775,,2000-04-20,1,0,0,0,1,0,0,0,0,0,0,0,0,0,129.3119058,35.5582382
JDQ4MTYyMiM4MSMkMiMkNCMkMDAkMzgxOTYxIzExIyQxIyQ3IyQ5OSQyNjE0ODEjODEjJDEjJDIjJDgz,김안과의원,31,의원,260000,울산,260001,울산남구,신정동,44730,"울산광역시 남구 삼산로 12, (신정동)",052-271-8272,,1989-05-04,1,0,0,0,1,0,0,0,0,0,0,0,0,0,129.3093176,35.5324319
JDQ4MTYyMiM4MSMkMiMkNCMkMDAkMzgxNzAyIzIxIyQxIyQxIyQxMyQyNjE4MzIjNDEjJDEjJDgjJDgz,김앤김의원,31,의원,260000,울산,260002,울산동구,일산동,44068,"울산광역시 동구 방어진순환도로 633, (일산동)",052-233-7582,http://www.ukims.co.kr/,2004-01-14,2,0,0,0,2,0,0,0,0,0,0,0,0,0,129.4277124,35.4983674
JDQ4MTYyMiM4MSMkMiMkNCMkMDAkMzgxOTYxIzUxIyQxIyQxIyQwMyQzNjE0ODEjODEjJDEjJDYjJDgz,김영근의원,31,의원,260000,울산,260004,울산북구,중산동,44216,"울산광역시 북구 이화5길 10, (중산동)",052-282-3770,,1996-06-01,1,1,0,0,0,0,0,0,0,0,0,0,0,0,129.3390807,35.6625167
JDQ4MTYyMiM4MSMkMSMkNCMkMTMkNDgxMzUxIzMxIyQxIyQzIyQ2MiQzNjEwMDIjNTEjJDEjJDIjJDgz,김영숙한의원,93,한의원,260000,울산,260003,울산중구,반구동,44515,"울산광역시 중구 염포로 17, 1층 (반구동)",052-289-5335,,2018-01-10,1,0,0,0,0,0,0,0,0,1,0,0,0,0,129.343406,35.5594516
JDQ4MTYyMiM4MSMkMiMkNCMkMDAkMzgxOTYxIzQxIyQxIyQ3IyQ4OSQzNjEwMDIjNDEjJDEjJDQjJDgz,김영애의원,31,의원,260000,울산,260003,울산중구,성안동,44425,"울산광역시 중구 함월6길 66, (성안동)",052-245-7257,,1998-08-25,1,1,0,0,0,0,0,0,0,0,0,0,0,0,129.3081561,35.5751346
JDQ4MTYyMiM4MSMkMiMkNCMkMDAkNDgxOTYxIzIxIyQxIyQ5IyQ4MiQyNjE4MzIjNTEjJDEjJDIjJDgz,김예진성장소아청소년과의원,31,의원,260000,울산,260001,울산남구,삼산동,44705,"울산광역시 남구 삼산로 287, 4층 (삼산동)",,,2023-05-01,1,0,0,0,1,0,0,0,0,0,0,0,0,0,129.3382613,35.5398053
JDQ4MTYyMiM4MSMkMiMkNCMkMDAkMzgxOTYxIzIxIyQyIyQ5IyQwMCQzNjE4MzIjNDEjJDEjJDgjJDgz,김용기내과의원,31,의원,260000,울산,260002,울산동구,전하동,44034,"울산광역시 동구 전하로 2, (전하동)",052-236-6139,,1992-04-09,1,0,0,0,1,0,0,0,0,0,0,0,0,0,129.4305279,35.5123731
JDQ4MTYyMiM4MSMkMiMkNCMkMDAkMzgxOTYxIzUxIyQxIyQ1IyQ3OSQzNjE4MzIjNDEjJDEjJDgjJDgz,김유홍내과의원,31,의원,260000,울산,260004,울산북구,화봉동,44241,"울산광역시 북구 화봉로 67, 2층 (화봉동)",052-288-9693,,1996-05-01,1,0,0,0,1,0,0,0,0,0,0,0,0,0,129.366249,35.588621
JDQ4MTYyMiM4MSMkMiMkNCMkMDAkNDgxMzUxIzIxIyQxIyQxIyQ3OSQyNjE0ODEjNjEjJDEjJDgjJDgz,김은규산부인과의원,31,의원,260000,울산,260001,울산남구,야음동,44750,"울산광역시 남구 수암로 134, 일중학원 302호 (야음동)",052-268-0003,,2010-03-08,1,0,0,0,1,0,0,0,0,0,0,0,0,0,129.3216992,35.5272745
JDQ4MTYyMiM4MSMkMiMkNCMkMDAkMzgxNzAyIzIxIyQxIyQxIyQwMyQyNjEwMDIjNzEjJDEjJDgjJDgz,김은정소아과의원,31,의원,260000,울산,260004,울산북구,명촌동,44255,"울산광역시 북구 명촌15길 10, 2층 201호 (명촌동, 평창리비에르3차상가)",052-288-5510,,2003-12-30,1,0,0,0,1,0,0,0,0,0,0,0,0,0,129.3536308,35.5536992
JDQ4MTYyMiM4MSMkMiMkNCMkMDAkNDgxMzUxIzIxIyQxIyQ1IyQxMyQyNjE0ODEjODEjJDEjJDIjJDgz,김재홍정신건강의학과의원,31,의원,260000,울산,260001,울산남구,삼산동,44719,"울산광역시 남구 삼산로 272, 201호 (삼산동, 프리던스빌딩)",052-227-8664,http://www.hongtalk.com,2011-12-01,1,0,0,0,1,0,0,0,0,0,0,0,0,0,129.3368838,35.5388969
JDQ4MTYyMiM4MSMkMSMkNCMkNzIkMzgxOTYxIzIxIyQxIyQ5IyQ4OSQzNjE0ODEjNDEjJDEjJDgjJDgz,김정수치과의원,51,치과의원,260000,울산,260001,울산남구,삼산동,44705,"울산광역시 남구 삼산중로100번길 20, 4층 (삼산동)",052-933-2875,,2018-07-24,1,0,0,0,0,1,0,0,0,0,0,0,0,0,129.3376246,35.5420875
JDQ4MTYyMiM4MSMkMSMkNCMkNzIkMzgxMzUxIzExIyQxIyQ3IyQ2MiQyNjEyMjIjNTEjJDEjJDIjJDgz,김정열치과의원,51,치과의원,260000,울산,260003,울산중구,성남동,44529,"울산광역시 중구 학성로 95, (성남동)",052-243-0481,,1983-05-04,1,0,0,0,0,1,0,0,0,0,0,0,0,0,129.3214307,35.5554008
JDQ4MTYyMiM4MSMkMiMkNCMkMDAkMzgxOTYxIzMxIyQxIyQ3IyQ5MiQ0NjE0ODEjNDEjJDEjJDgjJDgz,김정호소아과의원,31,의원,260000,울산,260001,울산남구,야음동,44749,"울산광역시 남구 수암로 122, (야음동)",052-272-1062,,1994-05-02,1,0,0,0,1,0,0,0,0,0,0,0,0,0,129.3204773,35.527898
JDQ4MTYyMiM4MSMkMiMkNCMkMDAkMzgxMTkxIzUxIyQxIyQ1IyQ3MiQyNjE0ODEjNjEjJDEjJDgjJDgz,김종옥이비인후과의원,31,의원,260000,울산,260001,울산남구,달동,44722,"울산광역시 남구 신정로 35, 3층 (달동, 선영빌딩)",052-260-0285,,2002-03-15,1,0,0,0,1,0,0,0,0,0,0,0,0,0,129.3220248,35.5349909
JDQ4MTYyMiM4MSMkMiMkNCMkMDAkMzgxOTYxIzIxIyQxIyQ5IyQwMyQzNjEyMjIjNDEjJDEjJDQjJDgz,김종진내과의원,31,의원,260000,울산,260003,울산중구,남외동,44493,"울산광역시 중구 번영로 577, (남외동)",052-296-2326,,1992-09-07,1,0,0,0,1,0,0,0,0,0,0,0,0,0,129.3449152,35.5692411
JDQ4MTYyMiM4MSMkMSMkNCMkNzIkMzgxMzUxIzQxIyQxIyQ3IyQ3MiQyNjE0ODEjNDEjJDEjJDgjJDgz,김종헌치과의원,51,치과의원,260000,울산,260003,울산중구,우정동,44461,"울산광역시 중구 명륜로 75, (우정동)",052-246-1561,,1995-05-03,1,0,0,0,0,1,0,0,0,0,0,0,0,0,129.3119058,35.5582382
JDQ4MTYyMiM4MSMkMSMkNCMkNzIkMzgxMzUxIzMxIyQxIyQzIyQ3MiQzNjEyMjIjODEjJDEjJDIjJDgz,김종환치과의원,51,치과의원,260000,울산,260001,울산남구,무거동,44611,"울산광역시 남구 대학로 134, 4층 (무거동)",052-247-3575,,1997-07-05,1,0,0,0,0,1,0,0,0,0,0,0,0,0,129.2618564,35.5463827
JDQ4MTYyMiM4MSMkMiMkNCMkMDAkNDgxMzUxIzQxIyQxIyQ3IyQ4MiQyNjEyMjIjODEjJDEjJDIjJDgz,김준형정신건강의학과의원,31,의원,260000,울산,260100,울산울주군,언양읍,44941,"울산광역시 울주군 언양읍 동문길 65, 65",052-254-7579,,2015-06-26,1,0,0,0,1,0,0,0,0,0,0,0,0,0,129.1250377,35.5654061
JDQ4MTYyMiM4MSMkMiMkNCMkMDAkMzgxMTkxIzQxIyQxIyQ3IyQ3OSQ0NjEwMDIjNDEjJDEjJDgjJDgz,김지선정신건강의학과의원,31,의원,260000,울산,260001,울산남구,달동,44707,"울산광역시 남구 삼산중로 65, 4층 (달동, 제일빌딩)",052-265-3456,,2001-02-12,1,0,0,0,1,0,0,0,0,0,0,0,0,0,129.3351135,35.5393185
JDQ4MTYyMiM4MSMkMiMkNCMkMDAkMzgxOTYxIzMxIyQxIyQzIyQ4OSQ0NjE0ODEjNDEjJDEjJDgjJDgz,김지수마취통증의학과의원,31,의원,260000,울산,260001,울산남구,신정동,44683,"울산광역시 남구 중앙로 254, 2층 (신정동, 상운빌딩)",052-266-3624,,1993-01-27,1,0,0,0,1,0,0,0,0,0,0,0,0,0,129.31104,35.5435015
JDQ4MTYyMiM4MSMkMiMkNCMkMDAkMzgxMTkxIzIxIyQxIyQ1IyQ2MiQyNjEyMjIjNzEjJDEjJDgjJDgz,김진내과의원,31,의원,260000,울산,260001,울산남구,야음동,44752,"울산광역시 남구 수암로 230, 3층 (야음동)",052-258-2443,,2000-04-07,1,0,0,0,1,0,0,0,0,0,0,0,0,0,129.3308903,35.5246861
JDQ4MTYyMiM4MSMkMiMkNCMkMDAkMzgxNzAyIzIxIyQxIyQ1IyQ3MiQzNjE4MzIjNDEjJDEjJDgjJDgz,김진우심당내과의원,31,의원,260000,울산,260001,울산남구,달동,44695,"울산광역시 남구 삼산로 167, 2층 (달동)",052-271-3071,,2004-05-21,1,0,0,0,1,0,0,0,0,0,0,0,0,0,129.3254973,35.5372295
JDQ4MTYyMiM4MSMkMiMkNCMkMDAkMzgxNzAyIzExIyQyIyQ3IyQwMCQzNjE4MzIjNTEjJDEjJDYjJDgz,김창환마취통증의학과의원,31,의원,260000,울산,260001,울산남구,무거동,44611,"울산광역시 남구 대학로 138, 3층 (무거동, 신정빌딩)",052-277-8888,http://,2003-02-11,1,0,0,0,1,0,0,0,0,0,0,0,0,0,129.2621294,35.5467773
JDQ4MTYyMiM4MSMkMiMkNCMkMDAkMzgxOTYxIzIxIyQxIyQ5IyQ3OSQ0NjE0ODEjODEjJDEjJDIjJDgz,김춘섭내과의원,31,의원,260000,울산,260003,울산중구,태화동,44457,"울산광역시 중구 태화로 172, 2층 (태화동)",052-245-3435,,1999-09-27,1,0,0,0,1,0,0,0,0,0,0,0,0,0,129.2945456,35.5524328
JDQ4MTYyMiM4MSMkMSMkNCMkNzIkMzgxMzUxIzIxIyQxIyQ5IyQ3OSQzNjE0ODEjODEjJDEjJDYjJDgz,김치과의원,51,치과의원,260000,울산,260100,울산울주군,언양읍,44942,"울산광역시 울주군 언양읍 동문길 66, (언양읍)",052-264-4647,,1992-02-26,1,0,0,0,0,1,0,0,0,0,0,0,0,0,129.1245043,35.5654653
JDQ4MTYyMiM4MSMkMSMkNCMkNzIkMzgxMzUxIzIxIyQyIyQxIyQwMCQyNjE0ODEjNjEjJDEjJDQjJDgz,김태근치과의원,51,치과의원,260000,울산,260001,울산남구,야음동,44755,"울산광역시 남구 중앙로 16, 울산축협 신선지소 2층 (야음동)",052-272-6862,,1987-03-13,1,0,0,0,0,1,0,0,0,0,0,0,0,0,129.318925,35.523075
JDQ4MTYyMiM4MSMkMSMkNCMkNzIkMzgxMzUxIzExIyQyIyQ3IyQwMCQzNjE0ODEjNDEjJDEjJDgjJDgz,김평환치과의원,51,치과의원,260000,울산,260002,울산동구,서부동,44012,"울산광역시 동구 방어진순환도로 1120-1, 2층 (서부동)",052-251-1526,,1983-03-15,1,0,0,0,0,1,0,0,0,0,0,0,0,0,129.4263922,35.5394179
JDQ4MTYyMiM4MSMkMSMkNCMkMTMkMzgxNzAyIzIxIyQxIyQ1IyQ2MiQ0NjEwMDIjNzEjJDEjJDgjJDgz,김한의원,93,한의원,260000,울산,260001,울산남구,신정동,44730,"울산광역시 남구 수암로 21, (신정동)",052-266-1188,,1990-11-21,1,0,0,0,0,0,0,0,0,1,0,0,0,0,129.3105716,35.5319511
JDQ4MTYyMiM4MSMkMiMkNCMkMDAkMzgxMTkxIzExIyQxIyQzIyQ5OSQyNjE4MzIjNDEjJDEjJDgjJDgz,김현경의원,31,의원,260000,울산,260004,울산북구,연암동,44242,"울산광역시 북구 화봉로 60, 206호 (연암동)",052-287-0314,,1997-04-11,1,0,0,0,1,0,0,0,0,0,0,0,0,0,129.3656652,35.5879252
JDQ4MTYyMiM4MSMkMSMkNCMkMTMkMzgxNzAyIzQxIyQxIyQ3IyQ3MiQzNjE4MzIjNTEjJDEjJDYjJDgz,김현아한의원,93,한의원,260000,울산,260002,울산동구,화정동,44057,"울산광역시 동구 방어진순환도로 580, (화정동)",052-252-6560,,1999-12-01,1,0,0,0,0,0,0,0,0,1,0,0,0,0,129.4271258,35.4936596
JDQ4MTYyMiM4MSMkMiMkNCMkMDAkMzgxNzAyIzMxIyQxIyQzIyQ3MiQzNjE4MzIjNTEjJDEjJDYjJDgz,김현진산부인과의원,31,의원,260000,울산,260001,울산남구,달동,44707,"울산광역시 남구 삼산로 257, (달동)",052-256-5866,,2005-07-04,1,0,0,0,1,0,0,0,0,0,0,0,0,0,129.3350854,35.5391704
JDQ4MTYyMiM4MSMkMiMkNCMkMDAkMzgxMTkxIzExIyQxIyQ3IyQxMyQ0NjE0ODEjNDEjJDEjJDQjJDgz,김형규학문외과의원,31,의원,260000,울산,260001,울산남구,무거동,44632,"울산광역시 남구 북부순환도로 13, 5층 (무거동, 보령메디칼빌딩)",052-224-0717,,1998-04-22,1,0,0,0,1,0,0,0,0,0,0,0,0,0,129.2651563,35.5514655
JDQ4MTYyMiM4MSMkMiMkNCMkMDAkMzgxMTkxIzMxIyQxIyQzIyQwMyQyNjEyMjIjODEjJDEjJDYjJDgz,김호철내과의원,31,의원,260000,울산,260001,울산남구,무거동,44632,"울산광역시 남구 북부순환도로 13, 3층 (무거동)",052-247-5936,,2000-04-10,1,0,0,0,1,0,0,0,0,0,0,0,0,0,129.2651563,35.5514655
JDQ4MTYyMiM4MSMkMiMkNCMkMDAkMzgxOTYxIzUxIyQxIyQxIyQ4MiQ0NjE0ODEjNzEjJDEjJDgjJDgz,김환곤내과의원,31,의원,260000,울산,260004,울산북구,호계동,44227,"울산광역시 북구 호계로 292, 2층 (호계동)",052-295-6996,,1996-02-09,1,0,0,0,1,0,0,0,0,0,0,0,0,0,129.3512801,35.6292198
JDQ4MTYyMiM4MSMkMSMkNCMkNzIkMzgxMzUxIzExIyQxIyQ3IyQ3MiQyNjEwMDIjNDEjJDEjJDgjJDgz,김흥선치과의원,51,치과의원,260000,울산,260001,울산남구,달동,44703,"울산광역시 남구 왕생로 97, 4층 (달동)",052-227-3706,,1999-06-04,1,0,0,0,0,1,0,0,0,0,0,0,0,0,129.3297629,35.5419618
JDQ4MTYyMiM4MSMkMSMkNCMkMTMkNDgxMzUxIzUxIyQxIyQxIyQ5OSQzNjE4MzIjNTEjJDEjJDYjJDgz,까치부부한의원,93,한의원,260000,울산,260100,울산울주군,범서읍,44924,"울산광역시 울주군 범서읍 구영로 94, (범서읍)",052-212-1070,,2007-08-01,3,0,0,0,0,0,0,0,0,1,0,0,2,0,129.241276,35.5741416
JDQ4MTYyMiM4MSMkMSMkNCMkMTMkNDgxMzUxIzIxIyQxIyQ1IyQ2MiQ0NjEwMDIjNTEjJDEjJDIjJDgz,꽃단비한의원,93,한의원,260000,울산,260001,울산남구,삼산동,44705,"울산광역시 남구 돋질로302번길 27, 2층 (삼산동)",052-260-0066,http://www.rff.kr,2007-12-03,1,0,0,0,0,0,0,0,0,0,0,0,1,0,129.3376817,35.541693
JDQ4MTYyMiM4MSMkMSMkNCMkNzIkMzgxOTYxIzUxIyQxIyQxIyQ3OSQzNjEwMDIjODEjJDEjJDIjJDgz,꽃바위치과의원,51,치과의원,260000,울산,260002,울산동구,방어동,44099,"울산광역시 동구 화문로 64, (방어동)",052-700-2879,,2013-04-12,1,0,0,0,0,1,0,0,0,0,0,0,0,0,129.4158929,35.4831418
JDQ4MTYyMiM4MSMkMSMkNCMkMTMkNDgxOTYxIzExIyQxIyQ3IyQ2MiQyNjEwMDIjNDEjJDEjJDQjJDgz,나라경희한의원,93,한의원,260000,울산,260100,울산울주군,청량읍,44984,"울산광역시 울주군 청량읍 덕하장터길 11, (청량읍)",052-237-1075,,2022-11-03,1,0,0,0,0,0,0,0,0,1,0,0,0,0,129.3060944,35.4917181
JDQ4MTYyMiM4MSMkMiMkNCMkMDAkMzgxNzAyIzIxIyQxIyQ5IyQwMyQ0NjE0ODEjNzEjJDEjJDgjJDgz,나비샘연합의원,31,의원,260000,울산,260001,울산남구,신정동,44658,"울산광역시 남구 봉월로 5, 4~5층 (신정동)",052-275-2988,,2005-03-07,4,0,0,0,4,0,0,0,0,0,0,0,0,0,129.3068792,35.5330874
JDQ4MTYyMiM4MSMkMiMkNCMkMDAkMzgxMTkxIzIxIyQxIyQxIyQ3OSQ0NjE0ODEjNDEjJDEjJDgjJDgz,나사렛피부과의원,31,의원,260000,울산,260001,울산남구,삼산동,44705,"울산광역시 남구 삼산로 269, 5층 (삼산동, 탑텐클리닉)",052-256-0211,http://,2002-04-06,1,0,0,0,1,0,0,0,0,0,0,0,0,0,129.3365304,35.5394813
JDQ4MTYyMiM4MSMkMiMkNCMkMDAkMzgxOTYxIzMxIyQxIyQzIyQ3OSQyNjE0ODEjODEjJDEjJDYjJDgz,나요한의원,31,의원,260000,울산,260001,울산남구,선암동,44771,"울산광역시 남구 산업로339번길 24-10, 2층 201호 (선암동)",052-269-8893,,1993-06-19,1,1,0,0,0,0,0,0,0,0,0,0,0,0,129.3380453,35.5161424
JDQ4MTYyMiM4MSMkMiMkNCMkMDAkMzgxMTkxIzUxIyQxIyQxIyQ2MiQyNjEwMDIjNDEjJDEjJDgjJDgz,나은정형외과의원,31,의원,260000,울산,260001,울산남구,신정동,44683,"울산광역시 남구 중앙로 242, (신정동)",052-268-5612,,2001-08-10,1,0,0,0,1,0,0,0,0,0,0,0,0,0,129.3114287,35.5425333
JDQ4MTYyMiM4MSMkMSMkNCMkMTMkNDgxMzUxIzExIyQxIyQzIyQ5OSQ0NjE0ODEjNDEjJDEjJDgjJDgz,나을한의원,93,한의원,260000,울산,260004,울산북구,상안동,44209,"울산광역시 북구 신답로 48, 307호 (상안동, 프리지아상가)",052-285-1075,,2003-08-26,1,0,0,0,0,0,0,0,0,1,0,0,0,0,129.3432026,35.6290844
JDQ4MTYyMiM4MSMkMiMkNCMkMDAkNDgxOTYxIzMxIyQxIyQ3IyQ4OSQyNjE0ODEjNjEjJDEjJDAjJDgz,나의계절의원 울산,31,의원,260000,울산,260001,울산남구,삼산동,44719,"울산광역시 남구 삼산중로 56, 2층 (삼산동)",052-276-5500,https://myseasonclinic-ulsan.com/,2025-03-04,1,1,0,0,0,0,0,0,0,0,0,0,0,0,129.3357423,35.5385273
JDQ4MTYyMiM4MSMkMSMkNCMkMTMkNDgxMzUxIzQxIyQxIyQ3IyQ4OSQzNjE4MzIjNDEjJDEjJDQjJDgz,나팔꽃한의원,93,한의원,260000,울산,260003,울산중구,남외동,44507,"울산광역시 중구 번영로 564, 4층 (남외동)",052-291-1034,,2013-07-11,3,0,0,0,0,0,0,0,0,2,0,0,1,0,129.3436816,35.5681806
JDQ4MTYyMiM4MSMkMiMkNCMkMDAkMzgxNzAyIzExIyQxIyQzIyQ3MiQzNjEwMDIjNjEjJDEjJDQjJDgz,남목마취통증의학과의원,31,의원,260000,울산,260002,울산동구,서부동,44016,"울산광역시 동구 방어진순환도로 1119, (서부동)",052-233-8575,,2002-08-31,1,0,0,0,1,0,0,0,0,0,0,0,0,0,129.4262259,35.5390587
JDQ4MTYyMiM4MSMkMiMkNCMkMDAkMzgxMTkxIzExIyQxIyQzIyQwMyQyNjEwMDIjODEjJDEjJDYjJDgz,남부의원,31,의원,260000,울산,260001,울산남구,신정동,44683,"울산광역시 남구 중앙로 246, 1층 (신정동)",052-273-7268,,1997-10-15,1,1,0,0,0,0,0,0,0,0,0,0,0,0,129.311382,35.5428391
JDQ4MTYyMiM4MSMkMSMkNCMkOTIkMzgxOTYxIzIxIyQxIyQxIyQ4OSQzNjE0ODEjODEjJDEjJDIjJDgz,남부통합보건지소,72,보건지소,260000,울산,260100,울산울주군,온양읍,44969,"울산광역시 울주군 온양읍 터실1길 13, (남부통합보건지소)",052-229-8618,,2009-12-31,0,0,0,0,0,0,0,0,0,0,0,0,0,0,129.2908867,35.4552723
JDQ4MTYyMiM4MSMkMSMkNCMkMTMkNDgxOTYxIzExIyQxIyQ3IyQ4MiQzNjEyMjIjNjEjJDEjJDQjJDgz,남울산 한의원,93,한의원,260000,울산,260001,울산남구,옥동,44662,"울산광역시 남구 문수로 368, 3층 (옥동)",052-917-1010,,2023-10-20,5,0,0,0,0,0,0,0,0,5,0,0,0,0,129.2935784,35.5342805
JDQ4MTYyMiM4MSMkMiMkNCMkMDAkNDgxMzUxIzIxIyQxIyQxIyQwMyQyNjE4MzIjODEjJDEjJDYjJDgz,남종진다모의원,31,의원,260000,울산,260001,울산남구,무거동,44632,"울산광역시 남구 북부순환도로 11, 4층 (무거동)",052-224-0085,,2010-12-16,1,0,0,0,1,0,0,0,0,0,0,0,0,0,129.2649564,35.5512704
JDQ4MTYyMiM4MSMkMiMkNCMkMDAkNDgxMzUxIzMxIyQxIyQ3IyQ5MiQ0NjEwMDIjNjEjJDEjJDgjJDgz,남창S의원,31,의원,260000,울산,260100,울산울주군,온양읍,44979,"울산광역시 울주군 온양읍 연안2길 13, 3,4층",052-239-6789,,2014-09-03,1,0,0,0,1,0,0,0,0,0,0,0,0,0,129.2825733,35.4091422
JDQ4MTYyMiM4MSMkMiMkNCMkMDAkNDgxMzUxIzIxIyQxIyQ1IyQ5MiQzNjEwMDIjNjEjJDEjJDAjJDgz,남창가정의학과의원,31,의원,260000,울산,260100,울산울주군,온양읍,44974,"울산광역시 울주군 온양읍 남창1길 50, 2층",052-238-9672,,2011-09-20,1,0,0,0,1,0,0,0,0,0,0,0,0,0,129.2809662,35.4168899
JDQ4MTYyMiM4MSMkMiMkNCMkMDAkMzgxMTkxIzIxIyQxIyQxIyQ4MiQzNjEwMDIjNDEjJDEjJDQjJDgz,남창정형외과의원,31,의원,260000,울산,260100,울산울주군,온양읍,44978,"울산광역시 울주군 온양읍 온양로 75, (온양읍)",052-239-0211,,1998-10-09,1,0,0,0,1,0,0,0,0,0,0,0,0,0,129.2802737,35.4109861
JDQ4MTYyMiM4MSMkMSMkNCMkMTMkMzgxNzAyIzIxIyQxIyQ5IyQ3MiQyNjEwMDIjNjEjJDEjJDQjJDgz,남창한의원,93,한의원,260000,울산,260100,울산울주군,온양읍,44978,"울산광역시 울주군 온양읍 온양로 85, (온양읍)",052-239-3300,,1996-05-13,1,0,0,0,0,0,0,0,0,1,0,0,0,0,129.2810975,35.4106931
JDQ4MTYyMiM4MSMkMSMkNCMkNzIkMzgxOTYxIzIxIyQxIyQ1IyQ5OSQzNjE4MzIjNzEjJDEjJDgjJDgz,남치과의원,51,치과의원,260000,울산,260003,울산중구,남외동,44492,"울산광역시 중구 번영로 569, (남외동)",294-0808,,1987-04-24,1,0,0,0,0,1,0,0,0,0,0,0,0,0,129.3440578,35.569115
JDQ4MTYyMiM4MSMkMiMkNCMkMDAkMzgxMTkxIzIxIyQxIyQ5IyQ3MiQ0NjEwMDIjODEjJDEjJDIjJDgz,남혜주의원,31,의원,260000,울산,260100,울산울주군,범서읍,44923,"울산광역시 울주군 범서읍 점촌4길 26, (범서읍)",052-211-7682,,2004-06-09,1,0,0,0,1,0,0,0,0,0,0,0,0,0,129.2381022,35.5704602
JDQ4MTYyMiM4MSMkMiMkNCMkMDAkNDgxOTYxIzMxIyQxIyQzIyQ5OSQyNjEwMDIjNTEjJDEjJDYjJDgz,낭만닥터마취통증의학과의원,31,의원,260000,울산,260004,울산북구,산하동,44264,"울산광역시 북구 산하중앙2로 150, 5층 (산하동)",052-978-5678,,2024-03-05,1,0,0,0,1,0,0,0,0,0,0,0,0,0,129.4396549,35.6242236
JDQ4MTYyMiM4MSMkMSMkNCMkNzIkMzgxOTYxIzIxIyQxIyQ1IyQ4OSQzNjE0ODEjNjEjJDEjJDQjJDgz,내 치과의원,51,치과의원,260000,울산,260003,울산중구,우정동,44534,"울산광역시 중구 명륜로 30, (우정동)",052-244-2879,,2005-03-28,1,0,0,0,0,0,0,0,1,0,0,0,0,0,129.3094563,35.5549132
JDQ4MTYyMiM4MSMkMiMkNCMkMDAkNDgxOTYxIzMxIyQxIyQ3IyQ4OSQyNjEyMjIjNDEjJDEjJDgjJDgz,내맘속건강내과의원,31,의원,260000,울산,260004,울산북구,매곡동,44223,"울산광역시 북구 괴정1길 110, 2층 (매곡동)",052-943-2000,,2025-03-11,1,0,0,0,1,0,0,0,0,0,0,0,0,0,129.3569754,35.6423201
JDQ4MTYyMiM4MSMkMSMkNCMkNzIkMzgxMzUxIzUxIyQxIyQxIyQ4MiQyNjE0ODEjNjEjJDEjJDQjJDgz,노벨치과의원,51,치과의원,260000,울산,260003,울산중구,옥교동,44530,"울산광역시 중구 학성로 113, 2층 (옥교동)",052-243-2875,http://www.울산임플란트.kr,1996-11-05,1,0,0,0,0,1,0,0,0,0,0,0,0,0,129.3233591,35.5557619
JDQ4MTYyMiM4MSMkMSMkNCMkOTkkNTgxMzUxIzIxIyQxIyQ1IyQwMyQyNjEyMjIjNjEjJDEjJDAjJDgz,노블레스요양병원,28,요양병원,260000,울산,260001,울산남구,삼산동,44700,"울산광역시 남구 돋질로 277, 지하1층,지상1-8층 (삼산동)",052-712-1000,,2020-06-30,5,1,0,0,1,0,0,0,0,3,0,0,0,0,129.3350796,35.5445704
JDQ4MTYyMiM4MSMkMiMkNCMkMDAkMzgxNzAyIzExIyQxIyQzIyQxMyQ0NjE0ODEjODEjJDEjJDYjJDgz,노블의원,31,의원,260000,울산,260001,울산남구,삼산동,44705,"울산광역시 남구 삼산로 275, 5층 (삼산동)",052-265-0056,,2002-10-31,1,0,0,0,1,0,0,0,0,0,0,0,0,0,129.337182,35.5396038
JDQ4MTYyMiM4MSMkMSMkNCMkNzIkMzgxMzUxIzIxIyQxIyQ1IyQ5OSQ0NjEwMDIjODEjJDEjJDIjJDgz,노성환치과의원,51,치과의원,260000,울산,260001,울산남구,신정동,44678,"울산광역시 남구 삼산로 15, 3층 (신정동)",052-267-5017,,1989-04-20,1,0,0,0,0,1,0,0,0,0,0,0,0,0,129.3095358,35.5330677
JDQ4MTYyMiM4MSMkMSMkNCMkNzIkMzgxMzUxIzIxIyQxIyQ1IyQ2MiQ0NjE0ODEjNjEjJDEjJDAjJDgz,노엘치과의원,51,치과의원,260000,울산,260100,울산울주군,온양읍,44978,"울산광역시 울주군 온양읍 온양로 101, (온양읍)",052-238-2875,,2015-10-14,1,0,0,0,0,1,0,0,0,0,0,0,0,0,129.2829709,35.4102792
JDQ4MTYyMiM4MSMkMSMkNCMkNzIkMzgxMTkxIzIxIyQxIyQ1IyQ4OSQyNjE4MzIjNTEjJDEjJDIjJDgz,노엘치과의원,51,치과의원,260000,울산,260100,울산울주군,온양읍,44978,"울산광역시 울주군 온양읍 온양로 101, (온양읍)",052-238-2875,,2015-10-14,3,0,0,0,0,3,0,0,0,0,0,0,0,0,129.2829709,35.4102792
JDQ4MTYyMiM4MSMkMiMkNCMkMDAkMzgxOTYxIzIxIyQxIyQ1IyQ4OSQ0NjE0ODEjODEjJDEjJDYjJDgz,녹십자의원,31,의원,260000,울산,260001,울산남구,신정동,44739,"울산광역시 남구 수암로 107, 2층 (신정동)",052-266-2767,,1991-04-22,1,1,0,0,0,0,0,0,0,0,0,0,0,0,129.3195141,35.528932
JDQ4MTYyMiM4MSMkMiMkNCMkMDAkNDgxOTYxIzExIyQxIyQzIyQ5OSQzNjE0ODEjNjEjJDEjJDgjJDgz,눈높이안과의원,31,의원,260000,울산,260001,울산남구,달동,44722,"울산광역시 남구 삼산로 130, (달동)",052-700-7582,,2012-12-14,3,0,0,0,3,0,0,0,0,0,0,0,0,0,129.3217603,35.535608
JDQ4MTYyMiM4MSMkMiMkNCMkMDAkNDgxMzUxIzMxIyQyIyQzIyQwMCQ0NjE0ODEjNTEjJDEjJDIjJDgz,눈사랑안과의원,31,의원,260000,울산,260003,울산중구,남외동,44495,"울산광역시 중구 번영로 580, SkyM빌딩 6층 (남외동)",282-7117,,2014-03-17,3,0,0,0,3,0,0,0,0,0,0,0,0,0,129.3453715,35.5685691
JDQ4MTYyMiM4MSMkMiMkNCMkMDAkNDgxMzUxIzUxIyQxIyQ1IyQ5MiQzNjE0ODEjNjEjJDEjJDAjJDgz,눈의꽃성형외과의원,31,의원,260000,울산,260001,울산남구,삼산동,44719,"울산광역시 남구 삼산로 270, 삼산동 Kim's빌딩 8층 (삼산동)",052-258-3111,,2017-04-26,1,0,0,0,1,0,0,0,0,0,0,0,0,0,129.3366989,35.5388659
JDQ4MTYyMiM4MSMkMSMkNCMkOTkkNTgxMzUxIzIxIyQxIyQ5IyQ3OSQzNjEwMDIjNzEjJDEjJDgjJDgz,뉴씨엘요양병원,28,요양병원,260000,울산,260001,울산남구,야음동,44750,"울산광역시 남구 수암로128번길 7, (야음동)",052-242-1234,,2025-02-17,6,0,0,0,2,0,0,0,0,4,0,0,0,0,129.3213831,35.5270587
JDQ4MTYyMiM4MSMkMSMkNCMkNzIkMzgxMTkxIzExIyQxIyQzIyQwMyQzNjEyMjIjODEjJDEjJDYjJDgz,뉴욕스마트치과의원,51,치과의원,260000,울산,260100,울산울주군,온양읍,44978,"울산광역시 울주군 온양읍 온양로 105, 6층",052-707-8275,,2017-09-19,1,0,0,0,0,0,0,0,1,0,0,0,0,0,129.2834115,35.4103077
JDQ4MTYyMiM4MSMkMSMkNCMkNzIkMzgxOTYxIzMxIyQxIyQzIyQxMyQzNjEyMjIjNTEjJDEjJDIjJDgz,뉴욕앤치과의원,51,치과의원,260000,울산,260002,울산동구,동부동,44006,"울산광역시 동구 동해안로 25, (동부동)",052-201-3909,,2009-12-15,1,0,0,0,0,1,0,0,0,0,0,0,0,0,129.4262351,35.5417539
JDQ4MTYyMiM4MSMkMSMkNCMkNzIkMzgxOTYxIzUxIyQxIyQ1IyQxMyQzNjEyMjIjODEjJDEjJDIjJDgz,뉴욕연합치과의원,51,치과의원,260000,울산,260001,울산남구,삼산동,44705,"울산광역시 남구 삼산로 273, 7층 (삼산동, 삼산타워)",052-283-2875,,2010-01-07,2,0,0,0,0,0,0,0,2,0,0,0,0,0,129.3367805,35.5395317
JDQ4MTYyMiM4MSMkMiMkNCMkMDAkNDgxOTYxIzMxIyQxIyQzIyQ2MiQzNjEyMjIjODEjJDEjJDYjJDgz,뉴욕정형외과재활의학과의원,31,의원,260000,울산,260004,울산북구,신천동,44228,"울산광역시 북구 호계로 337-10, 2층 (신천동)",052-700-7588,,2024-06-07,2,0,0,0,2,0,0,0,0,0,0,0,0,0,129.3482949,35.6327507
JDQ4MTYyMiM4MSMkMSMkNCMkNzIkMzgxOTYxIzExIyQxIyQ3IyQ5OSQzNjEyMjIjNjEjJDEjJDgjJDgz,뉴욕치과의원,51,치과의원,260000,울산,260001,울산남구,무거동,44602,"울산광역시 남구 대학로 157, 4층 (무거동, 부흥빌딩)",052-232-2875,http://www.ny-dental.co.kr,2009-03-31,1,0,0,0,0,1,0,0,0,0,0,0,0,0,129.2624386,35.5486949
JDQ4MTYyMiM4MSMkMSMkNCMkNzIkMzgxMTkxIzExIyQxIyQzIyQ2MiQyNjEwMDIjODEjJDEjJDYjJDgz,뉴욕플란트치과의원,51,치과의원,260000,울산,260100,울산울주군,언양읍,44940,"울산광역시 울주군 언양읍 반구대로 826, 2층",052-700-2804,,2017-02-06,2,0,0,0,0,1,0,0,1,0,0,0,0,0,129.1277328,35.5634491
JDQ4MTYyMiM4MSMkMiMkNCMkMDAkNDgxMzUxIzMxIyQxIyQ3IyQxMyQzNjEyMjIjNjEjJDEjJDgjJDgz,느티나무의원,31,의원,260000,울산,260003,울산중구,성안동,44417,"울산광역시 중구 성안로 192, 2층 (성안동)",052-243-2002,,2014-11-14,1,0,0,0,1,0,0,0,0,0,0,0,0,0,129.3179203,35.5770758
JDQ4MTYyMiM4MSMkMiMkNCMkMDAkNDgxOTYxIzMxIyQxIyQzIyQwMyQyNjEyMjIjNjEjJDEjJDQjJDgz,늘새론마취통증의학과의원,31,의원,260000,울산,260001,울산남구,옥동,44662,"울산광역시 남구 문수로 350, 3·4층 (옥동)",052-261-0691,,2024-11-04,1,0,0,0,1,0,0,0,0,0,0,0,0,0,129.2915895,35.5346448
JDQ4MTYyMiM4MSMkMSMkNCMkMTMkMzgxNzAyIzIxIyQxIyQxIyQ4OSQyNjEyMjIjNDEjJDEjJDgjJDgz,늘푸른동산한의원,93,한의원,260000,울산,260001,울산남구,옥동,44662,"울산광역시 남구 문수로 350, (옥동)",052-276-1940,,1988-04-25,1,0,0,0,0,0,0,0,0,1,0,0,0,0,129.2915895,35.5346448
JDQ4MTYyMiM4MSMkMiMkNCMkMDAkMzgxOTYxIzMxIyQxIyQ3IyQ3MiQyNjE0ODEjNDEjJDEjJDgjJDgz,늘푸른산부인과의원,31,의원,260000,울산,260002,울산동구,서부동,44012,"울산광역시 동구 방어진순환도로 1130, (서부동)",052-233-2621,,2003-03-17,1,0,0,0,1,0,0,0,0,0,0,0,0,0,129.4255435,35.5397633
JDQ4MTYyMiM4MSMkMSMkNCMkNzIkMzgxOTYxIzIxIyQxIyQ5IyQ4MiQyNjEyMjIjNDEjJDEjJDgjJDgz,늘푸른치과의원,51,치과의원,260000,울산,260004,울산북구,명촌동,44254,"울산광역시 북구 명촌로 75, 미남빌딩 (명촌동)",052-288-5875,,2003-07-30,1,0,0,0,0,1,0,0,0,0,0,0,0,0,129.3566091,35.5539732
JDQ4MTYyMiM4MSMkMSMkNCMkMTMkNDgxOTYxIzExIyQxIyQzIyQ5OSQ0NjEwMDIjNjEjJDEjJDAjJDgz,늘푸른한의원,93,한의원,260000,울산,260004,울산북구,염포동,44260,"울산광역시 북구 염포로 679, 2층 (염포동)",052-287-8882,,2004-11-05,1,0,0,0,0,0,0,0,0,1,0,0,0,0,129.3918065,35.532323
JDQ4MTYyMiM4MSMkMiMkNCMkMDAkNDgxMzUxIzExIyQyIyQ3IyQwMCQzNjE0ODEjNjEjJDEjJDAjJDgz,니와미즈 의원,31,의원,260000,울산,260003,울산중구,우정동,44542,"울산광역시 중구 종가6길 32, 9층 902호 (우정동, KL 빌딩)",052-245-8275,,2017-03-06,1,0,0,0,1,0,0,0,0,0,0,0,0,0,129.3107315,35.5629975
JDQ4MTYyMiM4MSMkMSMkNCMkNzIkMzgxOTYxIzIxIyQxIyQ1IyQ3OSQyNjE4MzIjNDEjJDEjJDQjJDgz,니즈연합치과의원,51,치과의원,260000,울산,260100,울산울주군,범서읍,44924,"울산광역시 울주군 범서읍 구영로 94, 404호 (M-플라자)",052-245-2875,,2008-02-13,1,0,0,0,0,1,0,0,0,0,0,0,0,0,129.241276,35.5741416
JDQ4MTYyMiM4MSMkMSMkNCMkNzIkMzgxOTYxIzQxIyQxIyQ3IyQ5MiQyNjE4MzIjNjEjJDEjJDgjJDgz,니즈연합치과의원,51,치과의원,260000,울산,260003,울산중구,남외동,44495,"울산광역시 중구 번영로 574, 4층 (남외동, 동천빌딩)",052-291-2275,,2007-05-25,1,0,0,0,0,1,0,0,0,0,0,0,0,0,129.34483,35.5684192
JDQ4MTYyMiM4MSMkMiMkNCMkMDAkMzgxMTkxIzIxIyQxIyQxIyQ4MiQzNjE0ODEjNDEjJDEjJDgjJDgz,다나산부인과의원,31,의원,260000,울산,260001,울산남구,삼산동,44719,"울산광역시 남구 삼산로 266, (삼산동)",052-266-9777,,1998-10-15,1,0,0,0,1,0,0,0,0,0,0,0,0,0,129.3362911,35.5387849
JDQ4MTYyMiM4MSMkMiMkNCMkMDAkNDgxOTYxIzIxIyQxIyQxIyQ5OSQyNjEwMDIjNjEjJDEjJDAjJDgz,다린흉부외과의원,31,의원,260000,울산,260001,울산남구,달동,44695,"울산광역시 남구 삼산로 171, 7층 (달동)",052-700-7010,,2020-04-29,1,0,0,0,1,0,0,0,0,0,0,0,0,0,129.3259258,35.5373508
JDQ4MTYyMiM4MSMkMSMkNCMkMTMkNDgxMzUxIzUxIyQyIyQ1IyQwMCQyNjE0ODEjNDEjJDEjJDQjJDgz,다산한의원,93,한의원,260000,울산,260001,울산남구,달동,44725,"울산광역시 남구 삼산로 136, 3층 (달동)",052-276-1075,,2016-12-29,1,0,0,0,0,0,0,0,0,1,0,0,0,0,129.3223178,35.5357847
JDQ4MTYyMiM4MSMkMiMkNCMkMDAkMzgxNzAyIzIxIyQxIyQxIyQxMyQ0NjE0ODEjNDEjJDEjJDgjJDgz,다솜의원,31,의원,260000,울산,260003,울산중구,남외동,44494,"울산광역시 중구 병영로 10, (남외동)",052-294-9581,,2004-02-17,1,0,0,0,1,0,0,0,0,0,0,0,0,0,129.3462567,35.5702049
JDQ4MTYyMiM4MSMkMiMkNCMkMDAkMzgxNzAyIzIxIyQxIyQ1IyQ3MiQyNjEyMjIjNDEjJDEjJDQjJDgz,다솜의원,31,의원,260000,울산,260100,울산울주군,언양읍,44942,"울산광역시 울주군 언양읍 헌양길 84, (언양읍)",052-263-1230,,2004-05-01,1,0,0,0,1,0,0,0,0,0,0,0,0,0,129.1223146,35.5651258
JDQ4MTYyMiM4MSMkMSMkNCMkNzIkMzgxMTkxIzIxIyQxIyQxIyQ4OSQyNjEwMDIjNDEjJDEjJDQjJDgz,다시봄치과의원,51,치과의원,260000,울산,260002,울산동구,화정동,44070,"울산광역시 동구 대학길 43, 2층 (화정동)",052-922-2800,,2020-11-27,1,0,0,0,0,0,0,0,1,0,0,0,0,0,129.4200382,35.4988231
JDQ4MTYyMiM4MSMkMiMkNCMkMDAkNDgxMzUxIzUxIyQxIyQ1IyQ3MiQ0NjEwMDIjNDEjJDEjJDgjJDgz,다온소아청소년과의원,31,의원,260000,울산,260001,울산남구,야음동,44750,"울산광역시 남구 수암로 132, 7~8층 (야음동)",052-716-7071,,2017-04-03,2,0,0,0,2,0,0,0,0,0,0,0,0,0,129.3214794,35.5274447
JDQ4MTYyMiM4MSMkMSMkNCMkNzIkMzgxMzUxIzMxIyQyIyQ3IyQwMCQzNjE4MzIjODEjJDEjJDIjJDgz,다온치과의원,51,치과의원,260000,울산,260001,울산남구,달동,44707,"울산광역시 남구 삼산로253번길 7, 3층 (달동)",052-245-7575,,1993-07-14,1,0,0,0,0,0,0,0,1,0,0,0,0,0,129.3343359,35.5396178
JDQ4MTYyMiM4MSMkMSMkNCMkMTMkNDgxMzUxIzMxIyQxIyQ3IyQ5MiQzNjE4MzIjNzEjJDEjJDgjJDgz,다이즐한의원,93,한의원,260000,울산,260001,울산남구,삼산동,44719,"울산광역시 남구 삼산중로 56, 5층 (삼산동)",052-258-8277,http://www.jayeon-hanbang.com/intro/network/ulsan/time.jsp,2011-09-05,1,0,0,0,0,0,0,0,0,1,0,0,0,0,129.3357423,35.5385273
JDQ4MTYyMiM4MSMkMiMkNCMkMDAkMzgxNzAyIzUxIyQyIyQ1IyQwMCQzNjE0ODEjNDEjJDEjJDQjJDgz,다정의원,31,의원,260000,울산,260004,울산북구,매곡동,44220,"울산광역시 북구 매곡1로 15, (매곡동)",052-282-0127,,2008-02-11,1,0,0,0,1,0,0,0,0,0,0,0,0,0,129.3538047,35.6428478
JDQ4MTYyMiM4MSMkMiMkNCMkMDAkMzgxNzAyIzUxIyQyIyQxIyQwMCQzNjE4MzIjODEjJDEjJDIjJDgz,다정흉부외과의원,31,의원,260000,울산,260001,울산남구,삼산동,44705,"울산광역시 남구 삼산로 283, 소망빌딩 7층 (삼산동)",052-267-7582,http://www.drmac.co.kr/vein/main/main.html,2007-04-30,1,0,0,0,1,0,0,0,0,0,0,0,0,0,129.3378965,35.5397338
JDQ4MTYyMiM4MSMkMiMkNCMkMDAkMzgxMTkxIzExIyQxIyQzIyQ4MiQyNjE0ODEjNjEjJDEjJDgjJDgz,닥터리연합내과의원,31,의원,260000,울산,260003,울산중구,우정동,44465,"울산광역시 중구 유곡로 10, (우정동)",052-245-7812,,1997-06-27,1,0,0,0,1,0,0,0,0,0,0,0,0,0,129.3088782,35.5580334
JDQ4MTYyMiM4MSMkMSMkNCMkNzIkMzgxMTkxIzExIyQxIyQ3IyQ5OSQyNjE4MzIjNzEjJDEjJDgjJDgz,닥터스치과의원,51,치과의원,260000,울산,260003,울산중구,우정동,44542,"울산광역시 중구 종가6길 21, 8층 (우정동)",052-212-8275,,2018-09-21,1,0,0,0,0,1,0,0,0,0,0,0,0,0,129.311944,35.5627714
JDQ4MTYyMiM4MSMkMiMkNCMkMDAkNDgxMzUxIzUxIyQxIyQxIyQ3MiQ0NjEwMDIjNjEjJDEjJDAjJDgz,닥터에스의원,31,의원,260000,울산,260003,울산중구,약사동,44479,"울산광역시 중구 번영로 487, 4, 5층 F호 (약사동)",052-710-3382,,2016-05-04,1,0,0,0,1,0,0,0,0,0,0,0,0,0,129.3366792,35.5650568
JDQ4MTYyMiM4MSMkMiMkNCMkMDAkMzgxNzAyIzIxIyQxIyQ1IyQ4MiQ0NjEwMDIjNjEjJDEjJDAjJDgz,닥터적맥의원,31,의원,260000,울산,260001,울산남구,삼산동,44719,"울산광역시 남구 삼산로 260, 6,8층 (삼산동)",052-267-3375,,2004-06-18,3,0,0,0,3,0,0,0,0,0,0,0,0,0,129.3356602,35.5386785
JDQ4MTYyMiM4MSMkMiMkNCMkMDAkMzgxNzAyIzExIyQxIyQzIyQ4MiQyNjE0ODEjNDEjJDEjJDgjJDgz,달빛여성의원,31,의원,260000,울산,260001,울산남구,삼산동,44705,"울산광역시 남구 삼산로267번길 8, (삼산동)",052-910-2221,,2016-01-15,2,0,0,0,2,0,0,0,0,0,0,0,0,0,129.3362939,35.539956
JDQ4MTYyMiM4MSMkMSMkNCMkMTMkMzgxMTkxIzExIyQxIyQzIyQ3MiQzNjEwMDIjNzEjJDEjJDgjJDgz,당당한방병원,92,한방병원,260000,울산,260001,울산남구,달동,44707,"울산광역시 남구 삼산로 247, 마마파파엔베이비빌딩 (달동)",052-702-7777,,2020-09-29,8,0,0,0,1,0,0,0,0,7,0,0,0,0,129.3341147,35.5391017
JDQ4MTYyMiM4MSMkMSMkNCMkMTMkMzgxNzAyIzIxIyQxIyQ5IyQwMyQyNjE0ODEjODEjJDEjJDYjJDgz,대광한의원,93,한의원,260000,울산,260003,울산중구,태화동,44454,"울산광역시 중구 태화로 177, (태화동)",052-245-8245,,1993-04-27,1,0,0,0,0,0,0,0,0,1,0,0,0,0,129.2955294,35.5524782
JDQ4MTYyMiM4MSMkMSMkNCMkMTMkMzgxNzAyIzIxIyQxIyQ1IyQ5MiQzNjE0ODEjODEjJDEjJDIjJDgz,대동 바른 한의원,93,한의원,260000,울산,260003,울산중구,학산동,44469,"울산광역시 중구 장춘로 175, (학산동)",244-8787,http://www.ori124.com,1992-01-10,1,0,0,0,0,0,0,0,0,1,0,0,0,0,129.3272311,35.5589263
JDQ4MTYyMiM4MSMkMSMkNCMkMTMkMzgxNzAyIzMxIyQyIyQ3IyQwMCQyNjEwMDIjNTEjJDEjJDYjJDgz,대명한의원,93,한의원,260000,울산,260001,울산남구,신정동,44748,"울산광역시 남구 수암로 108-1, (신정동)",052-273-6488,,1989-11-09,1,0,0,0,0,0,0,0,0,1,0,0,0,0,129.3191167,35.5284605
JDQ4MTYyMiM4MSMkMSMkNCMkNzIkMzgxMzUxIzUxIyQyIyQ1IyQwMCQyNjE4MzIjNjEjJDEjJDAjJDgz,대송치과의원,51,치과의원,260000,울산,260002,울산동구,화정동,44070,"울산광역시 동구 대학길 57, 2층 (화정동)",052-252-7521,,1997-12-12,1,0,0,0,0,1,0,0,0,0,0,0,0,0,129.4209346,35.4989383
JDQ4MTYyMiM4MSMkMSMkNCMkNzIkMzgxMzUxIzUxIyQxIyQxIyQ5OSQyNjE4MzIjNDEjJDEjJDgjJDgz,대영치과의원,51,치과의원,260000,울산,260001,울산남구,달동,44691,"울산광역시 남구 돋질로 74, 3층 (달동)",052-258-2888,,2005-06-23,1,0,0,0,0,1,0,0,0,0,0,0,0,0,129.314155,35.5382066
JDQ4MTYyMiM4MSMkMiMkNCMkMDAkMzgxMTkxIzIxIyQxIyQ5IyQ3MiQzNjEyMjIjNTEjJDEjJDYjJDgz,대한의원,31,의원,260000,울산,260002,울산동구,방어동,44086,"울산광역시 동구 월봉6길 40, (방어동)",052-232-7582,,1999-08-23,1,0,0,0,1,0,0,0,0,0,0,0,0,0,129.4203808,35.490861
JDQ4MTYyMiM4MSMkMSMkNCMkNzIkMzgxMTkxIzIxIyQxIyQ1IyQwMyQzNjEyMjIjODEjJDEjJDIjJDgz,대한치과의원,51,치과의원,260000,울산,260001,울산남구,선암동,44774,"울산광역시 남구 두왕로64번길 5-14, 2층 (선암동)",052-275-2750,,2025-07-30,2,0,0,0,0,2,0,0,0,0,0,0,0,0,129.3094714,35.5095251
JDQ4MTYyMiM4MSMkMiMkNCMkMDAkNDgxMzUxIzIxIyQxIyQxIyQ4OSQzNjEwMDIjNjEjJDEjJDAjJDgz,대향학문의원,31,의원,260000,울산,260001,울산남구,삼산동,44705,"울산광역시 남구 삼산로 283, 6층 (삼산동, 소망빌딩)",052-258-4744,,2012-02-28,1,0,0,0,1,0,0,0,0,0,0,0,0,0,129.3378965,35.5397338
JDQ4MTYyMiM4MSMkMiMkNCMkMDAkNDgxOTYxIzMxIyQyIyQ3IyQwMCQ0NjEwMDIjNTEjJDEjJDIjJDgz,더 치유의원,31,의원,260000,울산,260001,울산남구,옥동,44662,"울산광역시 남구 문수로 338, 유원빌딩 5층 (옥동)",052-710-5070,,2025-05-30,1,0,0,0,1,0,0,0,0,0,0,0,0,0,129.2903535,35.5347677
JDQ4MTYyMiM4MSMkMiMkNCMkMDAkNDgxOTYxIzIxIyQyIyQxIyQwMCQyNjE0ODEjNTEjJDEjJDYjJDgz,더맑은정신건강의학과의원,31,의원,260000,울산,260001,울산남구,달동,44707,"울산광역시 남구 삼산로 247, 마마파파엔베이비빌딩 13층 02호 (달동)",052-708-1313,,2020-07-13,1,0,0,0,1,0,0,0,0,0,0,0,0,0,129.3341147,35.5391017
JDQ4MTYyMiM4MSMkMSMkNCMkNzIkMzgxOTYxIzUxIyQxIyQ1IyQ5OSQzNjE0ODEjNDEjJDEjJDgjJDgz,더바른치과교정과치과의원,51,치과의원,260000,울산,260001,울산남구,삼산동,44705,"울산광역시 남구 삼산로267번길 8, 4층 (삼산동)",052-269-2885,www.thebarun.com,2015-04-16,1,0,0,0,0,0,0,0,1,0,0,0,0,0,129.3362939,35.539956
JDQ4MTYyMiM4MSMkMSMkNCMkNzIkMzgxOTYxIzQxIyQxIyQ3IyQwMyQzNjEwMDIjNDEjJDEjJDQjJDgz,더블유치과의원,51,치과의원,260000,울산,260001,울산남구,무거동,44611,"울산광역시 남구 대학로 136, 6층 (무거동)",052-221-1441,http://www.w-dent.co.kr,2009-04-10,1,0,0,0,0,1,0,0,0,0,0,0,0,0,129.2620076,35.5465859
JDQ4MTYyMiM4MSMkMiMkNCMkMDAkMzgxOTYxIzUxIyQxIyQ1IyQ5MiQzNjE0ODEjODEjJDEjJDIjJDgz,더에스의원,31,의원,260000,울산,260001,울산남구,삼산동,44719,"울산광역시 남구 삼산로278번길 8, 7층 (삼산동)",052-707-1000,http://www.smiin.co.kr,2008-07-18,1,1,0,0,0,0,0,0,0,0,0,0,0,0,129.3372881,35.5384818
JDQ4MTYyMiM4MSMkMSMkNCMkNzIkMzgxMzUxIzUxIyQyIyQ1IyQwMCQyNjE0ODEjNDEjJDEjJDQjJDgz,더젊어지는치과의원,51,치과의원,260000,울산,260100,울산울주군,언양읍,44941,"울산광역시 울주군 언양읍 동문길 65, 5층",052-274-1275,,2018-12-11,1,0,0,0,0,1,0,0,0,0,0,0,0,0,129.1250377,35.5654061
JDQ4MTYyMiM4MSMkMiMkNCMkMDAkNDgxMzUxIzUxIyQxIyQxIyQ5MiQyNjE0ODEjNjEjJDEjJDQjJDgz,더조은안과의원,31,의원,260000,울산,260001,울산남구,야음동,44750,"울산광역시 남구 수암로 130, 4층 (야음동)",052-716-7075,,2016-05-23,1,0,0,0,1,0,0,0,0,0,0,0,0,0,129.3212953,35.5274194
JDQ4MTYyMiM4MSMkMSMkNCMkNzIkMzgxMTkxIzIxIyQxIyQ1IyQ2MiQzNjE0ODEjNTEjJDEjJDIjJDgz,더조은플란트치과의원,51,치과의원,260000,울산,260001,울산남구,신정동,44690,"울산광역시 남구 중앙로 234, 2~3층 (신정동)",052-700-2829,,2024-05-07,6,0,0,0,0,3,0,0,3,0,0,0,0,0,129.3117885,35.5417123
JDQ4MTYyMiM4MSMkMiMkNCMkMDAkNDgxMzUxIzUxIyQxIyQxIyQwMyQzNjE4MzIjNDEjJDEjJDQjJDgz,더편한마취통증의학과의원,31,의원,260000,울산,260003,울산중구,학산동,44530,"울산광역시 중구 번영로 371, (학산동)",052-242-3456,,2016-07-29,1,0,0,0,1,0,0,0,0,0,0,0,0,0,129.3268217,35.5582223
JDQ4MTYyMiM4MSMkMiMkNCMkMDAkNDgxOTYxIzIxIyQyIyQ5IyQwMCQzNjEwMDIjNzEjJDEjJDgjJDgz,더편한정형외과의원,31,의원,260000,울산,260004,울산북구,매곡동,44225,"울산광역시 북구 매곡산업로 173, 서희파크 C동 지상1, 2층 (매곡동)",052-286-8900,,2023-02-03,1,0,0,0,1,0,0,0,0,0,0,0,0,0,129.3623273,35.6397443
JDQ4MTYyMiM4MSMkMSMkNCMkNzIkMzgxOTYxIzUxIyQxIyQxIyQ4OSQzNjEyMjIjNTEjJDEjJDYjJDgz,더플러스치과의원,51,치과의원,260000,울산,260001,울산남구,야음동,44750,"울산광역시 남구 수암로128번길 7, 나동 2층 (야음동, 그린레포츠)",052-267-7528,,2015-08-12,1,0,0,0,0,0,0,0,1,0,0,0,0,0,129.3213831,35.5270587
JDQ4MTYyMiM4MSMkMiMkNCMkMDAkMzgxNzAyIzUxIyQxIyQxIyQxMyQzNjEwMDIjNjEjJDEjJDQjJDgz,덕신정형외과의원,31,의원,260000,울산,260100,울산울주군,온산읍,45006,"울산광역시 울주군 온산읍 덕남로 31, (온산읍)",052-237-2280,,1998-01-07,1,0,0,0,1,0,0,0,0,0,0,0,0,0,129.3102547,35.4320583
JDQ4MTYyMiM4MSMkMiMkNCMkMDAkNDgxOTYxIzIxIyQxIyQ5IyQ2MiQ0NjEwMDIjNzEjJDEjJDgjJDgz,덕하연합의원,31,의원,260000,울산,260100,울산울주군,청량읍,44985,"울산광역시 울주군 청량읍 삼정로 808, 3층",052-261-0112,,2023-03-13,1,0,0,0,1,0,0,0,0,0,0,0,0,0,129.3026223,35.4872412
JDQ4MTYyMiM4MSMkMSMkNCMkNzIkMzgxMTkxIzIxIyQxIyQ1IyQ4MiQyNjE4MzIjODEjJDEjJDYjJDgz,덕하치과의원,51,치과의원,260000,울산,260100,울산울주군,청량읍,44985,"울산광역시 울주군 청량읍 삼정로 804, 2층 202호",052-997-2875,,2024-12-06,1,0,0,0,0,0,0,0,1,0,0,0,0,0,129.3022745,35.4871611
JDQ4MTYyMiM4MSMkMSMkNCMkMTMkNDgxMzUxIzUxIyQxIyQxIyQ2MiQyNjE4MzIjNjEjJDEjJDQjJDgz,덕하한의원,93,한의원,260000,울산,260100,울산울주군,청량읍,44984,"울산광역시 울주군 청량읍 덕하로 238-1, 1층",052-267-6901,,2007-08-14,1,0,0,0,0,0,0,0,0,0,0,0,1,0,129.3053584,35.4920594
JDQ4MTYyMiM4MSMkMSMkNCMkNzIkMzgxMzUxIzIxIyQxIyQ5IyQ2MiQzNjEwMDIjNjEjJDEjJDgjJDgz,델타전치과의원,51,치과의원,260000,울산,260001,울산남구,삼산동,44715,"울산광역시 남구 정동로42번길 28, 3층 (삼산동)",052-258-2840,,2004-01-06,1,0,0,0,0,1,0,0,0,0,0,0,0,0,129.3471134,35.5373555
JDQ4MTYyMiM4MSMkMSMkNCMkNzIkMzgxMzUxIzIxIyQxIyQxIyQwMyQyNjEwMDIjNDEjJDEjJDQjJDgz,델타치과의원,51,치과의원,260000,울산,260001,울산남구,삼산동,44719,"울산광역시 남구 삼산로 274, 10층 (삼산동)",052-257-2860,http://www.deltadental.co.kr/,2004-01-06,1,0,0,0,0,1,0,0,0,0,0,0,0,0,129.3371409,35.5389443
JDQ4MTYyMiM4MSMkMSMkNCMkMTMkNDgxMzUxIzMxIyQyIyQzIyQwMCQyNjE0ODEjNjEjJDEjJDAjJDgz,도담한의원,93,한의원,260000,울산,260004,울산북구,매곡동,44224,"울산광역시 북구 매산로 92-9, 4층 (매곡동)",052-292-5315,,2010-12-16,1,0,0,0,0,0,0,0,0,0,0,0,1,0,129.3585793,35.6404228
JDQ4MTYyMiM4MSMkMSMkNCMkMTMkNDgxMzUxIzIxIyQxIyQxIyQxMyQyNjEyMjIjNjEjJDEjJDQjJDgz,도원한의원,93,한의원,260000,울산,260001,울산남구,삼산동,44705,"울산광역시 남구 삼산중로 116, 201호 (삼산동)",052-269-7533,http://www.dowonclinic.com/,2007-05-07,1,0,0,0,0,0,0,0,0,1,0,0,0,0,129.3362967,35.543779
JDQ4MTYyMiM4MSMkMSMkNCMkMTMkMzgxMTkxIzExIyQxIyQzIyQ5OSQzNjEwMDIjNjEjJDEjJDQjJDgz,동강한방병원,92,한방병원,260000,울산,260001,울산남구,달동,44691,"울산광역시 남구 돋질로 80, (달동)",052-241-3114,,2008-02-29,1,0,0,0,0,0,0,0,0,0,0,0,1,0,129.3146046,35.5382803
JDQ4MTYyMiM4MSMkMiMkNCMkMDAkMzgxNzAyIzIxIyQxIyQxIyQ2MiQyNjEyMjIjNjEjJDEjJDgjJDgz,동구학문외과의원,31,의원,260000,울산,260002,울산동구,전하동,44042,"울산광역시 동구 방어진순환도로 785, (전하동)",052-232-0975,,2003-09-05,1,0,0,0,1,0,0,0,0,0,0,0,0,0,129.4303565,35.5118103
JDQ4MTYyMiM4MSMkMSMkNCMkMTMkMzgxNzAyIzExIyQxIyQzIyQxMyQ0NjEwMDIjNjEjJDEjJDAjJDgz,동국한의원,93,한의원,260000,울산,260003,울산중구,반구동,44502,"울산광역시 중구 반구정6길 35, 1층 (반구동)",052-274-3175,http://www.3175.co.kr,2013-03-04,1,0,0,0,0,0,0,0,0,1,0,0,0,0,129.3450886,35.5571983
JDQ4MTYyMiM4MSMkMSMkNCMkMTMkMzgxNzAyIzIxIyQxIyQ5IyQ3OSQyNjEwMDIjODEjJDEjJDYjJDgz,동남한의원,93,한의원,260000,울산,260004,울산북구,신천동,44220,"울산광역시 북구 매곡로 7, (신천동)",052-298-8199,,1992-06-18,1,0,0,0,0,0,0,0,0,1,0,0,0,0,129.3489118,35.6346393
JDQ4MTYyMiM4MSMkMSMkNCMkMTMkMzgxNzAyIzIxIyQxIyQ1IyQ4MiQ0NjE0ODEjNTEjJDEjJDYjJDgz,동방한의원,93,한의원,260000,울산,260002,울산동구,화정동,44076,"울산광역시 동구 월봉로 69, (화정동)",052-252-3073,,1998-03-10,1,0,0,0,0,0,0,0,0,1,0,0,0,0,129.4256192,35.4936515
JDQ4MTYyMiM4MSMkMSMkNCMkMTMkMzgxNzAyIzExIyQxIyQzIyQxMyQzNjE4MzIjODEjJDEjJDIjJDgz,동보한의원,93,한의원,260000,울산,260003,울산중구,학성동,44518,"울산광역시 중구 학산로 30, (학성동)",052-297-3736,,1986-10-27,1,0,0,0,0,0,0,0,0,1,0,0,0,0,129.3300632,35.5579589
JDQ4MTYyMiM4MSMkMiMkNCMkMDAkNDgxMzUxIzUxIyQyIyQ1IyQwMCQ0NjEwMDIjNjEjJDEjJDgjJDgz,동부사랑의원,31,의원,260000,울산,260001,울산남구,야음동,44750,"울산광역시 남구 수암로 134, 일중학원 2층 202호 (야음동)",052-271-1498,,2016-01-02,1,0,0,0,1,0,0,0,0,0,0,0,0,0,129.3216992,35.5272745
JDQ4MTYyMiM4MSMkMiMkNCMkMDAkMzgxMTkxIzExIyQxIyQzIyQ2MiQzNjE4MzIjODEjJDEjJDYjJDgz,동부의원,31,의원,260000,울산,260002,울산동구,동부동,44014,"울산광역시 동구 안산로 50, (동부동, 현대패밀리동부아파트)",052-232-3456,,1994-01-29,1,0,0,0,1,0,0,0,0,0,0,0,0,0,129.4318372,35.5426829
JDQ4MTYyMiM4MSMkMiMkNCMkMDAkMzgxOTYxIzUxIyQxIyQxIyQxMyQyNjEwMDIjNDEjJDEjJDgjJDgz,동산가정의학과의원,31,의원,260000,울산,260003,울산중구,유곡동,44466,"울산광역시 중구 평동길 1, (유곡동)",052-245-9291,,1996-03-18,1,0,0,0,1,0,0,0,0,0,0,0,0,0,129.3064996,35.5567057
JDQ4MTYyMiM4MSMkMiMkNCMkMDAkMzgxMTkxIzMxIyQxIyQ3IyQ3OSQyNjE4MzIjNjEjJDEjJDQjJDgz,동산이비인후과의원,31,의원,260000,울산,260002,울산동구,화정동,44070,"울산광역시 동구 대학길 75, 2층 (화정동)",052-232-4600,,2009-08-31,1,0,0,0,1,0,0,0,0,0,0,0,0,0,129.4219105,35.4988153
JDQ4MTYyMiM4MSMkMSMkNCMkMTMkMzgxNzAyIzExIyQxIyQ3IyQ5MiQ0NjEwMDIjNjEjJDEjJDgjJDgz,동양한의원,93,한의원,260000,울산,260100,울산울주군,언양읍,44942,"울산광역시 울주군 언양읍 헌양길 84, 3층",052-263-1236,,2025-11-21,1,0,0,0,0,0,0,0,0,1,0,0,0,0,129.1223146,35.5651258
JDQ4MTYyMiM4MSMkMSMkNCMkMTMkNDgxMzUxIzIxIyQxIyQxIyQ5MiQyNjE0ODEjNjEjJDEjJDAjJDgz,동양한의원,93,한의원,260000,울산,260004,울산북구,천곡동,44205,"울산광역시 북구 가재길 82, 301,302호 (천곡동, 리더스빌딩)",052-282-1175,,2009-11-19,1,0,0,0,0,0,0,0,0,1,0,0,0,0,129.3326281,35.6335074
JDQ4MTYyMiM4MSMkMSMkNCMkMTMkNDgxMzUxIzExIyQxIyQ3IyQ4OSQyNjE0ODEjNjEjJDEjJDAjJDgz,동우한의원,93,한의원,260000,울산,260003,울산중구,태화동,44452,"울산광역시 중구 유곡로 29, 2층 (태화동)",052-242-1075,,2009-06-18,1,0,0,0,0,0,0,0,0,1,0,0,0,0,129.3064533,35.5563749
JDQ4MTYyMiM4MSMkMiMkNCMkMDAkMzgxOTYxIzMxIyQxIyQzIyQ4OSQzNjEyMjIjNjEjJDEjJDQjJDgz,동울산신경외과의원,31,의원,260000,울산,260002,울산동구,일산동,44053,"울산광역시 동구 방어진순환도로 689, (일산동)",052-233-8172,,1993-01-29,1,0,0,0,1,0,0,0,0,0,0,0,0,0,129.4290544,35.5033081
JDQ4MTYyMiM4MSMkMiMkNCMkMDAkMzgxMTkxIzMxIyQxIyQ3IyQwMyQyNjEyMjIjNjEjJDEjJDQjJDgz,동울산영상의학과의원,31,의원,260000,울산,260002,울산동구,일산동,44068,"울산광역시 동구 방어진순환도로 633, 9층 (일산동, 세인트예스타워)",052-236-7799,,2001-01-02,2,0,0,0,2,0,0,0,0,0,0,0,0,0,129.4277124,35.4983674
JDQ4MTYyMiM4MSMkMSMkNCMkMTMkNDgxMzUxIzMxIyQxIyQzIyQ4OSQ0NjEwMDIjNTEjJDEjJDYjJDgz,동울산한의원,93,한의원,260000,울산,260002,울산동구,전하동,44043,"울산광역시 동구 진성14길 118, 6호 (전하동)",052-232-7599,,2010-09-06,1,0,0,0,0,0,0,0,0,1,0,0,0,0,129.4262017,35.5109063
JDQ4MTYyMiM4MSMkMSMkNCMkMTMkNDgxMzUxIzExIyQxIyQ3IyQwMyQyNjE4MzIjNDEjJDEjJDQjJDgz,동의보감한의원,93,한의원,260000,울산,260001,울산남구,신정동,44748,"울산광역시 남구 수암로 108, 2층 (신정동)",052-258-7510,,2006-01-19,1,0,0,0,0,0,0,0,0,1,0,0,0,0,129.3189902,35.5284968
JDQ4MTYyMiM4MSMkMSMkNCMkMTMkNDgxMzUxIzQxIyQxIyQ3IyQ3MiQyNjEyMjIjODEjJDEjJDIjJDgz,동의부부한의원,93,한의원,260000,울산,260100,울산울주군,언양읍,44946,"울산광역시 울주군 언양읍 동문길 76, 1층",052-262-2622,,2014-02-10,1,0,0,0,0,0,0,0,0,1,0,0,0,0,129.1246202,35.5648467
JDQ4MTYyMiM4MSMkMSMkNCMkMTMkMzgxNzAyIzIxIyQxIyQ5IyQ5OSQ0NjE0ODEjNDEjJDEjJDgjJDgz,동의한의원,93,한의원,260000,울산,260001,울산남구,무거동,44607,"울산광역시 남구 신복로 25, (무거동)",052-247-7221,,1992-12-28,1,0,0,0,0,0,0,0,0,1,0,0,0,0,129.2591484,35.5483065
JDQ4MTYyMiM4MSMkMSMkNCMkMTMkMzgxNzAyIzQxIyQxIyQ3IyQ3OSQyNjE0ODEjNDEjJDEjJDQjJDgz,동인한의원,93,한의원,260000,울산,260001,울산남구,신정동,44739,"울산광역시 남구 수암로 111, (신정동)",052-266-8209,,1998-09-22,1,0,0,0,0,0,0,0,0,1,0,0,0,0,129.3197925,35.5287878
JDQ4MTYyMiM4MSMkMSMkNCMkMTMkMzgxNzAyIzIxIyQxIyQxIyQ3OSQzNjEyMjIjNzEjJDEjJDgjJDgz,동제한의원,93,한의원,260000,울산,260001,울산남구,달동,44726,"울산광역시 남구 삼산로156번길 5-74, 2층 (달동, 현대2차아파트 상가)",052-268-5757,,1987-10-28,1,0,0,0,0,0,0,0,0,1,0,0,0,0,129.325892,35.5360738
JDQ4MTYyMiM4MSMkMiMkNCMkMDAkNDgxMzUxIzExIyQxIyQ3IyQwMyQyNjE0ODEjODEjJDEjJDIjJDgz,동해강의원,31,의원,260000,울산,260100,울산울주군,온산읍,45001,"울산광역시 울주군 온산읍 덕신로 259, 1층",052-238-7525,,2007-07-23,1,0,0,0,1,0,0,0,0,0,0,0,0,0,129.3098245,35.4338395
JDQ4MTYyMiM4MSMkMiMkNCMkMDAkNDgxMzUxIzUxIyQyIyQxIyQwMCQzNjE4MzIjNTEjJDEjJDYjJDgz,동해정신건강의학과의원,31,의원,260000,울산,260001,울산남구,신정동,44671,"울산광역시 남구 중앙로 239, 4층 (신정동)",052-261-1020,,2016-02-23,1,0,0,0,1,0,0,0,0,0,0,0,0,0,129.3110382,35.5420931
JDQ4MTYyMiM4MSMkMSMkNCMkMTMkMzgxNzAyIzMxIyQxIyQzIyQ3OSQ0NjEwMDIjNDEjJDEjJDgjJDgz,동화한의원,93,한의원,260000,울산,260100,울산울주군,언양읍,44940,"울산광역시 울주군 언양읍 언양로 1, (언양읍)",052-263-0277,,1994-10-04,1,0,0,0,0,0,0,0,0,1,0,0,0,0,129.1279082,35.5637709
JDQ4MTYyMiM4MSMkMSMkNCMkOTIkMzgxOTYxIzExIyQxIyQzIyQ3OSQyNjEyMjIjNDEjJDEjJDgjJDgz,두동면보건지소,72,보건지소,260000,울산,260100,울산울주군,두동면,44915,"울산광역시 울주군 두동면 대밀길 36-6, (두동면)",052-262-7861,,1997-07-15,1,0,0,0,0,0,0,0,0,1,0,0,0,0,129.2016136,35.6537386
JDQ4MTYyMiM4MSMkMSMkNCMkOTIkMzgxOTYxIzExIyQxIyQ3IyQxMyQ0NjE0ODEjNTEjJDEjJDIjJDgz,두서면보건지소,72,보건지소,260000,울산,260100,울산울주군,두서면,44911,"울산광역시 울주군 두서면 반구대로 1817-11, (두서면보건지소)",052-262-6595,,1997-07-15,0,0,0,0,0,0,0,0,0,0,0,0,0,0,129.1618614,35.6479144
JDQ4MTYyMiM4MSMkMiMkNCMkMDAkNDgxMzUxIzMxIyQxIyQzIyQ3MiQzNjE4MzIjODEjJDEjJDYjJDgz,드림메디의원,31,의원,260000,울산,260001,울산남구,옥동,44646,"울산광역시 남구 문수로335번길 6, 3층 (옥동, 길상빌딩)",052-267-8881,,2013-06-12,1,0,0,0,1,0,0,0,0,0,0,0,0,0,129.290583,35.5355729
JDQ4MTYyMiM4MSMkMiMkNCMkMDAkMzgxMTkxIzUxIyQxIyQxIyQ3MiQ0NjE0ODEjNjEjJDEjJDQjJDgz,드림아이의원,31,의원,260000,울산,260004,울산북구,매곡동,44225,"울산광역시 북구 호계매곡1로 31, 상가동 지상1층 105호 (매곡동, 드림인시티 에일린의뜰 1차)",052-295-0129,,2018-08-29,1,0,0,0,1,0,0,0,0,0,0,0,0,0,129.3652533,35.6370317
JDQ4MTYyMiM4MSMkMSMkNCMkNzIkMzgxMTkxIzExIyQxIyQ3IyQ4MiQzNjEwMDIjNTEjJDEjJDIjJDgz,드림연합치과의원,51,치과의원,260000,울산,260001,울산남구,삼산동,44715,"울산광역시 남구 삼산로 344, 2~3층 (삼산동)",052-260-8275,,2019-10-01,3,0,0,0,0,1,0,0,2,0,0,0,0,0,129.3445429,35.5394617
JDQ4MTYyMiM4MSMkMiMkNCMkMDAkNDgxOTYxIzMxIyQxIyQzIyQ5MiQyNjE4MzIjNjEjJDEjJDgjJDgz,드림이비인후과의원,31,의원,260000,울산,260001,울산남구,야음동,44752,"울산광역시 남구 수암로 230, 402,403호 (야음동)",052-233-3355,,2024-09-26,2,0,0,0,2,0,0,0,0,0,0,0,0,0,129.3308903,35.5246861
JDQ4MTYyMiM4MSMkMSMkNCMkNzIkMzgxOTYxIzUxIyQxIyQxIyQ2MiQzNjEwMDIjNzEjJDEjJDgjJDgz,득원치과의원,51,치과의원,260000,울산,260001,울산남구,신정동,44653,"울산광역시 남구 문수로 403, 4층 (신정동)",052-265-6401,,2013-12-27,1,0,0,0,0,1,0,0,0,0,0,0,0,0,129.2976265,35.5341417
JDQ4MTYyMiM4MSMkMSMkNCMkMTMkNDgxOTYxIzExIyQyIyQzIyQwMCQzNjE0ODEjNDEjJDEjJDgjJDgz,든든 한의원,93,한의원,260000,울산,260003,울산중구,남외동,44492,"울산광역시 중구 곽남길 18, 2층 (남외동)",052-293-7094,,2019-07-25,2,0,0,0,0,0,0,0,0,2,0,0,0,0,129.341995,35.5690023
JDQ4MTYyMiM4MSMkMiMkNCMkMDAkNDgxOTYxIzExIyQxIyQ3IyQwMyQyNjEwMDIjNDEjJDEjJDgjJDgz,디데이의원,31,의원,260000,울산,260001,울산남구,달동,44707,"울산광역시 남구 삼산로 231, 410호 (달동, 울산센트럴자이)",052-716-5006,,2016-01-22,1,0,0,0,1,0,0,0,0,0,0,0,0,0,129.3327131,35.5386826
JDQ4MTYyMiM4MSMkMiMkNCMkMDAkNDgxOTYxIzMxIyQxIyQ3IyQ3OSQyNjEyMjIjNTEjJDEjJDYjJDgz,디렉터의원,31,의원,260000,울산,260001,울산남구,삼산동,44705,"울산광역시 남구 삼산로 273, 삼산타워 1401, 1402호 (삼산동)",052-700-9911,,2025-02-20,2,2,0,0,0,0,0,0,0,0,0,0,0,0,129.3367805,35.5395317
JDQ4MTYyMiM4MSMkMSMkNCMkNzIkMzgxOTYxIzUxIyQyIyQxIyQwMCQyNjE0ODEjODEjJDEjJDYjJDgz,디에르치과의원,51,치과의원,260000,울산,260001,울산남구,삼산동,44715,"울산광역시 남구 화합로 148, 4층 (삼산동)",052-261-9559,,2008-07-14,1,0,0,0,0,1,0,0,0,0,0,0,0,0,129.3401987,35.5379732
JDQ4MTYyMiM4MSMkMiMkNCMkMDAkMzgxNzAyIzUxIyQxIyQ1IyQ4MiQ0NjEwMDIjNTEjJDEjJDIjJDgz,디엔샘내과의원,31,의원,260000,울산,260001,울산남구,삼산동,44719,"울산광역시 남구 삼산로 274, 802호 (삼산동)",052-257-0037,http://www.dmsam.co.kr,2008-04-17,1,0,0,0,1,0,0,0,0,0,0,0,0,0,129.3371409,35.5389443
JDQ4MTYyMiM4MSMkMSMkNCMkNzIkMzgxMTkxIzExIyQxIyQ3IyQ4MiQyNjEwMDIjNDEjJDEjJDQjJDgz,디지털365치과의원,51,치과의원,260000,울산,260001,울산남구,삼산동,44705,"울산광역시 남구 화합로 203, (삼산동)",052-710-5020,,2019-09-06,2,0,0,0,0,2,0,0,0,0,0,0,0,0,129.3391854,35.5429337
JDQ4MTYyMiM4MSMkMSMkNCMkNzIkMzgxOTYxIzIxIyQxIyQ5IyQ4MiQyNjE4MzIjNDEjJDEjJDQjJDgz,디지털노블치과의원,51,치과의원,260000,울산,260004,울산북구,호계동,44228,"울산광역시 북구 호계로 277, (호계동)",052-293-2879,,2007-09-01,1,0,0,0,0,1,0,0,0,0,0,0,0,0,129.3506929,35.6280626
JDQ4MTYyMiM4MSMkMSMkNCMkNzIkMzgxOTYxIzIxIyQyIyQ5IyQwMCQ0NjE0ODEjODEjJDEjJDYjJDgz,따뜻한치과의원,51,치과의원,260000,울산,260001,울산남구,신정동,44671,"울산광역시 남구 중앙로 263, 4층 (신정동)",227-2825,,2010-09-07,1,0,0,0,0,1,0,0,0,0,0,0,0,0,129.3102357,35.5441326
JDQ4MTYyMiM4MSMkMSMkNCMkOTkkNTgxMzUxIzIxIyQxIyQxIyQ5MiQzNjE0ODEjNzEjJDEjJDgjJDgz,따사랑요양병원,28,요양병원,260000,울산,260001,울산남구,신정동,44623,"울산광역시 남구 봉월로 161, 2-5층 (신정동)",052-261-5567,,2014-03-20,4,1,0,0,1,0,0,0,0,2,0,0,0,0,129.3071206,35.5467841
JDQ4MTYyMiM4MSMkMiMkNCMkMDAkNDgxMzUxIzIxIyQxIyQ5IyQ4MiQyNjE0ODEjNTEjJDEjJDIjJDgz,라마르의원,31,의원,260000,울산,260001,울산남구,달동,44707,"울산광역시 남구 삼산로 251, 2층 (달동)",052-2281-1310,http://www.lamarulsan.com/,2011-08-12,1,0,0,0,1,0,0,0,0,0,0,0,0,0,129.3344924,35.5390894
JDQ4MTYyMiM4MSMkMiMkNCMkMDAkNDgxMzUxIzMxIyQxIyQzIyQxMyQ0NjE0ODEjNjEjJDEjJDgjJDgz,라엘라의원,31,의원,260000,울산,260001,울산남구,삼산동,44719,"울산광역시 남구 삼산로 274, 7층, 13층 일부 (삼산동)",052-269-5114,,2013-11-05,2,1,0,0,1,0,0,0,0,0,0,0,0,0,129.3371409,35.5389443
JDQ4MTYyMiM4MSMkMSMkNCMkNzIkMzgxMTkxIzIxIyQxIyQxIyQ3MiQ0NjE0ODEjNjEjJDEjJDgjJDgz,라인치과교정과치과의원,51,치과의원,260000,울산,260004,울산북구,호계동,44228,"울산광역시 북구 호계로 291-1, 3층 (호계동)",052-992-2875,,2021-12-22,2,0,0,0,0,0,0,0,2,0,0,0,0,0,129.3508339,35.6292097
JDQ4MTYyMiM4MSMkMiMkNCMkMDAkNDgxOTYxIzExIyQxIyQzIyQxMyQyNjEwMDIjNTEjJDEjJDIjJDgz,라임의원,31,의원,260000,울산,260001,울산남구,무거동,44632,"울산광역시 남구 북부순환도로 11, 3층 (무거동)",052-972-7582,,2018-10-19,1,1,0,0,0,0,0,0,0,0,0,0,0,0,129.2649564,35.5512704
JDQ4MTYyMiM4MSMkMSMkNCMkNzIkMzgxOTYxIzIxIyQxIyQ1IyQ4OSQzNjEwMDIjNTEjJDEjJDYjJDgz,라임치과의원,51,치과의원,260000,울산,260004,울산북구,화봉동,44241,"울산광역시 북구 화봉로 59, 나동 206호 (화봉동)",052-287-3528,,2005-04-15,1,0,0,0,0,1,0,0,0,0,0,0,0,0,129.3656224,35.588571
JDQ4MTYyMiM4MSMkMSMkNCMkMTMkNDgxOTYxIzExIyQxIyQzIyQ3OSQzNjE4MzIjNTEjJDEjJDYjJDgz,라임한의원,93,한의원,260000,울산,260001,울산남구,무거동,44632,"울산광역시 남구 북부순환도로 11, 3층 (무거동)",052-972-7582,,2018-10-19,1,0,0,0,0,0,0,0,0,1,0,0,0,0,129.2649564,35.5512704
JDQ4MTYyMiM4MSMkMSMkNCMkMTMkNDgxMzUxIzExIyQxIyQ3IyQ3MiQzNjEyMjIjNTEjJDEjJDIjJDgz,락선재한의원,93,한의원,260000,울산,260100,울산울주군,범서읍,44928,"울산광역시 울주군 범서읍 천상중앙길 96-1, (범서읍)",052-211-1075,,2009-04-29,1,0,0,0,0,0,0,0,0,1,0,0,0,0,129.2258976,35.5626773
JDQ4MTYyMiM4MSMkMSMkNCMkNzIkMzgxOTYxIzIxIyQxIyQ1IyQ5MiQyNjE4MzIjNDEjJDEjJDgjJDgz,램브란트치과의원,51,치과의원,260000,울산,260001,울산남구,무거동,44611,"울산광역시 남구 대학로 130, 4층 (무거동, 성진빌딩)",052-277-7585,,2006-03-13,2,0,0,0,0,2,0,0,0,0,0,0,0,0,129.2617207,35.5461451
JDQ4MTYyMiM4MSMkMSMkNCMkNzIkMzgxMTkxIzIxIyQxIyQxIyQ5MiQ0NjEwMDIjODEjJDEjJDYjJDgz,런던의오후치과의원,51,치과의원,260000,울산,260001,울산남구,신정동,44667,"울산광역시 남구 문수로 482, 201호, 204호 (신정동, 대공원 코아루 파크베르)",052-912-2828,,2022-07-29,1,0,0,0,0,0,0,0,1,0,0,0,0,0,129.3060423,35.5319728
JDQ4MTYyMiM4MSMkMSMkNCMkMTMkNDgxOTYxIzIxIyQxIyQxIyQ4OSQzNjE0ODEjODEjJDEjJDYjJDgz,려원한의원,93,한의원,260000,울산,260003,울산중구,남외동,44493,"울산광역시 중구 병영로 5, 2층 (남외동)",052-291-1253,,2025-09-23,1,0,0,0,0,0,0,0,0,0,0,0,1,0,129.3459197,35.5698006
JDQ4MTYyMiM4MSMkMSMkNCMkNzIkMzgxMTkxIzIxIyQxIyQ1IyQ2MiQzNjEyMjIjODEjJDEjJDYjJDgz,로덴치과의원,51,치과의원,260000,울산,260001,울산남구,삼산동,44700,"울산광역시 남구 월평로 256, 3층 (삼산동)",052-266-7905,,1992-05-11,1,0,0,0,0,1,0,0,0,0,0,0,0,0,129.3324562,35.546834
JDQ4MTYyMiM4MSMkMSMkNCMkNzIkMzgxMTkxIzExIyQxIyQ3IyQ3MiQzNjEwMDIjNjEjJDEjJDQjJDgz,로원치과의원,51,치과의원,260000,울산,260003,울산중구,서동,44481,"울산광역시 중구 동천서로 56, G PLACE 5층 501,502호 (서동)",294-7575,,2019-07-18,1,0,0,0,0,1,0,0,0,0,0,0,0,0,129.3447183,35.5838478
JDQ4MTYyMiM4MSMkMSMkNCMkNjIkMzgxMzUxIzExIyQxIyQzIyQ3MiQzNjEwMDIjNTEjJDEjJDYjJDgz,로이스씨케이치과병원,41,치과병원,260000,울산,260001,울산남구,달동,44695,"울산광역시 남구 삼산로 173, 3~7층,12층 (달동)",052-270-2800,,2009-07-06,7,0,0,0,0,4,0,0,3,0,0,0,0,0,129.3261163,35.5374168
JDQ4MTYyMiM4MSMkMiMkNCMkMDAkMzgxOTYxIzMxIyQxIyQ3IyQ4MiQzNjE4MzIjNjEjJDEjJDgjJDgz,로즈메디산부인과의원,31,의원,260000,울산,260002,울산동구,전하동,44047,"울산광역시 동구 방어진순환도로 747, (전하동)",052-234-3575,http://www.rosemedi.com,2003-05-29,2,0,0,0,2,0,0,0,0,0,0,0,0,0,129.4298765,35.5084413
JDQ4MTYyMiM4MSMkMSMkNCMkNzIkMzgxMzUxIzExIyQxIyQ3IyQxMyQyNjE0ODEjNTEjJDEjJDIjJDgz,로타리치과의원,51,치과의원,260000,울산,260001,울산남구,신정동,44667,"울산광역시 남구 대공원로 241, 2층 209호~210호 (신정동, 대공원코오롱파크폴리스)",052-275-1334,,1985-04-30,1,0,0,0,0,1,0,0,0,0,0,0,0,0,129.3073521,35.5309724
JDQ4MTYyMiM4MSMkMiMkNCMkMDAkNDgxOTYxIzMxIyQxIyQ3IyQ3OSQyNjE0ODEjNzEjJDEjJDgjJDgz,루나산부인과의원,31,의원,260000,울산,260001,울산남구,신정동,44664,"울산광역시 남구 문수로 406, 농협중앙회울주군지부 3층 (신정동)",052-267-0888,,2025-02-13,1,0,0,0,1,0,0,0,0,0,0,0,0,0,129.2976755,35.5335398
JDQ4MTYyMiM4MSMkMiMkNCMkMDAkNDgxMzUxIzQxIyQxIyQ3IyQ3MiQyNjE0ODEjNjEjJDEjJDAjJDgz,류마장구본승내과의원,31,의원,260000,울산,260003,울산중구,반구동,44509,"울산광역시 중구 번영로 484, 2층 5층 (반구동)",052-292-0303,,2015-05-28,1,0,0,0,1,0,0,0,0,0,0,0,0,0,129.3365576,35.5640873
JDQ4MTYyMiM4MSMkMSMkNCMkNzIkMzgxOTYxIzIxIyQxIyQ1IyQ3MiQyNjEwMDIjNDEjJDEjJDQjJDgz,류치과의원,51,치과의원,260000,울산,260001,울산남구,달동,44726,"울산광역시 남구 번영로 115, 경남은행 달동지점 6층 (달동)",052-707-2828,,2022-03-30,1,0,0,0,0,0,0,0,1,0,0,0,0,0,129.328333,35.5355887
JDQ4MTYyMiM4MSMkMiMkNCMkMDAkNDgxMzUxIzIxIyQyIyQ5IyQwMCQyNjEwMDIjODEjJDEjJDYjJDgz,르네상스의원,31,의원,260000,울산,260001,울산남구,신정동,44667,"울산광역시 남구 대공원로 241, 301,302,312,313호 (신정동, 대공원코오롱파크폴리스상가)",052-716-1249,http://renaissance-clinic.com,2012-03-19,1,0,0,0,1,0,0,0,0,0,0,0,0,0,129.3073521,35.5309724
JDQ4MTYyMiM4MSMkMiMkNCMkMDAkNDgxMzUxIzIxIyQxIyQxIyQ3MiQzNjEwMDIjNTEjJDEjJDYjJDgz,르본의원,31,의원,260000,울산,260001,울산남구,삼산동,44705,"울산광역시 남구 삼산중로74번길 6, 4층 (삼산동)",052-267-8655,,2013-11-15,1,0,0,0,1,0,0,0,0,0,0,0,0,0,129.3363058,35.5401422
JDQ4MTYyMiM4MSMkMiMkNCMkMDAkNDgxOTYxIzIxIyQxIyQxIyQ3MiQzNjE4MzIjNjEjJDEjJDQjJDgz,리더스마취통증의학과의원,31,의원,260000,울산,260001,울산남구,야음동,44750,"울산광역시 남구 수암로 138, 타임스퀘어 3층 301~303호 (야음동)",052-912-7575,,2020-11-19,1,0,0,0,1,0,0,0,0,0,0,0,0,0,129.3219771,35.5270563
JDQ4MTYyMiM4MSMkMiMkNCMkMDAkNDgxMzUxIzQxIyQxIyQ3IyQ5MiQyNjEwMDIjNzEjJDEjJDgjJDgz,리더스서울안과의원,31,의원,260000,울산,260001,울산남구,삼산동,44705,"울산광역시 남구 삼산로 269, 2,4층 (삼산동)",052-260-3301,,2015-07-31,3,0,0,0,3,0,0,0,0,0,0,0,0,0,129.3365304,35.5394813
JDQ4MTYyMiM4MSMkMSMkNCMkNzIkMzgxOTYxIzIxIyQxIyQ1IyQxMyQ0NjE0ODEjNjEjJDEjJDgjJDgz,리더스윤치과의원,51,치과의원,260000,울산,260002,울산동구,서부동,44012,"울산광역시 동구 동해안로 4, 2층 (서부동)",052-234-7500,,2006-06-30,1,0,0,0,0,1,0,0,0,0,0,0,0,0,129.4248522,35.5399456
JDQ4MTYyMiM4MSMkMSMkNCMkNzIkMzgxMTkxIzIxIyQxIyQxIyQ3OSQ0NjEwMDIjODEjJDEjJDIjJDgz,리더스치과의원,51,치과의원,260000,울산,260001,울산남구,야음동,44750,"울산광역시 남구 수암로 138, 타임스퀘어 6층 604, 605호 (야음동)",052-975-2875,,2020-11-04,1,0,0,0,0,0,0,0,1,0,0,0,0,0,129.3219771,35.5270563
JDQ4MTYyMiM4MSMkMSMkNCMkNzIkMzgxOTYxIzIxIyQxIyQ1IyQ4MiQyNjEyMjIjNjEjJDEjJDQjJDgz,리틀원소아치과치과의원,51,치과의원,260000,울산,260001,울산남구,달동,44707,"울산광역시 남구 삼산로 243, 6층 (달동, 종범빌딩)",052-258-1275,http://www.littleone.co.kr,2006-01-26,2,0,0,0,0,0,0,0,2,0,0,0,0,0,129.3336736,35.538944
JDQ4MTYyMiM4MSMkMiMkNCMkMDAkNDgxOTYxIzMxIyQxIyQzIyQ2MiQyNjEyMjIjNjEjJDEjJDgjJDgz,리프톤피부과의원,31,의원,260000,울산,260001,울산남구,달동,44718,"울산광역시 남구 삼산로 254, 3층 (달동)",052-700-0555,,2024-05-29,1,0,0,0,1,0,0,0,0,0,0,0,0,0,129.335013,35.5385217
JDQ4MTYyMiM4MSMkMiMkNCMkMDAkNDgxMzUxIzExIyQxIyQ3IyQwMyQzNjEyMjIjNzEjJDEjJDgjJDgz,마디마취통증의학과의원,31,의원,260000,울산,260004,울산북구,신천동,44224,"울산광역시 북구 호계로 322, 3층 (신천동)",052-295-1003,,2010-02-09,1,0,0,0,1,0,0,0,0,0,0,0,0,0,129.350974,35.6318837
JDQ4MTYyMiM4MSMkMiMkNCMkMDAkMzgxNzAyIzIxIyQxIyQ5IyQ4OSQyNjE0ODEjNDEjJDEjJDgjJDgz,마디정형외과의원,31,의원,260000,울산,260002,울산동구,화정동,44077,"울산광역시 동구 방어진순환도로 577, (화정동)",052-235-5858,,2009-02-17,1,0,0,0,1,0,0,0,0,0,0,0,0,0,129.4265177,35.4935044
JDQ4MTYyMiM4MSMkMiMkNCMkMDAkNDgxOTYxIzMxIyQyIyQ3IyQwMCQyNjE0ODEjODEjJDEjJDYjJDgz,마디튼튼가정의학과의원,31,의원,260000,울산,260001,울산남구,신정동,44730,"울산광역시 남구 삼산로 26, 2층 201호 (신정동, 공업탑 하트랜드)",052-700-7737,,2025-04-28,1,0,0,0,1,0,0,0,0,0,0,0,0,0,129.3108661,35.5327022
JDQ4MTYyMiM4MSMkMiMkNCMkMDAkMzgxOTYxIzQxIyQxIyQ3IyQ5OSQzNjEyMjIjNjEjJDEjJDQjJDgz,마리포사산부인과의원,31,의원,260000,울산,260003,울산중구,남외동,44495,"울산광역시 중구 번영로 580, 5층 (남외동)",052-281-4454,,2009-05-18,1,0,0,0,1,0,0,0,0,0,0,0,0,0,129.3453715,35.5685691
JDQ4MTYyMiM4MSMkMiMkNCMkMDAkMzgxNzAyIzExIyQxIyQ3IyQ4MiQ0NjEwMDIjNDEjJDEjJDgjJDgz,마마파파베이비산부인과의원,31,의원,260000,울산,260001,울산남구,달동,44707,"울산광역시 남구 삼산로 247, 15~17층 (달동, 마마파파&베이비빌딩)",052-258-6006,www.mamapapa.or.kr/,2003-03-20,4,0,0,0,4,0,0,0,0,0,0,0,0,0,129.3341147,35.5391017
JDQ4MTYyMiM4MSMkMiMkNCMkMDAkMzgxNzAyIzUxIyQxIyQ1IyQ2MiQzNjEwMDIjNjEjJDEjJDQjJDgz,마인드닥터의원,31,의원,260000,울산,260001,울산남구,신정동,44730,"울산광역시 남구 삼산로 24, 프라자빌딩 3층 303호 (신정동)",052-260-7525,http://www.minddr.co.kr,2008-03-06,1,0,0,0,1,0,0,0,0,0,0,0,0,0,129.310427,35.5327007
JDQ4MTYyMiM4MSMkMSMkNCMkMTMkMzgxNzAyIzIxIyQyIyQxIyQwMCQyNjEwMDIjODEjJDEjJDIjJDgz,만월한의원,93,한의원,260000,울산,260100,울산울주군,서생면,45014,"울산광역시 울주군 서생면 해맞이로 875, 3층",052-234-7422,,1989-04-14,1,0,0,0,0,0,0,0,0,1,0,0,0,0,129.3236623,35.3487565
JDQ4MTYyMiM4MSMkMSMkNCMkMTMkNDgxMzUxIzMxIyQxIyQzIyQ5MiQzNjE0ODEjNjEjJDEjJDgjJDgz,맑은맥한의원,93,한의원,260000,울산,260002,울산동구,방어동,44088,"울산광역시 동구 화진길 35, (방어동)",052-236-2326,,2011-06-07,1,0,0,0,0,0,0,0,0,1,0,0,0,0,129.4211624,35.4895719
JDQ4MTYyMiM4MSMkMSMkNCMkMTMkNDgxMzUxIzUxIyQxIyQ1IyQ5OSQyNjE4MzIjNzEjJDEjJDgjJDgz,맑은숲예인한의원,93,한의원,260000,울산,260001,울산남구,무거동,44611,"울산광역시 남구 대학로 134, 삼흥메디어스 2층 (무거동)",052-247-5336,,2003-07-15,1,0,0,0,0,0,0,0,0,1,0,0,0,0,129.2618564,35.5463827
JDQ4MTYyMiM4MSMkMiMkNCMkMDAkNDgxOTYxIzExIyQxIyQzIyQ3MiQzNjEyMjIjNjEjJDEjJDAjJDgz,맑은이비인후과의원,31,의원,260000,울산,260001,울산남구,삼산동,44705,"울산광역시 남구 삼산로 269, 6층 (삼산동)",052-298-3500,,2018-04-24,1,0,0,0,1,0,0,0,0,0,0,0,0,0,129.3365304,35.5394813
JDQ4MTYyMiM4MSMkMSMkNCMkNzIkMzgxOTYxIzMxIyQxIyQ3IyQ4OSQzNjEwMDIjNTEjJDEjJDIjJDgz,맑은치과의원,51,치과의원,260000,울산,260001,울산남구,신정동,44666,"울산광역시 남구 문수로 414, 5층 (신정동)",052-268-2833,,2010-04-07,1,0,0,0,0,1,0,0,0,0,0,0,0,0,129.2985251,35.5335358
JDQ4MTYyMiM4MSMkMSMkNCMkOTkkMzgxMzUxIzMxIyQxIyQ3IyQ5OSQyNjEyMjIjNjEjJDEjJDgjJDgz,맘스여성병원,21,병원,260000,울산,260003,울산중구,남외동,44495,"울산광역시 중구 남외2길 36, (남외동)",052-290-6000,,2025-07-01,13,0,0,0,13,0,0,0,0,0,0,0,0,0,129.3509421,35.5666963
JDQ4MTYyMiM4MSMkMSMkNCMkMTMkNDgxMzUxIzIxIyQxIyQxIyQ3MiQ0NjEwMDIjNTEjJDEjJDYjJDgz,매곡경희한의원,93,한의원,260000,울산,260004,울산북구,매곡동,44220,"울산광역시 북구 매곡1로 15, 3층 (매곡동)",052-294-7510,,2010-07-22,1,0,0,0,0,0,0,0,0,1,0,0,0,0,129.3538047,35.6428478
JDQ4MTYyMiM4MSMkMSMkNCMkMTMkNDgxOTYxIzExIyQxIyQ3IyQ5OSQ0NjE0ODEjNTEjJDEjJDIjJDgz,매곡한의원,93,한의원,260000,울산,260004,울산북구,매곡동,44215,"울산광역시 북구 매곡1로 46, 대우프라자 303호 (매곡동)",052-700-8030,,2022-04-19,1,0,0,0,0,0,0,0,0,1,0,0,0,0,129.3512761,35.6447162
JDQ4MTYyMiM4MSMkMiMkNCMkMDAkNDgxOTYxIzMxIyQxIyQ3IyQ4OSQyNjE4MzIjODEjJDEjJDYjJDgz,매일365의원,31,의원,260000,울산,260001,울산남구,삼산동,44705,"울산광역시 남구 삼산로 277, 4층 (삼산동)",052-258-0365,,2025-03-19,1,0,0,0,1,0,0,0,0,0,0,0,0,0,129.3374374,35.5396495
JDQ4MTYyMiM4MSMkMSMkNCMkMTMkNDgxOTYxIzIxIyQxIyQxIyQ5OSQyNjE0ODEjNTEjJDEjJDYjJDgz,매일여는한의원,93,한의원,260000,울산,260004,울산북구,송정동,44236,"울산광역시 북구 화산로 109, 3층 (송정동)",052-700-1075,,2024-01-22,2,0,0,0,0,0,0,0,0,2,0,0,0,0,129.3652805,35.6017933
JDQ4MTYyMiM4MSMkMSMkNCMkMTMkMzgxNzAyIzUxIyQxIyQxIyQ4MiQzNjEwMDIjNDEjJDEjJDgjJDgz,맥한의원,93,한의원,260000,울산,260002,울산동구,화정동,44070,"울산광역시 동구 대학길 59, 2층 (화정동)",052-201-8275,,2001-07-07,1,0,0,0,0,0,0,0,0,1,0,0,0,0,129.4211842,35.4989322
JDQ4MTYyMiM4MSMkMiMkNCMkMDAkMzgxMTkxIzUxIyQxIyQxIyQwMyQ0NjE0ODEjNzEjJDEjJDgjJDgz,메디아트의원,31,의원,260000,울산,260001,울산남구,삼산동,44705,"울산광역시 남구 삼산로 283, 4층 (삼산동)",052-258-7582,http://www.mediartclinic.co.kr,2001-12-03,1,0,0,0,1,0,0,0,0,0,0,0,0,0,129.3378965,35.5397338
JDQ4MTYyMiM4MSMkMSMkNCMkMTMkNDgxOTYxIzExIyQyIyQ3IyQwMCQzNjEwMDIjNjEjJDEjJDQjJDgz,메디컬한의원,93,한의원,260000,울산,260002,울산동구,전하동,44033,"울산광역시 동구 방어진순환도로 865, 상가동 205호 (전하동)",052-232-5950,,2024-09-25,1,0,0,0,0,0,0,0,0,1,0,0,0,0,129.4308504,35.5186548
JDQ4MTYyMiM4MSMkMiMkNCMkMDAkMzgxNzAyIzMxIyQyIyQzIyQwMCQzNjE4MzIjODEjJDEjJDYjJDgz,메디포맨비뇨기과의원,31,의원,260000,울산,260001,울산남구,삼산동,44719,"울산광역시 남구 삼산로 266, 굿모닝클리닉 11층 1102호 (삼산동)",052-276-9111,http://www.mediforman.co.kr/,2003-10-16,1,0,0,0,1,0,0,0,0,0,0,0,0,0,129.3362911,35.5387849
JDQ4MTYyMiM4MSMkMiMkNCMkMDAkNDgxMzUxIzUxIyQxIyQ1IyQ5OSQyNjE0ODEjNjEjJDEjJDQjJDgz,메이린의원울산점,31,의원,260000,울산,260001,울산남구,삼산동,44705,"울산광역시 남구 삼산로 261, 13층 (삼산동, 현대백화점)",052-228-1388,,2016-10-21,1,0,0,0,1,0,0,0,0,0,0,0,0,0,129.3358006,35.5395918
JDQ4MTYyMiM4MSMkMSMkNCMkMTMkMzgxNzAyIzMxIyQyIyQ3IyQwMCQ0NjE0ODEjNDEjJDEjJDgjJDgz,명 한의원,93,한의원,260000,울산,260003,울산중구,반구동,44510,"울산광역시 중구 화합로 407, 1층 (반구동)",052-293-2288,,1999-01-02,1,0,0,0,0,0,0,0,0,1,0,0,0,0,129.3380902,35.5614844
JDQ4MTYyMiM4MSMkMSMkNCMkNzIkMzgxMzUxIzQxIyQxIyQ3IyQ2MiQyNjE4MzIjODEjJDEjJDYjJDgz,명문치과의원,51,치과의원,260000,울산,260001,울산남구,야음동,44761,"울산광역시 남구 수암로 235-1, (야음동)",052-265-0576,,1995-04-28,1,0,0,0,0,1,0,0,0,0,0,0,0,0,129.3318687,35.5244641
JDQ4MTYyMiM4MSMkMiMkNCMkMDAkMzgxMzUxIzUxIyQxIyQxIyQ5OSQyNjEyMjIjNTEjJDEjJDYjJDgz,명석준안과의원,31,의원,260000,울산,260003,울산중구,약사동,44479,"울산광역시 중구 번영로 487, 5층 (약사동)",052-296-7778,,2006-07-24,1,0,0,0,1,0,0,0,0,0,0,0,0,0,129.3366792,35.5650568
JDQ4MTYyMiM4MSMkMiMkNCMkMDAkNDgxMzUxIzIxIyQxIyQxIyQ4MiQyNjEwMDIjODEjJDEjJDIjJDgz,명안과의원,31,의원,260000,울산,260001,울산남구,,44703,"울산광역시 남구 번영로 178, (달동)",052-273-8511,,1996-11-12,3,0,0,0,3,0,0,0,0,0,0,0,0,0,129.3269032,35.5410508
JDQ4MTYyMiM4MSMkMiMkNCMkMDAkMzgxMTkxIzMxIyQyIyQzIyQwMCQzNjE0ODEjODEjJDEjJDYjJDgz,명이비인후과의원,31,의원,260000,울산,260001,울산남구,신정동,44739,"울산광역시 남구 수암로 115, (신정동)",052-227-1525,,2000-02-02,1,0,0,0,1,0,0,0,0,0,0,0,0,0,129.3200898,35.5286368
JDQ4MTYyMiM4MSMkMSMkNCMkMTMkNDgxMzUxIzUxIyQxIyQ1IyQ5MiQyNjEyMjIjNjEjJDEjJDQjJDgz,명인당한의원,93,한의원,260000,울산,260001,울산남구,선암동,44773,"울산광역시 남구 두왕로190번길 16, 2층 (선암동)",052-261-0540,,2013-05-22,1,0,0,0,0,0,0,0,0,1,0,0,0,0,129.3134208,35.5192395
JDQ4MTYyMiM4MSMkMSMkNCMkMTMkNDgxMzUxIzUxIyQxIyQxIyQ4MiQzNjEwMDIjNjEjJDEjJDgjJDgz,명인한의원,93,한의원,260000,울산,260100,울산울주군,온양읍,44977,"울산광역시 울주군 온양읍 보곡2길 24, 1층",052-238-1020,,2018-04-17,1,0,0,0,0,0,0,0,0,1,0,0,0,0,129.2899075,35.4102871
JDQ4MTYyMiM4MSMkMSMkNCMkMTMkMzgxNzAyIzUxIyQxIyQxIyQ5MiQyNjE4MzIjNDEjJDEjJDgjJDgz,명제 한의원,93,한의원,260000,울산,260003,울산중구,우정동,44461,"울산광역시 중구 명륜로 75, (우정동)",052-243-0333,,2001-10-04,1,0,0,0,0,0,0,0,0,1,0,0,0,0,129.3119058,35.5582382
JDQ4MTYyMiM4MSMkMSMkNCMkMTMkNDgxMzUxIzExIyQxIyQ3IyQ3MiQyNjEyMjIjNDEjJDEjJDQjJDgz,명제한의원,93,한의원,260000,울산,260001,울산남구,무거동,44602,"울산광역시 남구 대학로 161, 2층 (무거동)",052-249-8485,,1996-08-22,1,0,0,0,0,0,0,0,0,1,0,0,0,0,129.2626708,35.5490851
JDQ4MTYyMiM4MSMkMiMkNCMkMDAkNDgxMzUxIzQxIyQxIyQ3IyQ4MiQ0NjE0ODEjNzEjJDEjJDgjJDgz,명품동안의원,31,의원,260000,울산,260002,울산동구,화정동,44074,"울산광역시 동구 대학길 40, (화정동)",052-209-2445,,2015-07-21,1,0,0,0,1,0,0,0,0,0,0,0,0,0,129.4201099,35.4984841
JDQ4MTYyMiM4MSMkMiMkNCMkMDAkMzgxOTYxIzIxIyQxIyQ5IyQ3MiQzNjE4MzIjNjEjJDEjJDgjJDgz,명품피부과의원,31,의원,260000,울산,260003,울산중구,남외동,44495,"울산광역시 중구 번영로 580, 801호 (남외동, Sky M 빌딩)",052-281-7577,http://good-skin.net,2010-03-22,1,0,0,0,1,0,0,0,0,0,0,0,0,0,129.3453715,35.5685691
JDQ4MTYyMiM4MSMkMSMkNCMkMTMkNDgxMzUxIzQxIyQxIyQ3IyQ2MiQzNjEwMDIjNjEjJDEjJDQjJDgz,몸맑은한의원,93,한의원,260000,울산,260004,울산북구,화봉동,44241,"울산광역시 북구 화봉로 73, 201호 (화봉동, 새한빌딩)",052-287-7154,,2009-12-07,1,0,0,0,0,0,0,0,0,1,0,0,0,0,129.3670413,35.5886541
JDQ4MTYyMiM4MSMkMiMkNCMkMDAkNDgxOTYxIzIxIyQxIyQ1IyQ4OSQzNjEwMDIjNjEjJDEjJDgjJDgz,몸바른의원,31,의원,260000,울산,260004,울산북구,송정동,44236,"울산광역시 북구 박상진13로 3, 3층 (송정동)",052-222-7575,,2021-07-14,1,0,0,0,1,0,0,0,0,0,0,0,0,0,129.3647006,35.6013905
JDQ4MTYyMiM4MSMkMSMkNCMkNzIkMzgxOTYxIzMxIyQxIyQzIyQwMyQ0NjEwMDIjNDEjJDEjJDQjJDgz,무거리틀원소아치과치과의원,51,치과의원,260000,울산,260001,울산남구,무거동,44629,"울산광역시 남구 북부순환도로 23, 3층 (무거동)",052-277-8200,,2007-07-11,1,0,0,0,0,0,0,0,1,0,0,0,0,0,129.2663093,35.5520628
JDQ4MTYyMiM4MSMkMSMkNCMkNzIkMzgxOTYxIzUxIyQxIyQxIyQ3MiQzNjE0ODEjNjEjJDEjJDgjJDgz,문상원치과의원,51,치과의원,260000,울산,260001,울산남구,무거동,44630,"울산광역시 남구 울밀로 2906, 4층 402호 (무거동)",052-222-7528,,2014-04-03,1,0,0,0,0,1,0,0,0,0,0,0,0,0,129.2648839,35.554623
JDQ4MTYyMiM4MSMkMSMkNCMkMTMkNDgxMzUxIzIxIyQyIyQ1IyQwMCQzNjE4MzIjODEjJDEjJDYjJDgz,문수한의원,93,한의원,260000,울산,260001,울산남구,무거동,44611,"울산광역시 남구 대학로 138, 7층 (무거동, 신정빌딩)",052-223-7575,http://www.mshani.co.kr,2007-11-16,1,0,0,0,0,0,0,0,0,1,0,0,0,0,129.2621294,35.5467773
JDQ4MTYyMiM4MSMkMiMkNCMkMDAkMzgxMTkxIzUxIyQxIyQ1IyQ3OSQzNjE0ODEjNTEjJDEjJDIjJDgz,문현수이비인후과의원,31,의원,260000,울산,260001,울산남구,신정동,44671,"울산광역시 남구 중앙로 243, 3층 (신정동)",052-268-9914,,2001-12-27,1,0,0,0,1,0,0,0,0,0,0,0,0,0,129.3109152,35.5424011
JDQ4MTYyMiM4MSMkMSMkNCMkNzIkMzgxOTYxIzIxIyQxIyQxIyQ2MiQ0NjE0ODEjNTEjJDEjJDYjJDgz,미그린치과교정과치과의원,51,치과의원,260000,울산,260001,울산남구,삼산동,44719,"울산광역시 남구 삼산로 274, 10층 (삼산동)",052-225-2828,,2004-01-06,1,0,0,0,0,0,0,0,1,0,0,0,0,0,129.3371409,35.5389443
JDQ4MTYyMiM4MSMkMSMkNCMkNzIkMzgxMzUxIzMxIyQyIyQzIyQwMCQyNjEyMjIjNDEjJDEjJDgjJDgz,미다스치과의원,51,치과의원,260000,울산,260001,울산남구,옥동,44645,"울산광역시 남구 문수로 303, (옥동)",052-267-2000,,2001-05-16,1,0,0,0,0,1,0,0,0,0,0,0,0,0,129.2867909,35.5359151
JDQ4MTYyMiM4MSMkMSMkNCMkNzIkMzgxOTYxIzIxIyQxIyQ5IyQ2MiQzNjEyMjIjNDEjJDEjJDQjJDgz,미담치과의원,51,치과의원,260000,울산,260001,울산남구,달동,44718,"울산광역시 남구 삼산로 258, 5층 (달동)",052-221-2553,,2007-05-15,2,0,0,0,0,1,0,0,1,0,0,0,0,0,129.3352197,35.5385026
JDQ4MTYyMiM4MSMkMSMkNCMkMTMkNDgxMzUxIzUxIyQxIyQ1IyQ4OSQzNjEwMDIjNjEjJDEjJDgjJDgz,미드림한의원,93,한의원,260000,울산,260001,울산남구,신정동,44649,"울산광역시 남구 문수로369번길 65, 3층 (신정동, 한신빌딩)",052-227-3475,,2009-10-15,1,0,0,0,0,0,0,0,0,1,0,0,0,0,129.2972923,35.5383353
JDQ4MTYyMiM4MSMkMiMkNCMkMDAkMzgxMTkxIzExIyQxIyQ3IyQ4OSQ0NjE0ODEjNDEjJDEjJDgjJDgz,미라인의원,31,의원,260000,울산,260001,울산남구,야음동,44750,"울산광역시 남구 수암로 134, 일중학원 4,5층 (야음동)",052-994-8275,http://www.milineclinic.co.kr/,2013-01-07,1,0,0,0,1,0,0,0,0,0,0,0,0,0,129.3216992,35.5272745
JDQ4MTYyMiM4MSMkMiMkNCMkMDAkNDgxMzUxIzIxIyQxIyQ5IyQ5OSQyNjE0ODEjNTEjJDEjJDYjJDgz,미라인의원,31,의원,260000,울산,260004,울산북구,양정동,44260,"울산광역시 북구 염포로 601, (양정동, 현대자동차문회회관)",052-288-0120,,1997-12-31,1,0,0,0,1,0,0,0,0,0,0,0,0,0,129.388252,35.5382049
JDQ4MTYyMiM4MSMkMSMkNCMkNzIkMzgxOTYxIzUxIyQxIyQxIyQ3MiQyNjE4MzIjODEjJDEjJDIjJDgz,미라인치과의원,51,치과의원,260000,울산,260100,울산울주군,범서읍,44924,"울산광역시 울주군 범서읍 구영로 78, 4층 402호 (서린프라자)",052-211-2804,,2014-04-01,1,0,0,0,0,1,0,0,0,0,0,0,0,0,129.2406403,35.5754447
JDQ4MTYyMiM4MSMkMiMkNCMkMDAkMzgxNzAyIzUxIyQxIyQxIyQxMyQ0NjE0ODEjNDEjJDEjJDQjJDgz,미라클의원,31,의원,260000,울산,260100,울산울주군,범서읍,44924,"울산광역시 울주군 범서읍 구영로 86, 6층 602호 (GM프라자)",052-248-5008,,2007-11-12,1,0,0,0,1,0,0,0,0,0,0,0,0,0,129.2410064,35.5748362
JDQ4MTYyMiM4MSMkMiMkNCMkMDAkNDgxMzUxIzIxIyQyIyQ5IyQwMCQyNjEyMjIjNzEjJDEjJDgjJDgz,미라클의원,31,의원,260000,울산,260004,울산북구,호계동,44227,"울산광역시 북구 호계로 298, (호계동, 3층)",052-298-5511,,2012-03-21,1,0,0,0,1,0,0,0,0,0,0,0,0,0,129.3513564,35.629782
JDQ4MTYyMiM4MSMkMSMkNCMkNzIkMzgxMzUxIzIxIyQxIyQ5IyQ3OSQzNjEyMjIjNjEjJDEjJDQjJDgz,미래드림치과의원,51,치과의원,260000,울산,260002,울산동구,서부동,44025,"울산광역시 동구 방어진순환도로 985, (서부동, 현대패밀리상가)",052-235-7528,,1990-05-18,1,0,0,0,0,1,0,0,0,0,0,0,0,0,129.4328014,35.5292386
JDQ4MTYyMiM4MSMkMiMkNCMkMDAkMzgxMTkxIzQxIyQxIyQ3IyQ5OSQ0NjEwMDIjNjEjJDEjJDQjJDgz,미래산부인과의원,31,의원,260000,울산,260003,울산중구,성남동,44529,"울산광역시 중구 중앙길 95, (성남동)",052-243-6002,,2001-03-02,1,0,0,0,1,0,0,0,0,0,0,0,0,0,129.3187612,35.5556065
JDQ4MTYyMiM4MSMkMiMkNCMkMDAkMzgxMTkxIzUxIyQxIyQ1IyQ4MiQyNjEwMDIjNDEjJDEjJDgjJDgz,미래신경외과의원,31,의원,260000,울산,260004,울산북구,호계동,44229,"울산광역시 북구 호계6길 34, (호계동)",052-298-7582,http://blog.naver.com/hyun1149123,2002-03-15,1,0,0,0,1,0,0,0,0,0,0,0,0,0,129.3548529,35.6223973
JDQ4MTYyMiM4MSMkMiMkNCMkMDAkMzgxOTYxIzMxIyQxIyQ3IyQ3MiQyNjEyMjIjODEjJDEjJDIjJDgz,미래아동의원,31,의원,260000,울산,260002,울산동구,서부동,44010,"울산광역시 동구 방어진순환도로 1162, (서부동)",052-235-5533,,2023-07-24,2,0,0,0,2,0,0,0,0,0,0,0,0,0,129.4217917,35.5398165
JDQ4MTYyMiM4MSMkMiMkNCMkMDAkMzgxMTkxIzUxIyQxIyQ1IyQ5MiQyNjE0ODEjNDEjJDEjJDgjJDgz,미래의원,31,의원,260000,울산,260001,울산남구,야음동,44750,"울산광역시 남구 수암로 138, 7층 (야음동)",052-268-0050,,2002-04-03,2,0,0,0,2,0,0,0,0,0,0,0,0,0,129.3219771,35.5270563
JDQ4MTYyMiM4MSMkMiMkNCMkMDAkMzgxNzAyIzMxIyQxIyQzIyQ4OSQ0NjE0ODEjNTEjJDEjJDIjJDgz,미래이비인후과의원,31,의원,260000,울산,260001,울산남구,무거동,44629,"울산광역시 남구 북부순환도로 23, (무거동)",052-221-2653,,2005-04-26,1,0,0,0,1,0,0,0,0,0,0,0,0,0,129.2663093,35.5520628
JDQ4MTYyMiM4MSMkMSMkNCMkNzIkMzgxMzUxIzQxIyQxIyQ3IyQ3OSQyNjE0ODEjNjEjJDEjJDQjJDgz,미래치과의원,51,치과의원,260000,울산,260002,울산동구,전하동,44043,"울산광역시 동구 진성14길 118, 3층 (전하동)",052-234-2080,,2011-07-22,1,0,0,0,0,1,0,0,0,0,0,0,0,0,129.4262017,35.5109063
JDQ4MTYyMiM4MSMkMSMkNCMkNzIkMzgxOTYxIzIxIyQxIyQxIyQ3MiQyNjEwMDIjNTEjJDEjJDYjJDgz,미본치과의원,51,치과의원,260000,울산,260001,울산남구,삼산동,44719,"울산광역시 남구 삼산로 266, 9층 (삼산동, 굿모닝메디컬빌딩)",052-258-2875,,2004-01-16,1,0,0,0,0,1,0,0,0,0,0,0,0,0,129.3362911,35.5387849
JDQ4MTYyMiM4MSMkMiMkNCMkMDAkMzgxOTYxIzQxIyQxIyQ3IyQxMyQ0NjE0ODEjNTEjJDEjJDIjJDgz,미비뇨기과의원,31,의원,260000,울산,260004,울산북구,화봉동,44241,"울산광역시 북구 화봉로 59, (화봉동)",052-288-3550,,2003-08-01,1,0,0,0,1,0,0,0,0,0,0,0,0,0,129.3656224,35.588571
JDQ4MTYyMiM4MSMkMSMkNCMkNzIkMzgxMTkxIzExIyQxIyQzIyQxMyQ0NjE0ODEjNTEjJDEjJDIjJDgz,미서울치과의원,51,치과의원,260000,울산,260004,울산북구,매곡동,44223,"울산광역시 북구 매산로 15, (매곡동)",052-246-2875,,2018-01-29,1,0,0,0,0,0,0,0,1,0,0,0,0,0,129.3571198,35.6417384
JDQ4MTYyMiM4MSMkMiMkNCMkMDAkNDgxMzUxIzIxIyQxIyQ5IyQ3OSQ0NjE0ODEjNjEjJDEjJDAjJDgz,미소드림의원,31,의원,260000,울산,260001,울산남구,삼산동,44705,"울산광역시 남구 돋질로302번길 31, 4층 (삼산동)",052-265-1469,,2012-08-17,1,0,0,0,1,0,0,0,0,0,0,0,0,0,129.3375483,35.5413176
JDQ4MTYyMiM4MSMkMSMkNCMkMTMkNDgxMzUxIzIxIyQxIyQxIyQ2MiQyNjE0ODEjNTEjJDEjJDIjJDgz,미소랑한의원,93,한의원,260000,울산,260001,울산남구,무거동,44635,"울산광역시 남구 삼호로55번길 5, 2층 (무거동)",052-223-7582,,2025-12-03,1,0,0,0,0,0,0,0,0,1,0,0,0,0,129.2696531,35.5498181
JDQ4MTYyMiM4MSMkMSMkNCMkNzIkMzgxOTYxIzIxIyQxIyQ5IyQxMyQzNjEyMjIjNjEjJDEjJDgjJDgz,미소를심는치과의원,51,치과의원,260000,울산,260100,울산울주군,범서읍,44924,"울산광역시 울주군 범서읍 구영로 100, 501호 (구영프라자)",052-243-5900,,2008-04-18,1,0,0,0,0,1,0,0,0,0,0,0,0,0,129.2413892,35.5736369
JDQ4MTYyMiM4MSMkMiMkNCMkMDAkNDgxMzUxIzMxIyQxIyQzIyQ5MiQyNjE4MzIjNDEjJDEjJDgjJDgz,미소마음정신건강의학과의원,31,의원,260000,울산,260001,울산남구,삼산동,44719,"울산광역시 남구 삼산로 266, 굿모닝클리닉 13층 1301호 (삼산동)",052-266-5575,,2013-08-23,1,0,0,0,1,0,0,0,0,0,0,0,0,0,129.3362911,35.5387849
JDQ4MTYyMiM4MSMkMSMkNCMkNzIkMzgxOTYxIzQxIyQxIyQ3IyQwMyQyNjEwMDIjNzEjJDEjJDgjJDgz,미소모아치과의원,51,치과의원,260000,울산,260001,울산남구,삼산동,44705,"울산광역시 남구 돋질로302번길 31, (삼산동)",261-0875,http://misomore.net/,2012-11-22,1,0,0,0,0,0,0,0,1,0,0,0,0,0,129.3375483,35.5413176
JDQ4MTYyMiM4MSMkMiMkNCMkMDAkMzgxNzAyIzUxIyQxIyQxIyQ4MiQ0NjEwMDIjNjEjJDEjJDgjJDgz,미소산부인과의원,31,의원,260000,울산,260100,울산울주군,온양읍,44979,"울산광역시 울주군 온양읍 온양로 80, 1층",052-239-7133,,2007-07-23,1,0,0,0,1,0,0,0,0,0,0,0,0,0,129.2804283,35.4105346
JDQ4MTYyMiM4MSMkMSMkNCMkNzIkMzgxOTYxIzMxIyQxIyQzIyQ4OSQyNjEwMDIjNTEjJDEjJDYjJDgz,미소원치과의원,51,치과의원,260000,울산,260001,울산남구,삼산동,44715,"울산광역시 남구 화합로 150, 2,3층 (삼산동)",1899-7518,https://www.misowon.co.kr/main,2005-09-29,3,0,0,0,0,1,0,0,2,0,0,0,0,0,129.3401706,35.5381096
JDQ4MTYyMiM4MSMkMSMkNCMkNzIkMzgxOTYxIzIxIyQxIyQ1IyQ4MiQyNjEwMDIjNzEjJDEjJDgjJDgz,미소진치과의원,51,치과의원,260000,울산,260003,울산중구,장현동,44548,"울산광역시 중구 종가로 747, 3층 (장현동)",052-293-2275,,2014-10-30,1,0,0,0,0,1,0,0,0,0,0,0,0,0,129.3437141,35.5882836
JDQ4MTYyMiM4MSMkMSMkNCMkNzIkMzgxOTYxIzUxIyQyIyQxIyQwMCQ0NjE0ODEjNjEjJDEjJDAjJDgz,미소치과의원,51,치과의원,260000,울산,260100,울산울주군,범서읍,44930,"울산광역시 울주군 범서읍 천상중앙길 95, (범서읍)",052-211-2806,,2013-11-20,1,0,0,0,0,0,0,0,1,0,0,0,0,0,129.2261874,35.562448
JDQ4MTYyMiM4MSMkMiMkNCMkMDAkNDgxOTYxIzExIyQxIyQzIyQ3MiQzNjE4MzIjNTEjJDEjJDIjJDgz,미앤미의원,31,의원,260000,울산,260001,울산남구,삼산동,44705,"울산광역시 남구 삼산로 287, 5층 (삼산동)",052-276-1175,,2018-04-26,1,0,0,0,1,0,0,0,0,0,0,0,0,0,129.3382613,35.5398053
JDQ4MTYyMiM4MSMkMSMkNCMkMTMkNDgxOTYxIzExIyQxIyQzIyQ3OSQyNjEwMDIjNjEjJDEjJDAjJDgz,미올한의원,93,한의원,260000,울산,260001,울산남구,삼산동,44705,"울산광역시 남구 삼산로 283, 8층 (삼산동, 소망빌딩)",052-275-1075,,2016-05-23,2,0,0,0,0,0,0,0,0,0,0,0,2,0,129.3378965,35.5397338
JDQ4MTYyMiM4MSMkMSMkNCMkMTMkNDgxOTYxIzExIyQxIyQzIyQ5OSQzNjE4MzIjODEjJDEjJDIjJDgz,미우한의원,93,한의원,260000,울산,260004,울산북구,중산동,44213,"울산광역시 북구 중산서로 18, 2층 201호 (중산동)",052-716-1075,,2024-07-31,1,0,0,0,0,0,0,0,0,1,0,0,0,0,129.349015,35.6531102
JDQ4MTYyMiM4MSMkMiMkNCMkMDAkMzgxNzAyIzExIyQxIyQ3IyQ4MiQyNjEwMDIjNjEjJDEjJDgjJDgz,미즈아이산부인과의원,31,의원,260000,울산,260004,울산북구,화봉동,44241,"울산광역시 북구 화봉로 67, (화봉동)",052-289-3200,,2003-03-07,1,0,0,0,1,0,0,0,0,0,0,0,0,0,129.366249,35.588621
JDQ4MTYyMiM4MSMkMSMkNCMkNzIkMzgxOTYxIzIxIyQxIyQ1IyQxMyQzNjEyMjIjNDEjJDEjJDQjJDgz,미플러스치과의원,51,치과의원,260000,울산,260003,울산중구,태화동,44457,"울산광역시 중구 태화로 184, 2층 (태화동)",052-245-7008,,2006-07-18,1,0,0,0,0,1,0,0,0,0,0,0,0,0,129.2956975,35.5520436
JDQ4MTYyMiM4MSMkMSMkNCMkMTMkNDgxMzUxIzMxIyQxIyQzIyQ2MiQ0NjEwMDIjNjEjJDEjJDQjJDgz,민 한의원,93,한의원,260000,울산,260001,울산남구,무거동,44602,"울산광역시 남구 대학로 159, 2층 (무거동)",052-222-1300,,2011-04-01,1,0,0,0,0,0,0,0,0,1,0,0,0,0,129.2625511,35.5488814
JDQ4MTYyMiM4MSMkMSMkNCMkMTMkMzgxNzAyIzMxIyQxIyQ3IyQ5MiQ0NjE0ODEjNDEjJDEjJDQjJDgz,민들레한의원,93,한의원,260000,울산,260004,울산북구,천곡동,44202,"울산광역시 북구 천곡길 131, (천곡동)",052-288-8275,,2001-05-10,1,0,0,0,0,0,0,0,0,1,0,0,0,0,129.3306961,35.6388687
JDQ4MTYyMiM4MSMkMiMkNCMkMDAkNDgxMzUxIzExIyQyIyQ3IyQwMCQzNjEwMDIjNTEjJDEjJDIjJDgz,민사랑내과의원,31,의원,260000,울산,260004,울산북구,천곡동,44204,"울산광역시 북구 아진로 102, 201호 (천곡동, 그린상가)",052-292-1111,,2009-09-03,1,0,0,0,1,0,0,0,0,0,0,0,0,0,129.3378238,35.6309448
JDQ4MTYyMiM4MSMkMiMkNCMkMDAkNDgxOTYxIzExIyQxIyQzIyQ3MiQyNjE0ODEjNjEjJDEjJDQjJDgz,밀크피부과의원,31,의원,260000,울산,260001,울산남구,삼산동,44719,"울산광역시 남구 삼산로 270, 삼산동 Kim's빌딩 5층 (삼산동)",052-258-9997,,2018-03-21,2,0,0,0,2,0,0,0,0,0,0,0,0,0,129.3366989,35.5388659
JDQ4MTYyMiM4MSMkMiMkNCMkMDAkNDgxOTYxIzMxIyQxIyQzIyQ5MiQzNjE4MzIjODEjJDEjJDYjJDgz,바노바기의원,31,의원,260000,울산,260001,울산남구,삼산동,44719,"울산광역시 남구 삼산로 274, 12층 (삼산동)",052-700-6508,,2024-10-10,2,2,0,0,0,0,0,0,0,0,0,0,0,0,129.3371409,35.5389443
JDQ4MTYyMiM4MSMkMiMkNCMkMDAkNDgxOTYxIzIxIyQxIyQ5IyQ4MiQzNjE4MzIjNjEjJDEjJDQjJDgz,바로그의원,31,의원,260000,울산,260001,울산남구,삼산동,44705,"울산광역시 남구 삼산로 287, 2,3층 (삼산동)",052-260-3323,,2023-06-14,1,1,0,0,0,0,0,0,0,0,0,0,0,0,129.3382613,35.5398053
JDQ4MTYyMiM4MSMkMiMkNCMkMDAkNDgxOTYxIzMxIyQxIyQzIyQxMyQzNjEwMDIjNzEjJDEjJDgjJDgz,바로그의원,31,의원,260000,울산,260002,울산동구,일산동,44068,"울산광역시 동구 방어진순환도로 631, 시온리버빌 2층 201호 (일산동, 시온리버빌)",052-232-2340,,2025-01-10,1,1,0,0,0,0,0,0,0,0,0,0,0,0,129.4276099,35.4982113
JDQ4MTYyMiM4MSMkMSMkNCMkMTMkNDgxMzUxIzUxIyQyIyQ1IyQwMCQzNjEwMDIjNDEjJDEjJDgjJDgz,바로서한의원,93,한의원,260000,울산,260004,울산북구,연암동,44242,"울산광역시 북구 화봉로 60, 3층 303호 (연암동, 명보연암상가)",052-287-7535,,2017-03-15,1,0,0,0,0,0,0,0,0,0,0,0,1,0,129.3656652,35.5879252
JDQ4MTYyMiM4MSMkMSMkNCMkNzIkMzgxMTkxIzIxIyQxIyQ1IyQ4OSQyNjE0ODEjODEjJDEjJDIjJDgz,바른마음365치과의원,51,치과의원,260000,울산,260001,울산남구,삼산동,44705,"울산광역시 남구 삼산로 277, 5,6층 (삼산동)",052-256-3650,,2023-05-08,2,0,0,0,0,0,0,0,2,0,0,0,0,0,129.3374374,35.5396495
JDQ4MTYyMiM4MSMkMiMkNCMkMDAkNDgxOTYxIzExIyQyIyQ3IyQwMCQzNjEwMDIjODEjJDEjJDIjJDgz,바른맥흉부외과의원,31,의원,260000,울산,260001,울산남구,달동,44707,"울산광역시 남구 삼산로 231, 울산 센트럴 자이 4층 411호 (달동)",052-267-7500,,2019-03-28,3,0,0,0,3,0,0,0,0,0,0,0,0,0,129.3327131,35.5386826
JDQ4MTYyMiM4MSMkMiMkNCMkMDAkNDgxMzUxIzQxIyQxIyQ3IyQ5OSQyNjEyMjIjODEjJDEjJDYjJDgz,바른몸재활의학과의원,31,의원,260000,울산,260001,울산남구,무거동,44630,"울산광역시 남구 울밀로 2906, 한솔애플타워 6~7층 601, 702호 (무거동)",052-225-8875,,2015-03-02,1,0,0,0,1,0,0,0,0,0,0,0,0,0,129.2648839,35.554623
JDQ4MTYyMiM4MSMkMiMkNCMkMDAkMzgxNzAyIzMxIyQxIyQ3IyQ3OSQyNjE0ODEjNjEjJDEjJDgjJDgz,바른몸제통의원,31,의원,260000,울산,260003,울산중구,태화동,44457,"울산광역시 중구 태화로 174, 3층 (태화동)",052-245-0834,,2005-10-19,1,0,0,0,1,0,0,0,0,0,0,0,0,0,129.2948617,35.5523153
JDQ4MTYyMiM4MSMkMSMkNCMkMTMkNDgxOTYxIzExIyQxIyQ3IyQ3MiQ0NjEwMDIjNTEjJDEjJDIjJDgz,바른몸청담한의원,93,한의원,260000,울산,260100,울산울주군,언양읍,44941,"울산광역시 울주군 언양읍 헌양길 20, 1층",052-254-1449,,2023-05-03,3,0,0,0,0,0,0,0,0,3,0,0,0,0,129.1264617,35.5645519
JDQ4MTYyMiM4MSMkMiMkNCMkMDAkNDgxOTYxIzExIyQxIyQzIyQwMyQzNjE0ODEjNDEjJDEjJDQjJDgz,바른선정형외과의원,31,의원,260000,울산,260001,울산남구,옥동,44648,"울산광역시 남구 문수로 377, 대공원센트럴하임더시티 3층 (옥동)",052-716-1175,,2018-09-20,1,0,0,0,1,0,0,0,0,0,0,0,0,0,129.2948841,35.534746
JDQ4MTYyMiM4MSMkMiMkNCMkMDAkNDgxOTYxIzIxIyQxIyQxIyQxMyQyNjE0ODEjNzEjJDEjJDgjJDgz,바른윤의원,31,의원,260000,울산,260002,울산동구,방어동,44098,"울산광역시 동구 문재7길 10, 2층 (방어동)",052-911-1092,,2015-01-05,2,0,0,0,2,0,0,0,0,0,0,0,0,0,129.4178055,35.4838037
JDQ4MTYyMiM4MSMkMSMkNCMkNzIkMzgxMTkxIzExIyQxIyQzIyQ5MiQ0NjEwMDIjNjEjJDEjJDgjJDgz,바른이치과교정과치과의원,51,치과의원,260000,울산,260001,울산남구,삼산동,44713,"울산광역시 남구 삼산로 303, 103동 4층 421호 (삼산동, 대성스카이렉스)",052-256-2885,,2013-02-05,1,0,0,0,0,0,0,0,1,0,0,0,0,0,129.3400726,35.5402328
JDQ4MTYyMiM4MSMkMiMkNCMkMDAkNDgxMzUxIzIxIyQxIyQ5IyQ2MiQzNjE4MzIjNjEjJDEjJDQjJDgz,바른정백외과의원,31,의원,260000,울산,260001,울산남구,삼산동,44705,"울산광역시 남구 삼산로 281, 9층 (삼산동, 정앤정크리닉빌딩)",052-273-1717,http://www.yeshazi.com,2013-06-12,1,0,0,0,1,0,0,0,0,0,0,0,0,0,129.3376525,35.5396876
JDQ4MTYyMiM4MSMkMSMkNCMkNzIkMzgxMTkxIzExIyQxIyQ3IyQ5OSQzNjE0ODEjNjEjJDEjJDQjJDgz,바른정치과의원,51,치과의원,260000,울산,260100,울산울주군,온산읍,45001,"울산광역시 울주군 온산읍 덕신로 279, 수산업협동조합(온산점) 5층",052-708-7528,,2018-10-05,1,0,0,0,0,1,0,0,0,0,0,0,0,0,129.3119158,35.4341906
JDQ4MTYyMiM4MSMkMiMkNCMkMDAkMzgxOTYxIzQxIyQxIyQ3IyQ3OSQ0NjEwMDIjNjEjJDEjJDQjJDgz,바른정형외과의원,31,의원,260000,울산,260001,울산남구,삼산동,44698,"울산광역시 남구 돋질로 295, 1,4,5층 (삼산동)",052-227-0999,,2001-09-29,1,0,0,0,1,0,0,0,0,0,0,0,0,0,129.3370571,35.5445057
JDQ4MTYyMiM4MSMkMiMkNCMkMDAkNDgxOTYxIzIxIyQxIyQ5IyQ3OSQ0NjE0ODEjNDEjJDEjJDQjJDgz,바른정형외과의원,31,의원,260000,울산,260100,울산울주군,온양읍,44978,"울산광역시 울주군 온양읍 대안3길 58, 2층",052-707-0119,,2022-08-19,1,0,0,0,1,0,0,0,0,0,0,0,0,0,129.2825331,35.4103809
JDQ4MTYyMiM4MSMkMSMkNCMkNzIkMzgxOTYxIzIxIyQxIyQxIyQxMyQ0NjE0ODEjNDEjJDEjJDQjJDgz,바른진치과의원,51,치과의원,260000,울산,260001,울산남구,옥동,44645,"울산광역시 남구 문수로 329, 2층 (옥동)",052-201-2875,,2017-07-26,1,0,0,0,0,1,0,0,0,0,0,0,0,0,129.2896201,35.5354884
JDQ4MTYyMiM4MSMkMSMkNCMkNzIkMzgxOTYxIzExIyQxIyQ3IyQ2MiQ0NjE0ODEjNzEjJDEjJDgjJDgz,바른치과의원,51,치과의원,260000,울산,260001,울산남구,신정동,44672,"울산광역시 남구 월평로 50, 2층 (신정동)",052-258-2750,http://www.barundent.com,2002-04-17,1,0,0,0,0,1,0,0,0,0,0,0,0,0,129.3110858,35.5416206
JDQ4MTYyMiM4MSMkMSMkNCMkMTMkNDgxOTYxIzExIyQxIyQ3IyQwMyQyNjEwMDIjODEjJDEjJDYjJDgz,바른한의원,93,한의원,260000,울산,260002,울산동구,서부동,44026,"울산광역시 동구 서부로 51, 1동 425호 (서부동)",052-713-5275,,2024-05-17,2,0,0,0,0,0,0,0,0,2,0,0,0,0,129.4296043,35.5255623
JDQ4MTYyMiM4MSMkMiMkNCMkMDAkMzgxMTkxIzIxIyQyIyQ1IyQwMCQzNjEwMDIjNjEjJDEjJDAjJDgz,박가정의원,31,의원,260000,울산,260002,울산동구,전하동,44047,"울산광역시 동구 진성4길 57, (전하동)",052-224-1175,,2010-11-01,1,0,0,0,1,0,0,0,0,0,0,0,0,0,129.4258994,35.5089733
JDQ4MTYyMiM4MSMkMiMkNCMkMDAkMzgxOTYxIzExIyQxIyQ3IyQ5OSQzNjE0ODEjNDEjJDEjJDgjJDgz,박내과의원,31,의원,260000,울산,260100,울산울주군,언양읍,44941,"울산광역시 울주군 언양읍 헌양길 24, (언양읍)",052-262-1121,,1989-08-05,1,0,0,0,1,0,0,0,0,0,0,0,0,0,129.1261998,35.5646547
JDQ4MTYyMiM4MSMkMiMkNCMkMDAkNDgxMzUxIzMxIyQxIyQ3IyQ5MiQzNjEwMDIjNTEjJDEjJDYjJDgz,박상면내과의원,31,의원,260000,울산,260002,울산동구,동부동,44006,"울산광역시 동구 남목17길 4, 2층 (동부동)",052-252-8856,,2013-04-29,1,0,0,0,1,0,0,0,0,0,0,0,0,0,129.4273788,35.5423758
JDQ4MTYyMiM4MSMkMiMkNCMkMDAkMzgxNzAyIzExIyQxIyQ3IyQ5MiQyNjE4MzIjNDEjJDEjJDQjJDgz,박상수소아청소년과의원,31,의원,260000,울산,260003,울산중구,태화동,44457,"울산광역시 중구 태화로 172, 3층 (태화동)",052-246-5090,,2003-03-20,1,0,0,0,1,0,0,0,0,0,0,0,0,0,129.2945456,35.5524328
JDQ4MTYyMiM4MSMkMSMkNCMkNzIkMzgxMzUxIzMxIyQxIyQzIyQ4OSQzNjEyMjIjODEjJDEjJDYjJDgz,박상영치과의원,51,치과의원,260000,울산,260001,울산남구,야음동,44752,"울산광역시 남구 수암로 230, 3층 (야음동)",052-273-4290,,1991-09-05,1,0,0,0,0,1,0,0,0,0,0,0,0,0,129.3308903,35.5246861
JDQ4MTYyMiM4MSMkMSMkNCMkNzIkMzgxMzUxIzIxIyQxIyQxIyQxMyQyNjEyMjIjNjEjJDEjJDQjJDgz,박성구치과의원,51,치과의원,260000,울산,260001,울산남구,신정동,44683,"울산광역시 남구 중앙로 268, (신정동)",052-271-0340,,1988-06-04,1,0,0,0,0,1,0,0,0,0,0,0,0,0,129.3105936,35.5445825
JDQ4MTYyMiM4MSMkMiMkNCMkMDAkMzgxOTYxIzMxIyQxIyQzIyQ4MiQzNjE0ODEjNjEjJDEjJDQjJDgz,박성원외과의원,31,의원,260000,울산,260003,울산중구,남외동,44495,"울산광역시 중구 번영로 580, 201호 (남외동)",052-296-1053,,1993-05-07,1,0,0,0,1,0,0,0,0,0,0,0,0,0,129.3453715,35.5685691
JDQ4MTYyMiM4MSMkMiMkNCMkMDAkMzgxMTkxIzMxIyQxIyQzIyQ2MiQyNjE0ODEjNTEjJDEjJDYjJDgz,박수연소아청소년과의원,31,의원,260000,울산,260001,울산남구,야음동,44733,"울산광역시 남구 대암로 69, 301~303호 (야음동)",052-260-7288,,2000-03-09,1,0,0,0,1,0,0,0,0,0,0,0,0,0,129.3238029,35.530811
JDQ4MTYyMiM4MSMkMiMkNCMkMDAkMzgxOTYxIzQxIyQxIyQ3IyQ4MiQyNjEyMjIjNDEjJDEjJDgjJDgz,박안과의원,31,의원,260000,울산,260001,울산남구,무거동,44611,"울산광역시 남구 대학로 136, 3층 (무거동, 정빌딩)",052-223-4311,,1995-02-24,1,0,0,0,1,0,0,0,0,0,0,0,0,0,129.2620076,35.5465859
JDQ4MTYyMiM4MSMkMiMkNCMkMDAkMzgxOTYxIzExIyQxIyQzIyQ4MiQyNjE0ODEjNDEjJDEjJDgjJDgz,박원대내과의원,31,의원,260000,울산,260001,울산남구,신정동,44671,"울산광역시 남구 중앙로 241, (신정동)",052-271-1240,,1989-02-23,1,0,0,0,1,0,0,0,0,0,0,0,0,0,129.3109701,35.5422968
JDQ4MTYyMiM4MSMkMiMkNCMkMDAkMzgxNzAyIzMxIyQxIyQ3IyQ5OSQzNjEwMDIjNDEjJDEjJDgjJDgz,박정운의원,31,의원,260000,울산,260002,울산동구,방어동,44096,"울산광역시 동구 꽃바위로 311, (방어동)",052-235-7557,,2005-12-28,1,0,0,0,1,0,0,0,0,0,0,0,0,0,129.4225152,35.4854075
JDQ4MTYyMiM4MSMkMiMkNCMkMDAkNDgxMzUxIzExIyQxIyQ3IyQxMyQ0NjE0ODEjNDEjJDEjJDgjJDgz,박창민가정의학과의원,31,의원,260000,울산,260001,울산남구,달동,44722,"울산광역시 남구 신정로 33, 3층 (달동)",052-267-0896,,2010-03-04,1,0,0,0,1,0,0,0,0,0,0,0,0,0,129.3220955,35.5347951
JDQ4MTYyMiM4MSMkMiMkNCMkMDAkMzgxMTkxIzIxIyQxIyQ5IyQ5MiQyNjEyMjIjNjEjJDEjJDQjJDgz,박철산부인과의원,31,의원,260000,울산,260100,울산울주군,언양읍,44946,"울산광역시 울주군 언양읍 헌양길 37, (2층(언양농협))",052-254-2565,,1999-09-02,1,0,0,0,1,0,0,0,0,0,0,0,0,0,129.1251672,35.5647637
JDQ4MTYyMiM4MSMkMiMkNCMkMDAkNDgxOTYxIzExIyQxIyQ3IyQxMyQyNjE4MzIjNjEjJDEjJDQjJDgz,박철정형외과의원,31,의원,260000,울산,260003,울산중구,옥교동,44530,"울산광역시 중구 학성로 121, 2,3,6층 (옥교동)",052-210-8007,,2020-01-09,1,0,0,0,1,0,0,0,0,0,0,0,0,0,129.3241886,35.556051
JDQ4MTYyMiM4MSMkMSMkNCMkNzIkMzgxOTYxIzMxIyQxIyQ3IyQ5MiQzNjEwMDIjNjEjJDEjJDgjJDgz,박치과의원,51,치과의원,260000,울산,260100,울산울주군,온산읍,45006,"울산광역시 울주군 온산읍 덕남로 31, 2층",052-237-8811,,2016-02-23,1,0,0,0,0,1,0,0,0,0,0,0,0,0,129.3102547,35.4320583
JDQ4MTYyMiM4MSMkMSMkNCMkNzIkMzgxMzUxIzIxIyQxIyQ1IyQwMyQzNjE0ODEjNDEjJDEjJDgjJDgz,박현식치과의원,51,치과의원,260000,울산,260003,울산중구,반구동,44510,"울산광역시 중구 번영로 476, (반구동)",052-296-4420,,1990-05-01,2,0,0,0,0,2,0,0,0,0,0,0,0,0,129.3359209,35.5637052
JDQ4MTYyMiM4MSMkMSMkNCMkNzIkMzgxMzUxIzMxIyQxIyQzIyQ3OSQzNjEyMjIjNDEjJDEjJDgjJDgz,박홍락치과의원,51,치과의원,260000,울산,260002,울산동구,서부동,44030,"울산광역시 동구 방어진순환도로 925, (서부동)",052-233-3689,,1991-06-13,2,0,0,0,0,0,0,0,2,0,0,0,0,0,129.432539,35.5236619
JDQ4MTYyMiM4MSMkMiMkNCMkMDAkMzgxOTYxIzExIyQxIyQ3IyQ3OSQzNjE0ODEjNjEjJDEjJDgjJDgz,박화정의원,31,의원,260000,울산,260001,울산남구,신정동,44679,"울산광역시 남구 중앙로 286-1, 2층 (신정동)",052-274-5600,,1989-06-09,1,1,0,0,0,0,0,0,0,0,0,0,0,0,129.3099377,35.5462953
JDQ4MTYyMiM4MSMkMSMkNCMkNzIkMzgxOTYxIzUxIyQxIyQ1IyQ2MiQyNjE0ODEjNTEjJDEjJDIjJDgz,반구편한치과의원,51,치과의원,260000,울산,260003,울산중구,반구동,44504,"울산광역시 중구 반구로 46, 2층 (반구동)",052-281-2090,,2015-07-17,1,0,0,0,0,1,0,0,0,0,0,0,0,0,129.3459211,35.5544841
JDQ4MTYyMiM4MSMkMSMkNCMkMTMkNDgxMzUxIzUxIyQxIyQ1IyQ4MiQzNjEyMjIjNDEjJDEjJDgjJDgz,발머스한의원,93,한의원,260000,울산,260001,울산남구,달동,44703,"울산광역시 남구 번영로 174, 레전드빌딩 3층 301호 (달동)",052-261-3020,,2011-01-10,1,0,0,0,0,0,0,0,0,1,0,0,0,0,129.3270245,35.5408053
JDQ4MTYyMiM4MSMkMSMkNCMkNzIkMzgxOTYxIzIxIyQxIyQxIyQ5MiQzNjEwMDIjNDEjJDEjJDgjJDgz,밝은미래치과의원,51,치과의원,260000,울산,260001,울산남구,신정동,44671,"울산광역시 남구 중앙로 237, (신정동)",052-256-7528,,2004-05-08,1,0,0,0,0,1,0,0,0,0,0,0,0,0,129.3110983,35.5419779
JDQ4MTYyMiM4MSMkMSMkNCMkNzIkMzgxMTkxIzExIyQxIyQ3IyQxMyQ0NjE0ODEjODEjJDEjJDYjJDgz,밝은미소치과교정과치과의원,51,치과의원,260000,울산,260001,울산남구,달동,44707,"울산광역시 남구 삼산중로 67, 5층 (달동, 송호빌딩)",052-257-2875,,1997-06-16,3,0,0,0,0,0,0,0,3,0,0,0,0,0,129.3350949,35.5395426
JDQ4MTYyMiM4MSMkMSMkNCMkMTMkMzgxNzAyIzUxIyQyIyQ1IyQwMCQ0NjEwMDIjODEjJDEjJDIjJDgz,밝은미소한의원,93,한의원,260000,울산,260004,울산북구,화봉동,44241,"울산광역시 북구 화봉로 67, 3층 (화봉동)",052-289-7575,,2004-09-30,1,0,0,0,0,0,0,0,0,1,0,0,0,0,129.366249,35.588621
JDQ4MTYyMiM4MSMkMiMkNCMkMDAkNDgxMzUxIzExIyQxIyQzIyQ3MiQzNjE0ODEjNTEjJDEjJDIjJDgz,밝은성모안과의원,31,의원,260000,울산,260001,울산남구,신정동,44749,"울산광역시 남구 수암로 118-3, 4층 (신정동)",052-260-7581,,2009-01-23,1,0,0,0,1,0,0,0,0,0,0,0,0,0,129.3199495,35.5280637
JDQ4MTYyMiM4MSMkMSMkNCMkNzIkMzgxMTkxIzIxIyQxIyQxIyQ2MiQyNjEyMjIjNDEjJDEjJDQjJDgz,밝은이치과의원,51,치과의원,260000,울산,260004,울산북구,화봉동,44241,"울산광역시 북구 화봉로 67, 2층 (화봉동)",052-288-7585,,2000-04-01,1,0,0,0,0,0,0,0,1,0,0,0,0,0,129.366249,35.588621
JDQ4MTYyMiM4MSMkMiMkNCMkMDAkNDgxMzUxIzQxIyQxIyQ3IyQwMyQ0NjEwMDIjNDEjJDEjJDQjJDgz,방어진 현대마취통증의학과의원,31,의원,260000,울산,260002,울산동구,일산동,44068,"울산광역시 동구 방어진순환도로 633, 세인트에스타워 2, 3층 (일산동)",052-233-9951,,2015-09-21,1,0,0,0,1,0,0,0,0,0,0,0,0,0,129.4277124,35.4983674
JDQ4MTYyMiM4MSMkMSMkNCMkOTkkNTgxMzUxIzIxIyQxIyQ1IyQ5OSQyNjEyMjIjNDEjJDEjJDgjJDgz,방어진마린요양병원,28,요양병원,260000,울산,260002,울산동구,방어동,44109,"울산광역시 동구 중진길 60, (방어동)",052-911-9988,,2016-05-27,6,0,0,0,4,0,0,0,0,1,0,0,1,0,129.4246157,35.4827252
JDQ4MTYyMiM4MSMkMiMkNCMkMDAkNDgxOTYxIzMxIyQxIyQzIyQxMyQzNjE0ODEjODEjJDEjJDYjJDgz,방어진아산탑마취통증의학과의원,31,의원,260000,울산,260002,울산동구,일산동,44056,"울산광역시 동구 방어진순환도로 652, 1동 C401호C402호 (일산동)",052-232-3700,,2025-01-06,6,0,0,0,6,0,0,0,0,0,0,0,0,0,129.4288433,35.4997805
JDQ4MTYyMiM4MSMkMiMkNCMkMDAkMzgxOTYxIzMxIyQxIyQ3IyQwMyQyNjEyMjIjNDEjJDEjJDQjJDgz,방어진의원,31,의원,260000,울산,260002,울산동구,방어동,44110,"울산광역시 동구 동진로 6, (방어동)",052-251-5577,,1994-05-20,1,0,0,0,1,0,0,0,0,0,0,0,0,0,129.4259346,35.4866706
JDQ4MTYyMiM4MSMkMiMkNCMkMDAkNDgxOTYxIzExIyQxIyQzIyQwMyQzNjEyMjIjNjEjJDEjJDgjJDgz,배양규연합비뇨의학과의원,31,의원,260000,울산,260001,울산남구,달동,44695,"울산광역시 남구 삼산로 171, 2~4층 (달동)",052-260-6000,,2018-09-21,2,0,0,0,2,0,0,0,0,0,0,0,0,0,129.3259258,35.5373508
JDQ4MTYyMiM4MSMkMSMkNCMkMTMkNDgxOTYxIzExIyQxIyQzIyQ4MiQzNjEwMDIjNDEjJDEjJDgjJDgz,백당한의원,93,한의원,260000,울산,260100,울산울주군,웅촌면,44962,"울산광역시 울주군 웅촌면 삼동로 1636, (웅촌면 대복리 349-5)",052-224-7588,,2014-03-05,1,0,0,0,0,0,0,0,0,1,0,0,0,0,129.2134576,35.4880789
JDQ4MTYyMiM4MSMkMiMkNCMkMDAkNDgxMzUxIzExIyQxIyQ3IyQxMyQzNjE0ODEjODEjJDEjJDIjJDgz,백봉력내과의원,31,의원,260000,울산,260003,울산중구,약사동,44479,"울산광역시 중구 번영로 485, 2~3층(일부)층 (약사동)",281-1061,,2010-03-02,2,0,0,0,2,0,0,0,0,0,0,0,0,0,129.3362675,35.5648131
JDQ4MTYyMiM4MSMkMSMkNCMkMTMkMzgxNzAyIzIxIyQxIyQxIyQ4MiQzNjE0ODEjNjEjJDEjJDAjJDgz,백산한의원,93,한의원,260000,울산,260001,울산남구,야음동,44752,"울산광역시 남구 수암로 230, 5층 (야음동)",052-260-2240,,1992-11-09,1,0,0,0,0,0,0,0,0,1,0,0,0,0,129.3308903,35.5246861
JDQ4MTYyMiM4MSMkMSMkNCMkNzIkMzgxOTYxIzMxIyQxIyQzIyQwMyQzNjEwMDIjNzEjJDEjJDgjJDgz,백석치과의원,51,치과의원,260000,울산,260003,울산중구,태화동,44454,"울산광역시 중구 태화로 213, 2층 (태화동)",052-245-0900,,2009-08-27,1,0,0,0,0,1,0,0,0,0,0,0,0,0,129.298842,35.5518933
JDQ4MTYyMiM4MSMkMiMkNCMkMDAkMzgxOTYxIzQxIyQxIyQ3IyQ4MiQzNjEyMjIjNjEjJDEjJDAjJDgz,백신경외과정형외과의원,31,의원,260000,울산,260001,울산남구,신정동,44669,"울산광역시 남구 봉월로 172, 1,2,4,5층 (신정동)",052-267-4107,,1992-08-19,2,0,0,0,2,0,0,0,0,0,0,0,0,0,129.3079922,35.5476552
JDQ4MTYyMiM4MSMkMiMkNCMkMDAkMzgxOTYxIzIxIyQxIyQ1IyQxMyQyNjEwMDIjNDEjJDEjJDQjJDgz,백인정형외과의원,31,의원,260000,울산,260100,울산울주군,언양읍,44946,"울산광역시 울주군 언양읍 남문길 13-4, (언양읍)",052-262-6900,,2007-01-11,1,0,0,0,1,0,0,0,0,0,0,0,0,0,129.1220575,35.5646346
JDQ4MTYyMiM4MSMkMSMkNCMkMTMkMzgxNzAyIzMxIyQxIyQzIyQxMyQyNjE0ODEjNTEjJDEjJDIjJDgz,백제한의원,93,한의원,260000,울산,260002,울산동구,동부동,44007,"울산광역시 동구 동해안로 32, (동부동)",052-234-9690,,1995-11-30,1,0,0,0,0,0,0,0,0,1,0,0,0,0,129.4269327,35.5419136
JDQ4MTYyMiM4MSMkMSMkNCMkMTMkMzgxNzAyIzMxIyQxIyQ3IyQ3MiQyNjEyMjIjNjEjJDEjJDgjJDgz,백한의원,93,한의원,260000,울산,260001,울산남구,무거동,44632,"울산광역시 남구 북부순환도로 11, 지하1층 및2층 (무거동)",052-247-8343,,1997-07-28,1,0,0,0,0,0,0,0,0,1,0,0,0,0,129.2649564,35.5512704
JDQ4MTYyMiM4MSMkMiMkNCMkMDAkNDgxOTYxIzMxIyQyIyQ3IyQwMCQzNjE4MzIjNjEjJDEjJDgjJDgz,밴스의원,31,의원,260000,울산,260001,울산남구,삼산동,44705,"울산광역시 남구 삼산로 273, 삼산타워 13층 (삼산동)",052-713-5007,,2025-05-26,4,4,0,0,0,0,0,0,0,0,0,0,0,0,129.3367805,35.5395317
JDQ4MTYyMiM4MSMkMSMkNCMkOTkkNTgxMzUxIzIxIyQxIyQ1IyQ3MiQzNjE0ODEjODEjJDEjJDYjJDgz,범서사랑요양병원,28,요양병원,260000,울산,260100,울산울주군,범서읍,44924,"울산광역시 울주군 범서읍 구영로 94, 엠프라자 3,7,8층",052-211-9393,,2014-02-27,4,0,0,0,2,0,0,0,0,2,0,0,0,0,129.241276,35.5741416
JDQ4MTYyMiM4MSMkMSMkNCMkOTIkMzgxOTYxIzExIyQxIyQzIyQ3OSQyNjE0ODEjNjEjJDEjJDQjJDgz,범서읍보건지소,72,보건지소,260000,울산,260100,울산울주군,범서읍,44926,"울산광역시 울주군 범서읍 송현길 68, (범서읍)",052-248-8431,,1997-07-15,1,0,0,0,0,1,0,0,0,0,0,0,0,0,129.2300203,35.5690326
JDQ4MTYyMiM4MSMkMiMkNCMkMDAkNDgxOTYxIzIxIyQxIyQ5IyQxMyQyNjE4MzIjNjEjJDEjJDAjJDgz,베러미의원,31,의원,260000,울산,260001,울산남구,삼산동,44719,"울산광역시 남구 삼산로 266, 굿모닝클리닉 7층 (삼산동)",1660-1023,https://ulsansamsan.bettermeclinic.co.kr/,2023-10-05,1,1,0,0,0,0,0,0,0,0,0,0,0,0,129.3362911,35.5387849
JDQ4MTYyMiM4MSMkMSMkNCMkNzIkMzgxOTYxIzExIyQxIyQ3IyQ4OSQzNjEyMjIjODEjJDEjJDYjJDgz,베리굿치과의원,51,치과의원,260000,울산,260002,울산동구,서부동,44031,"울산광역시 동구 방어진순환도로 915, 2층 8호 (서부동)",052-252-1341,,2001-06-20,1,0,0,0,0,1,0,0,0,0,0,0,0,0,129.4325716,35.5228945
JDQ4MTYyMiM4MSMkMiMkNCMkMDAkNDgxMzUxIzExIyQxIyQzIyQ4OSQzNjE0ODEjNTEjJDEjJDYjJDgz,베스트비뇨기과의원,31,의원,260000,울산,260003,울산중구,남외동,44495,"울산광역시 중구 번영로 574, 동천빌딩 5층 (남외동)",052-281-3773,,2008-08-29,1,0,0,0,1,0,0,0,0,0,0,0,0,0,129.34483,35.5684192
JDQ4MTYyMiM4MSMkMSMkNCMkNzIkMzgxOTYxIzMxIyQxIyQzIyQ5OSQyNjE4MzIjNzEjJDEjJDgjJDgz,베스트치과의원,51,치과의원,260000,울산,260003,울산중구,태화동,44457,"울산광역시 중구 태화로 174, 2층 (태화동)",052-211-2879,,2012-09-06,1,0,0,0,0,1,0,0,0,0,0,0,0,0,129.2948617,35.5523153
JDQ4MTYyMiM4MSMkMiMkNCMkMDAkMzgxMTkxIzIxIyQxIyQ1IyQwMyQzNjE0ODEjNTEjJDEjJDIjJDgz,변준영이비인후과의원,31,의원,260000,울산,260001,울산남구,무거동,44633,"울산광역시 남구 북부순환도로 16, (무거동)",052-224-7482,,1999-03-13,1,0,0,0,1,0,0,0,0,0,0,0,0,0,129.2658231,35.5512985
JDQ4MTYyMiM4MSMkMSMkNCMkNzIkMzgxOTYxIzMxIyQxIyQ3IyQxMyQyNjEwMDIjODEjJDEjJDIjJDgz,변치과의원,51,치과의원,260000,울산,260002,울산동구,전하동,44035,"울산광역시 동구 방어진순환도로 859, (전하동)",052-234-2882,,2009-10-30,1,0,0,0,0,1,0,0,0,0,0,0,0,0,129.4315167,35.5179675
JDQ4MTYyMiM4MSMkMSMkNCMkNzIkMzgxMzUxIzIxIyQxIyQ1IyQ3MiQzNjEwMDIjNzEjJDEjJDgjJDgz,병영김치과의원,51,치과의원,260000,울산,260003,울산중구,남외동,44492,"울산광역시 중구 번영로 567, 2층 (남외동)",052-294-2875,,1989-09-30,1,0,0,0,0,1,0,0,0,0,0,0,0,0,129.3438926,35.5691237
JDQ4MTYyMiM4MSMkMiMkNCMkMDAkMzgxNzAyIzMxIyQxIyQzIyQ2MiQzNjE4MzIjNjEjJDEjJDgjJDgz,병영마취통증의학과의원,31,의원,260000,울산,260003,울산중구,남외동,44495,"울산광역시 중구 번영로 580, SkyM빌딩 403호 (남외동)",052-298-8275,,2006-02-24,1,0,0,0,1,0,0,0,0,0,0,0,0,0,129.3453715,35.5685691
JDQ4MTYyMiM4MSMkMiMkNCMkMDAkMzgxMTkxIzIxIyQxIyQ1IyQ3OSQyNjEwMDIjNDEjJDEjJDQjJDgz,병영정형외과의원,31,의원,260000,울산,260003,울산중구,남외동,44507,"울산광역시 중구 번영로 566, 1층 (남외동)",052-293-7575,,1998-12-10,2,1,0,0,1,0,0,0,0,0,0,0,0,0,129.3439504,35.5681607
JDQ4MTYyMiM4MSMkMSMkNCMkNzIkMzgxMTkxIzIxIyQxIyQ1IyQ3MiQ0NjEwMDIjNDEjJDEjJDgjJDgz,병영탑치과의원,51,치과의원,260000,울산,260003,울산중구,남외동,44495,"울산광역시 중구 번영로 590, 4층 402호 (남외동)",052-911-2879,,2024-11-06,1,0,0,0,0,0,0,0,1,0,0,0,0,0,129.3465085,35.5689533
JDQ4MTYyMiM4MSMkMSMkNCMkNzIkMzgxMzUxIzMxIyQxIyQzIyQ4MiQyNjE0ODEjNjEjJDEjJDgjJDgz,보광치과의원,51,치과의원,260000,울산,260003,울산중구,남외동,44507,"울산광역시 중구 번영로 566, (남외동)",052-281-3700,,1992-04-11,1,0,0,0,0,1,0,0,0,0,0,0,0,0,129.3439504,35.5681607
JDQ4MTYyMiM4MSMkMSMkNCMkMTMkNDgxMzUxIzIxIyQxIyQxIyQ5OSQyNjEwMDIjNjEjJDEjJDgjJDgz,보광한의원,93,한의원,260000,울산,260002,울산동구,방어동,44088,"울산광역시 동구 월봉1가길 25, 2층 (방어동)",052-201-7575,,2006-07-05,1,0,0,0,0,0,0,0,0,1,0,0,0,0,129.4206342,35.4894677
JDQ4MTYyMiM4MSMkMSMkNCMkNzIkMzgxOTYxIzExIyQxIyQzIyQ3MiQzNjE0ODEjNjEjJDEjJDQjJDgz,보람치과의원,51,치과의원,260000,울산,260001,울산남구,무거동,44611,"울산광역시 남구 대학로 110, (무거동)",052-247-2812,,2000-04-07,1,0,0,0,0,1,0,0,0,0,0,0,0,0,129.2608533,35.5445645
JDQ4MTYyMiM4MSMkMiMkNCMkMDAkMzgxMzUxIzUxIyQxIyQ1IyQ2MiQzNjE4MzIjNjEjJDEjJDQjJDgz,보령의원,31,의원,260000,울산,260001,울산남구,옥동,44648,"울산광역시 남구 문수로369번길 3, (옥동)",052-271-0991,,1989-08-10,1,1,0,0,0,0,0,0,0,0,0,0,0,0,129.2938979,35.5349373
JDQ4MTYyMiM4MSMkMSMkNCMkNzIkMzgxMTkxIzIxIyQxIyQxIyQ3OSQzNjE4MzIjNDEjJDEjJDgjJDgz,보스턴연합치과의원,51,치과의원,260000,울산,260004,울산북구,매곡동,44219,"울산광역시 북구 매곡로 115, 3층 (매곡동)",052-977-2875,,2020-10-28,1,0,0,0,0,0,0,0,1,0,0,0,0,0,129.355472,35.6426444
JDQ4MTYyMiM4MSMkMSMkNCMkMTMkMzgxNzAyIzQxIyQxIyQ3IyQ4OSQyNjE0ODEjNzEjJDEjJDgjJDgz,보한당한의원,93,한의원,260000,울산,260004,울산북구,호계동,44227,"울산광역시 북구 호계로 282-1, 2층 (호계동)",052-286-4485,,1995-07-07,1,0,0,0,0,0,0,0,0,1,0,0,0,0,129.3511869,35.6283875
JDQ4MTYyMiM4MSMkMiMkNCMkMDAkNDgxOTYxIzIxIyQyIyQ1IyQwMCQ0NjEwMDIjNTEjJDEjJDYjJDgz,본가정의학과의원,31,의원,260000,울산,260003,울산중구,반구동,44504,"울산광역시 중구 반구로 46, 2층 (반구동)",052-991-1462,,2015-07-31,1,0,0,0,1,0,0,0,0,0,0,0,0,0,129.3459211,35.5544841
JDQ4MTYyMiM4MSMkMSMkNCMkMTMkMzgxNzAyIzMxIyQxIyQzIyQ4OSQzNjEyMjIjNTEjJDEjJDYjJDgz,본디올종로한의원,93,한의원,260000,울산,260001,울산남구,무거동,44611,"울산광역시 남구 대학로 164, (무거동)",052-224-3384,http://jongro.bondiol.co.kr,1994-09-12,1,0,0,0,0,0,0,0,0,1,0,0,0,0,129.2636078,35.5486155
JDQ4MTYyMiM4MSMkMiMkNCMkMDAkMzgxMTkxIzUxIyQxIyQ1IyQ3OSQ0NjE0ODEjNjEjJDEjJDQjJDgz,본정형외과의원,31,의원,260000,울산,260002,울산동구,서부동,44016,"울산광역시 동구 방어진순환도로 1133, (서부동)",052-232-8300,,2002-01-01,1,0,0,0,1,0,0,0,0,0,0,0,0,0,129.4247999,35.5393453
JDQ4MTYyMiM4MSMkMSMkNCMkNzIkMzgxOTYxIzIxIyQxIyQ1IyQ4MiQ0NjE0ODEjNjEjJDEjJDAjJDgz,본치과의원,51,치과의원,260000,울산,260002,울산동구,전하동,44043,"울산광역시 동구 진성14길 114, (전하동)",052-233-2875,,1998-05-18,1,0,0,0,0,1,0,0,0,0,0,0,0,0,129.426187,35.5106607
JDQ4MTYyMiM4MSMkMiMkNCMkMDAkMzgxMTkxIzIxIyQxIyQ1IyQ3OSQzNjE0ODEjNjEjJDEjJDAjJDgz,봄소아청소년과의원,31,의원,260000,울산,260004,울산북구,매곡동,44220,"울산광역시 북구 매곡1로 15, 3층 (매곡동)",052-286-1311,,1998-12-14,1,0,0,0,1,0,0,0,0,0,0,0,0,0,129.3538047,35.6428478
JDQ4MTYyMiM4MSMkMiMkNCMkMDAkNDgxMzUxIzUxIyQxIyQ1IyQ5MiQ0NjEwMDIjNjEjJDEjJDQjJDgz,봄정신건강의학과의원,31,의원,260000,울산,260003,울산중구,남외동,44495,"울산광역시 중구 번영로 580, 4층 401호 (남외동, SkyM빌딩)",052-281-7900,,2017-05-29,1,0,0,0,1,0,0,0,0,0,0,0,0,0,129.3453715,35.5685691
JDQ4MTYyMiM4MSMkMSMkNCMkMTMkNDgxMzUxIzQxIyQxIyQ3IyQ3MiQzNjE0ODEjNjEjJDEjJDAjJDgz,봄한의원,93,한의원,260000,울산,260001,울산남구,신정동,44671,"울산광역시 남구 중앙로 259, (신정동)",052-227-0503,,1998-11-12,1,0,0,0,0,0,0,0,0,1,0,0,0,0,129.3104141,35.5438912
JDQ4MTYyMiM4MSMkMSMkNCMkMTMkMzgxNzAyIzIxIyQxIyQ1IyQ3OSQzNjEwMDIjNjEjJDEjJDQjJDgz,봉계감초한의원,93,한의원,260000,울산,260100,울산울주군,두동면,44914,"울산광역시 울주군 두동면 계명1길 41, (두동면)",052-262-5557,,2015-04-06,1,0,0,0,0,0,0,0,0,1,0,0,0,0,129.1991876,35.7139315
JDQ4MTYyMiM4MSMkMSMkNCMkOTIkMzgxNzAyIzExIyQxIyQzIyQ4OSQ0NjEwMDIjNzEjJDEjJDgjJDgz,봉계보건진료소,73,보건진료소,260000,울산,260100,울산울주군,두동면,44914,"울산광역시 울주군 두동면 계명1길 19, (두동면)",052-262-7471,,1997-07-15,0,0,0,0,0,0,0,0,0,0,0,0,0,0,129.1975989,35.7125801
JDQ4MTYyMiM4MSMkMSMkNCMkNzIkMzgxOTYxIzUxIyQxIyQ1IyQwMyQyNjEyMjIjODEjJDEjJDIjJDgz,봉주르치과의원,51,치과의원,260000,울산,260100,울산울주군,언양읍,44945,"울산광역시 울주군 언양읍 읍성로 27, 2층",052-254-7528,,2016-03-04,1,0,0,0,0,1,0,0,0,0,0,0,0,0,129.117454,35.5667487
JDQ4MTYyMiM4MSMkMSMkNCMkMTMkMzgxNzAyIzIxIyQxIyQ5IyQxMyQzNjEyMjIjNjEjJDEjJDQjJDgz,봉천 한의원,93,한의원,260000,울산,260001,울산남구,삼산동,44696,"울산광역시 남구 번영로250번길 8, 2층 (삼산동)",052-244-0611,http://www.bongchun.co.kr,1994-04-02,1,0,0,0,0,0,0,0,0,1,0,0,0,0,129.3248084,35.5473601
JDQ4MTYyMiM4MSMkMSMkNCMkOTkkMzgxMzUxIzMxIyQxIyQ3IyQ3OSQyNjE0ODEjNjEjJDEjJDQjJDgz,북울산병원,21,병원,260000,울산,260004,울산북구,상안동,44209,"울산광역시 북구 신답로 37, 지하1층~지상8층 (상안동)",052-293-8888,,2023-02-10,6,1,0,0,5,0,0,0,0,0,0,0,0,0,129.3442675,35.628733
JDQ4MTYyMiM4MSMkMiMkNCMkMDAkNDgxOTYxIzMxIyQxIyQzIyQ4OSQyNjEwMDIjNjEjJDEjJDgjJDgz,뷰티민의원,31,의원,260000,울산,260001,울산남구,달동,44726,"울산광역시 남구 번영로 115, 경남은행 달동지점 6층 (달동)",052-268-9333,,2024-01-11,1,0,0,0,1,0,0,0,0,0,0,0,0,0,129.328333,35.5355887
JDQ4MTYyMiM4MSMkMiMkNCMkMDAkNDgxOTYxIzMxIyQxIyQ3IyQxMyQzNjE4MzIjNDEjJDEjJDQjJDgz,뷰티온의원,31,의원,260000,울산,260001,울산남구,무거동,44611,"울산광역시 남구 대학로 146, 5층 (무거동)",052-716-7085,,2026-03-30,1,1,0,0,0,0,0,0,0,0,0,0,0,0,129.2626203,35.5475718
JDQ4MTYyMiM4MSMkMSMkNCMkNzIkMzgxOTYxIzQxIyQxIyQ3IyQxMyQ0NjEwMDIjNDEjJDEjJDQjJDgz,블루마치과의원,51,치과의원,260000,울산,260004,울산북구,산하동,44264,"울산광역시 북구 화암1길 52, 1층 204호 (산하동)",052-285-2822,,2018-03-15,1,0,0,0,0,1,0,0,0,0,0,0,0,0,129.438029,35.635905
JDQ4MTYyMiM4MSMkMiMkNCMkMDAkNDgxOTYxIzMxIyQxIyQ3IyQ4MiQ0NjEwMDIjNjEjJDEjJDAjJDgz,블리비의원,31,의원,260000,울산,260001,울산남구,삼산동,44705,"울산광역시 남구 삼산로 273, 삼산타워 10층 (삼산동)",1833-9011,,2021-06-30,2,0,0,0,2,0,0,0,0,0,0,0,0,0,129.3367805,35.5395317
JDQ4MTYyMiM4MSMkMiMkNCMkMDAkNDgxMzUxIzMxIyQxIyQzIyQ3MiQzNjEyMjIjNDEjJDEjJDgjJDgz,비너스외과의원,31,의원,260000,울산,260001,울산남구,달동,44718,"울산광역시 남구 삼산로 216, 5,6,11층 (달동)",052-716-0075,,2016-12-01,1,0,0,0,1,0,0,0,0,0,0,0,0,0,129.3309397,35.5377737
JDQ4MTYyMiM4MSMkMiMkNCMkMDAkNDgxOTYxIzExIyQxIyQzIyQ5OSQ0NjEwMDIjNzEjJDEjJDgjJDgz,비에프의원,31,의원,260000,울산,260001,울산남구,달동,44707,"울산광역시 남구 삼산로 253, KB증권울산사옥 4층 (달동)",052-257-6888,,2018-01-30,1,1,0,0,0,0,0,0,0,0,0,0,0,0,129.3348538,35.53926
JDQ4MTYyMiM4MSMkMSMkNCMkNzIkMzgxMTkxIzExIyQyIyQzIyQwMCQyNjEwMDIjNDEjJDEjJDgjJDgz,비전치과의원,51,치과의원,260000,울산,260004,울산북구,매곡동,44218,"울산광역시 북구 신천로 57, 2층 (매곡동)",052-282-2275,,2011-08-10,1,0,0,0,0,0,0,0,1,0,0,0,0,0,129.3498878,35.6432679
JDQ4MTYyMiM4MSMkMiMkNCMkMDAkNDgxOTYxIzExIyQxIyQzIyQwMyQyNjEyMjIjNTEjJDEjJDYjJDgz,비케이내과의원,31,의원,260000,울산,260003,울산중구,약사동,44479,"울산광역시 중구 번영로 487, 2,6층 (약사동)",052-286-2500,,2018-09-17,3,0,0,0,3,0,0,0,0,0,0,0,0,0,129.3366792,35.5650568
JDQ4MTYyMiM4MSMkMSMkNCMkNzIkMzgxMTkxIzExIyQxIyQ3IyQ5MiQ0NjE0ODEjNjEjJDEjJDAjJDgz,비타민치과의원,51,치과의원,260000,울산,260003,울산중구,우정동,44467,"울산광역시 중구 장춘로 1, 2층 201호 (우정동)",052-246-0300,http://www.vitamindent.kr/,2020-02-27,1,0,0,0,0,0,0,0,1,0,0,0,0,0,129.309892,35.5563761
JDQ4MTYyMiM4MSMkMSMkNCMkNzIkMzgxOTYxIzIxIyQxIyQ1IyQxMyQyNjE4MzIjNjEjJDEjJDQjJDgz,뿌리깊은치과의원,51,치과의원,260000,울산,260003,울산중구,약사동,44479,"울산광역시 중구 번영로 487, (약사동)",052-282-7528,,2006-06-19,1,0,0,0,0,1,0,0,0,0,0,0,0,0,129.3366792,35.5650568
JDQ4MTYyMiM4MSMkMiMkNCMkMDAkNDgxMzUxIzExIyQxIyQ3IyQ3MiQyNjE4MzIjNDEjJDEjJDgjJDgz,사단법인경찰공제회울산의원,31,의원,260000,울산,260100,울산울주군,상북면,44904,"울산광역시 울주군 상북면 봉화로 342, (상북면)",052-263-2041,,1996-02-16,1,0,0,0,1,0,0,0,0,0,0,0,0,0,129.0987169,35.5767808
JDQ4MTYyMiM4MSMkMSMkNCMkMTMkMzgxNzAyIzMxIyQxIyQ3IyQ4OSQyNjEyMjIjNzEjJDEjJDgjJDgz,사대한의원,93,한의원,260000,울산,260001,울산남구,무거동,44633,"울산광역시 남구 북부순환도로 16, (무거동)",052-223-6475,,2001-04-18,1,0,0,0,0,0,0,0,0,1,0,0,0,0,129.2658231,35.5512985
JDQ4MTYyMiM4MSMkMiMkNCMkMDAkMzgxMTkxIzMxIyQxIyQzIyQ5OSQzNjEwMDIjNDEjJDEjJDQjJDgz,사람이소중한의원,31,의원,260000,울산,260003,울산중구,옥교동,44531,"울산광역시 중구 학성로 118, 2층 (옥교동)",052-227-7511,,2023-05-03,2,0,0,0,2,0,0,0,0,0,0,0,0,0,129.3238783,35.5555862
JDQ4MTYyMiM4MSMkMSMkNCMkNzIkMzgxOTYxIzExIyQxIyQzIyQ5MiQyNjE0ODEjNzEjJDEjJDgjJDgz,사랑가치과의원,51,치과의원,260000,울산,260003,울산중구,반구동,44509,"울산광역시 중구 화합로 412, (반구동)",052-282-2875,,2005-03-05,1,0,0,0,0,1,0,0,0,0,0,0,0,0,129.3381471,35.5621096
JDQ4MTYyMiM4MSMkMiMkNCMkMDAkNDgxMzUxIzMxIyQxIyQ3IyQxMyQyNjE4MzIjNDEjJDEjJDgjJDgz,사랑마취통증의학과의원,31,의원,260000,울산,260100,울산울주군,온산읍,45005,"울산광역시 울주군 온산읍 덕신로 256, 3층",052-237-8880,,2014-10-30,1,0,0,0,1,0,0,0,0,0,0,0,0,0,129.3094978,35.4334105
JDQ4MTYyMiM4MSMkMSMkNCMkMTMkNDgxMzUxIzUxIyQxIyQ1IyQ5MiQyNjE4MzIjNTEjJDEjJDYjJDgz,사랑방한의원,93,한의원,260000,울산,260100,울산울주군,범서읍,44931,"울산광역시 울주군 범서읍 대동길 23, 문수애시앙(상가) 101호",052-212-3322,,2018-01-10,1,0,0,0,0,0,0,0,0,0,0,0,1,0,129.2318647,35.5618507
JDQ4MTYyMiM4MSMkMSMkNCMkNzIkMzgxOTYxIzExIyQyIyQ3IyQwMCQzNjE4MzIjNDEjJDEjJDgjJDgz,사랑이가득한치과의원,51,치과의원,260000,울산,260001,울산남구,신정동,44651,"울산광역시 남구 봉월로59번길 24, 2층 (신정동)",052-271-2882,,2000-07-03,1,0,0,0,0,1,0,0,0,0,0,0,0,0,129.3029579,35.5379075
JDQ4MTYyMiM4MSMkMSMkNCMkNzIkMzgxOTYxIzIxIyQxIyQxIyQ5OSQyNjEyMjIjNDEjJDEjJDQjJDgz,사랑치과의원,51,치과의원,260000,울산,260004,울산북구,중산동,44213,"울산광역시 북구 중산서로 30, 3층 (중산동)",052-297-7528,,2025-12-15,1,0,0,0,0,1,0,0,0,0,0,0,0,0,129.3492534,35.6540436
JDQ4MTYyMiM4MSMkMSMkNCMkMTMkNDgxOTYxIzExIyQxIyQzIyQ3OSQyNjE4MzIjNDEjJDEjJDgjJDgz,사암뿌리한의원,93,한의원,260000,울산,260100,울산울주군,언양읍,44946,"울산광역시 울주군 언양읍 동문길 98, (언양읍)",052-264-1100,,2006-09-01,1,0,0,0,0,0,0,0,0,1,0,0,0,0,129.1245168,35.5633936
JDQ4MTYyMiM4MSMkMSMkNCMkOTkkNTgxOTYxIzExIyQxIyQzIyQ3OSQ0NjEwMDIjNDEjJDEjJDQjJDgz,사회복지법인 동향원 부설 반구대병원,29,정신병원,260000,울산,260100,울산울주군,두동면,44913,"울산광역시 울주군 두동면 천전각석길 11, (두동면)",052-264-9225,,1996-01-30,3,0,0,0,3,0,0,0,0,0,0,0,0,0,129.1687963,35.6179271
JDQ4MTYyMiM4MSMkMSMkNCMkNzIkMzgxOTYxIzExIyQxIyQ3IyQxMyQzNjE4MzIjNjEjJDEjJDQjJDgz,산정치과의원,51,치과의원,260000,울산,260003,울산중구,성안동,44425,"울산광역시 중구 백양로 26, 3층 (성안동)",052-211-2412,,2004-09-09,1,0,0,0,0,1,0,0,0,0,0,0,0,0,129.3090304,35.5748928
JDQ4MTYyMiM4MSMkMSMkNCMkOTIkMzgxOTYxIzIxIyQxIyQxIyQ3OSQyNjE0ODEjODEjJDEjJDIjJDgz,삼동면보건지소,72,보건지소,260000,울산,260100,울산울주군,삼동면,44956,"울산광역시 울주군 삼동면 삼동로 777, (삼동면)",052-264-3518,,1997-07-15,0,0,0,0,0,0,0,0,0,0,0,0,0,0,129.1575837,35.5237661
JDQ4MTYyMiM4MSMkMSMkNCMkOTIkMzgxNzAyIzExIyQxIyQzIyQ4OSQzNjE4MzIjNDEjJDEjJDgjJDgz,삼동보건진료소,73,보건진료소,260000,울산,260100,울산울주군,삼동면,44956,"울산광역시 울주군 삼동면 삼동로 777, (삼동보건지소)",052-264-5350,,1997-07-15,0,0,0,0,0,0,0,0,0,0,0,0,0,0,129.1575837,35.5237661
JDQ4MTYyMiM4MSMkMSMkNCMkNzIkMzgxMzUxIzIxIyQxIyQ5IyQ3OSQyNjEyMjIjNTEjJDEjJDIjJDgz,삼산앞선치과의원,51,치과의원,260000,울산,260001,울산남구,삼산동,44705,"울산광역시 남구 삼산로 269, 3층 (삼산동)",052-268-2100,http://www.absun21.com/,2002-04-16,1,0,0,0,0,1,0,0,0,0,0,0,0,0,129.3365304,35.5394813
JDQ4MTYyMiM4MSMkMSMkNCMkMTMkNDgxMzUxIzUxIyQxIyQ1IyQ5MiQ0NjEwMDIjNTEjJDEjJDIjJDgz,삼산한의원,93,한의원,260000,울산,260001,울산남구,삼산동,44705,"울산광역시 남구 삼산로 281, 6층 (삼산동, 정앤정크리닉빌딩북측)",052-274-7575,,2002-03-15,1,0,0,0,0,0,0,0,0,1,0,0,0,0,129.3376512,35.5396972
JDQ4MTYyMiM4MSMkMSMkNCMkMTMkMzgxNzAyIzQxIyQxIyQ3IyQ4MiQ0NjE0ODEjODEjJDEjJDYjJDgz,삼선방한의원,93,한의원,260000,울산,260001,울산남구,삼산동,44713,"울산광역시 남구 삼산로301번길 16, 2층 (삼산동)",052-275-0124,,2002-06-05,1,0,0,0,0,0,0,0,0,1,0,0,0,0,129.3403431,35.5419051
JDQ4MTYyMiM4MSMkMiMkNCMkMDAkMzgxMzUxIzUxIyQxIyQxIyQ4OSQyNjE0ODEjNDEjJDEjJDQjJDgz,삼성SDI(주)부속의원,31,의원,260000,울산,260100,울산울주군,삼남읍,44953,"울산광역시 울주군 삼남읍 반구대로 163, 40동",055-380-1075,,2009-03-12,1,0,0,0,1,0,0,0,0,0,0,0,0,0,129.094096,35.5155125
JDQ4MTYyMiM4MSMkMiMkNCMkMDAkNDgxOTYxIzMxIyQxIyQ3IyQxMyQ0NjEwMDIjNjEjJDEjJDgjJDgz,삼성베스트장내과의원,31,의원,260000,울산,260002,울산동구,화정동,44074,"울산광역시 동구 대학길 30, 1층 (화정동)",052-918-2000,,2026-04-07,1,0,0,0,1,0,0,0,0,0,0,0,0,0,129.4195664,35.4983038
JDQ4MTYyMiM4MSMkMiMkNCMkMDAkMzgxNzAyIzIxIyQxIyQ1IyQ5OSQ0NjE0ODEjNzEjJDEjJDgjJDgz,삼성서울피부과의원,31,의원,260000,울산,260003,울산중구,남외동,44495,"울산광역시 중구 번영로 576, 3층 (남외동)",052-258-7585,,2012-07-17,1,0,0,0,1,0,0,0,0,0,0,0,0,0,129.3450257,35.5684818
JDQ4MTYyMiM4MSMkMiMkNCMkMDAkMzgxNzAyIzMxIyQyIyQzIyQwMCQzNjEyMjIjNDEjJDEjJDgjJDgz,삼성연합가정의학과의원,31,의원,260000,울산,260001,울산남구,신정동,44649,"울산광역시 남구 문수로369번길 65, (신정동)",052-271-4550,,2005-05-11,1,0,0,0,1,0,0,0,0,0,0,0,0,0,129.2972923,35.5383353
JDQ4MTYyMiM4MSMkMSMkNCMkNzIkMzgxOTYxIzExIyQxIyQzIyQ5OSQzNjE4MzIjODEjJDEjJDIjJDgz,삼성치과의원,51,치과의원,260000,울산,260100,울산울주군,언양읍,44941,"울산광역시 울주군 언양읍 헌양길 12, 2층",052-263-2830,,1999-06-30,1,0,0,0,0,1,0,0,0,0,0,0,0,0,129.1268259,35.564332
JDQ4MTYyMiM4MSMkMSMkNCMkOTkkNTgxMzUxIzIxIyQyIyQ1IyQwMCQyNjE4MzIjNjEjJDEjJDgjJDgz,삼호요양병원,28,요양병원,260000,울산,260001,울산남구,무거동,44628,"울산광역시 남구 북부순환도로 58, 1~7층 (무거동)",052-277-3001,,2016-09-05,7,1,0,0,5,0,0,0,0,1,0,0,0,0,129.2698248,35.5522825
JDQ4MTYyMiM4MSMkMSMkNCMkOTkkNTgxMzUxIzExIyQxIyQ3IyQ3MiQyNjEyMjIjNDEjJDEjJDQjJDgz,상록수요양병원,28,요양병원,260000,울산,260002,울산동구,전하동,44044,"울산광역시 동구 진성8길 94, 상록수요양병원 (전하동)",052-232-0100,www.sangnocsu.com/,2010-03-11,6,1,0,0,3,0,0,0,0,2,0,0,0,0,129.4297592,35.5093952
JDQ4MTYyMiM4MSMkMSMkNCMkNzIkMzgxMzUxIzIxIyQxIyQ1IyQxMyQyNjEwMDIjNTEjJDEjJDYjJDgz,상아치과의원,51,치과의원,260000,울산,260001,울산남구,무거동,44611,"울산광역시 남구 대학로 138, 4층 (무거동, 신정빌딩)",052-277-5417,,1990-05-08,1,0,0,0,0,1,0,0,0,0,0,0,0,0,129.2621294,35.5467773
JDQ4MTYyMiM4MSMkMSMkNCMkMTMkNDgxMzUxIzMxIyQyIyQ3IyQwMCQyNjEwMDIjODEjJDEjJDYjJDgz,상용한의원,93,한의원,260000,울산,260100,울산울주군,온양읍,44974,"울산광역시 울주군 온양읍 남창1길 45, (온양읍)",052-238-9987,,2012-05-03,1,0,0,0,0,0,0,0,0,0,0,0,1,0,129.2810752,35.4173783
JDQ4MTYyMiM4MSMkMiMkNCMkMDAkNDgxMzUxIzMxIyQxIyQ3IyQ2MiQyNjE4MzIjNjEjJDEjJDQjJDgz,상쾌한연합이비인후과의원,31,의원,260000,울산,260002,울산동구,전하동,44043,"울산광역시 동구 진성14길 118, (전하동)",052-252-7570,,2014-05-07,1,0,0,0,1,0,0,0,0,0,0,0,0,0,129.4262017,35.5109063
JDQ4MTYyMiM4MSMkMiMkNCMkMDAkNDgxMzUxIzMxIyQxIyQzIyQ5MiQyNjE0ODEjNjEjJDEjJDgjJDgz,상쾌한이비인후과의원,31,의원,260000,울산,260004,울산북구,매곡동,44219,"울산광역시 북구 매곡로 115, 2층 202호 (매곡동)",052-281-1231,,2013-08-09,1,0,0,0,1,0,0,0,0,0,0,0,0,0,129.355472,35.6426444
JDQ4MTYyMiM4MSMkMSMkNCMkMTMkMzgxNzAyIzQxIyQxIyQ3IyQ5MiQyNjE4MzIjNjEjJDEjJDQjJDgz,새날한의원,93,한의원,260000,울산,260004,울산북구,호계동,44227,"울산광역시 북구 호계로 292, 1층 (호계동)",052-286-1075,,2000-02-18,1,0,0,0,0,0,0,0,0,1,0,0,0,0,129.3512801,35.6292198
JDQ4MTYyMiM4MSMkMSMkNCMkNzIkMzgxOTYxIzExIyQxIyQzIyQwMyQzNjEwMDIjNjEjJDEjJDQjJDgz,새로운치과의원,51,치과의원,260000,울산,260001,울산남구,옥동,44664,"울산광역시 남구 문수로 396, 2층 (옥동, 대륙골프프라자)",052-266-2820,,2000-12-04,2,0,0,0,0,2,0,0,0,0,0,0,0,0,129.2964242,35.5338649
JDQ4MTYyMiM4MSMkMSMkNCMkMTMkMzgxMTkxIzExIyQxIyQzIyQ4MiQzNjE4MzIjNDEjJDEjJDgjJDgz,새봄한방병원,92,한방병원,260000,울산,260001,울산남구,신정동,44690,"울산광역시 남구 중앙로 234, (신정동)",052-260-9000,,2023-07-21,2,0,0,0,0,0,0,0,0,2,0,0,0,0,129.3117885,35.5417123
JDQ4MTYyMiM4MSMkMSMkNCMkMTMkNDgxMzUxIzExIyQxIyQ3IyQ3MiQyNjE4MzIjODEjJDEjJDIjJDgz,새봄한의원,93,한의원,260000,울산,260001,울산남구,무거동,44603,"울산광역시 남구 장검1길 21-50, (무거동)",052-247-1075,,2005-07-04,1,0,0,0,0,0,0,0,0,0,0,0,1,0,129.2576433,35.5524589
JDQ4MTYyMiM4MSMkMSMkNCMkNzIkMzgxOTYxIzMxIyQxIyQzIyQ3OSQyNjE4MzIjNTEjJDEjJDIjJDgz,새빛치과의원,51,치과의원,260000,울산,260001,울산남구,달동,44724,"울산광역시 남구 신정로 25, 새빛치과 2,3층 (달동)",275-2875,,2008-05-01,2,0,0,0,0,2,0,0,0,0,0,0,0,0,129.3223157,35.5341838
JDQ4MTYyMiM4MSMkMSMkNCMkOTkkNTgxMzUxIzExIyQxIyQzIyQwMyQyNjE4MzIjNTEjJDEjJDYjJDgz,새생명요양병원,28,요양병원,260000,울산,260001,울산남구,달동,44691,"울산광역시 남구 돋질로 84, (달동)",052-276-9789,http://www.새생명요양병원.kr,2007-07-04,4,0,0,0,2,0,0,0,0,2,0,0,0,0,129.315027,35.5383015
JDQ4MTYyMiM4MSMkMSMkNCMkMTMkNDgxMzUxIzExIyQyIyQ3IyQwMCQyNjEyMjIjNjEjJDEjJDQjJDgz,새서울한의원,93,한의원,260000,울산,260003,울산중구,유곡동,44539,"울산광역시 중구 종가4길 21, 2층 (유곡동)",052-248-1075,,2020-04-21,1,0,0,0,0,0,0,0,0,1,0,0,0,0,129.2941282,35.5601231
JDQ4MTYyMiM4MSMkMiMkNCMkMDAkMzgxNzAyIzMxIyQxIyQzIyQxMyQyNjE0ODEjNjEjJDEjJDQjJDgz,새신화의원,31,의원,260000,울산,260001,울산남구,무거동,44614,"울산광역시 남구 옥현로58번길 4, 3층 (무거동)",052-249-2300,,2002-09-27,1,1,0,0,0,0,0,0,0,0,0,0,0,0,129.2618519,35.5411528
JDQ4MTYyMiM4MSMkMiMkNCMkMDAkMzgxOTYxIzIxIyQxIyQ5IyQ3MiQzNjEyMjIjODEjJDEjJDIjJDgz,새아침연합내과의원,31,의원,260000,울산,260001,울산남구,신정동,44749,"울산광역시 남구 수암로 118-3, 5층 (신정동)",052-246-3000,,2006-11-28,1,0,0,0,1,0,0,0,0,0,0,0,0,0,129.3199495,35.5280637
JDQ4MTYyMiM4MSMkMiMkNCMkMDAkNDgxMzUxIzMxIyQxIyQzIyQ4MiQ0NjEwMDIjNTEjJDEjJDIjJDgz,새울산정형외과의원,31,의원,260000,울산,260001,울산남구,신정동,44740,"울산광역시 남구 수암로 42, 2, 4층 (신정동)",052-276-9787,,2013-08-08,1,0,0,0,1,0,0,0,0,0,0,0,0,0,129.3126862,35.531101
JDQ4MTYyMiM4MSMkMiMkNCMkMDAkMzgxMTkxIzIxIyQxIyQxIyQ4MiQ0NjE0ODEjNjEjJDEjJDAjJDgz,새울산제통의원,31,의원,260000,울산,260001,울산남구,야음동,44752,"울산광역시 남구 수암로 220, 2층 (야음동)",052-268-1981,,1996-08-26,1,1,0,0,0,0,0,0,0,0,0,0,0,0,129.3302562,35.5252237
JDQ4MTYyMiM4MSMkMSMkNCMkNzIkMzgxOTYxIzMxIyQxIyQ3IyQ4OSQzNjE4MzIjODEjJDEjJDYjJDgz,새하나치과의원,51,치과의원,260000,울산,260004,울산북구,송정동,44236,"울산광역시 북구 박상진11로 1, 인터메디타워 5층 504~5호 (송정동)",052-249-1128,,2010-04-20,2,0,0,0,0,1,0,0,1,0,0,0,0,0,129.3638046,35.6003144
JDQ4MTYyMiM4MSMkMiMkNCMkMDAkMzgxMTkxIzIxIyQxIyQxIyQ5OSQ0NjE0ODEjNjEjJDEjJDQjJDgz,새현대의원,31,의원,260000,울산,260003,울산중구,반구동,44499,"울산광역시 중구 반구정4길 64, 2층 (반구동)",-52,,2026-06-19,1,0,0,0,1,0,0,0,0,0,0,0,0,0,129.3443688,35.5584815
JDQ4MTYyMiM4MSMkMiMkNCMkMDAkMzgxMTkxIzQxIyQxIyQ3IyQ2MiQyNjE0ODEjNjEjJDEjJDgjJDgz,새현대의원,31,의원,260000,울산,260004,울산북구,천곡동,44202,"울산광역시 북구 천곡길 169, 106동 201호 (천곡동)",052-291-3770,,2010-08-03,1,1,0,0,0,0,0,0,0,0,0,0,0,0,129.3270395,35.6387059
JDQ4MTYyMiM4MSMkMiMkNCMkMDAkMzgxNzAyIzUxIyQxIyQ1IyQ5OSQyNjEyMjIjNjEjJDEjJDgjJDgz,새현대의원,31,의원,260000,울산,260001,울산남구,옥동,44664,"울산광역시 남구 문수로 396, (옥동)",052-258-7604,,2015-12-29,1,0,0,0,1,0,0,0,0,0,0,0,0,0,129.2964242,35.5338649
JDQ4MTYyMiM4MSMkMSMkNCMkMTMkNDgxMzUxIzIxIyQxIyQ1IyQ2MiQyNjE4MzIjNTEjJDEjJDYjJDgz,생기나라한의원,93,한의원,260000,울산,260002,울산동구,일산동,44052,"울산광역시 동구 방어진순환도로 707, (일산동)",052-252-7788,,2006-09-26,1,0,0,0,0,0,0,0,0,1,0,0,0,0,129.4292963,35.5048343
JDQ4MTYyMiM4MSMkMSMkNCMkMTMkNDgxOTYxIzIxIyQxIyQxIyQ2MiQyNjE0ODEjODEjJDEjJDIjJDgz,생기한의원,93,한의원,260000,울산,260001,울산남구,삼산동,44719,"울산광역시 남구 삼산로 272, 4층 (삼산동)",052-256-8276,https://www.saengki.com/,2026-06-11,1,0,0,0,0,0,0,0,0,0,0,0,1,0,129.3368838,35.5388969
JDQ4MTYyMiM4MSMkMiMkNCMkMDAkMzgxMTkxIzExIyQxIyQzIyQ3MiQzNjE4MzIjNjEjJDEjJDgjJDgz,서동가정의학과의원,31,의원,260000,울산,260003,울산중구,서동,44481,"울산광역시 중구 동천2길 3, (서동)",052-297-1128,,1997-06-28,1,0,0,0,1,0,0,0,0,0,0,0,0,0,129.3465931,35.5811385
JDQ4MTYyMiM4MSMkMSMkNCMkNzIkMzgxMzUxIzUxIyQyIyQxIyQwMCQyNjEyMjIjNDEjJDEjJDQjJDgz,서동치과의원,51,치과의원,260000,울산,260003,울산중구,서동,44481,"울산광역시 중구 동천5길 12, (서동)",297-4876,,1996-05-06,1,0,0,0,0,1,0,0,0,0,0,0,0,0,129.3469712,35.581342
JDQ4MTYyMiM4MSMkMSMkNCMkNzIkMzgxMzUxIzMxIyQxIyQzIyQxMyQyNjE4MzIjNTEjJDEjJDIjJDgz,서민호치과의원,51,치과의원,260000,울산,260003,울산중구,남외동,44493,"울산광역시 중구 번영로 573, (남외동)",281-2828,,1993-01-04,1,0,0,0,0,1,0,0,0,0,0,0,0,0,129.3445052,35.5691521
JDQ4MTYyMiM4MSMkMSMkNCMkOTIkMzgxOTYxIzExIyQxIyQ3IyQ3MiQyNjE0ODEjODEjJDEjJDIjJDgz,서생면보건지소,72,보건지소,260000,울산,260100,울산울주군,서생면,45014,"울산광역시 울주군 서생면 해맞이로 894, (서생보건지소)",052-239-5518,,1997-07-15,1,0,0,0,0,0,0,0,0,1,0,0,0,0,129.325925,35.3499654
JDQ4MTYyMiM4MSMkMiMkNCMkMDAkMzgxOTYxIzUxIyQxIyQ1IyQ4OSQzNjE4MzIjODEjJDEjJDYjJDgz,서생의원,31,의원,260000,울산,260100,울산울주군,서생면,45014,"울산광역시 울주군 서생면 해맞이로 875, 3층",052-239-7582,,2011-06-15,1,0,0,0,1,0,0,0,0,0,0,0,0,0,129.3236623,35.3487565
JDQ4MTYyMiM4MSMkMSMkNCMkNzIkMzgxMzUxIzIxIyQxIyQ5IyQ2MiQ0NjEwMDIjODEjJDEjJDYjJDgz,서영희치과의원,51,치과의원,260000,울산,260100,울산울주군,범서읍,44933,"울산광역시 울주군 범서읍 장검길 3, 3층",052-277-2879,,2011-02-15,1,0,0,0,0,1,0,0,0,0,0,0,0,0,129.2551615,35.5578086
JDQ4MTYyMiM4MSMkMSMkNCMkNzIkMzgxOTYxIzQxIyQxIyQ3IyQ4MiQyNjEyMjIjNDEjJDEjJDgjJDgz,서울S치과의원,51,치과의원,260000,울산,260003,울산중구,남외동,44507,"울산광역시 중구 번영로 568, 2층 (남외동)",052-700-2275,,2012-06-18,1,0,0,0,0,1,0,0,0,0,0,0,0,0,129.3441181,35.5682448
JDQ4MTYyMiM4MSMkMiMkNCMkMDAkMzgxOTYxIzUxIyQxIyQxIyQwMyQ0NjEwMDIjNDEjJDEjJDQjJDgz,서울가정의학과의원,31,의원,260000,울산,260003,울산중구,반구동,44510,"울산광역시 중구 서원6길 4, 2층 (반구동)",052-282-9990,,2004-05-03,1,0,0,0,1,0,0,0,0,0,0,0,0,0,129.3377458,35.5618431
JDQ4MTYyMiM4MSMkMiMkNCMkMDAkMzgxNzAyIzUxIyQxIyQxIyQ3OSQyNjEwMDIjNzEjJDEjJDgjJDgz,서울강안과의원,31,의원,260000,울산,260002,울산동구,전하동,44034,"울산광역시 동구 방어진순환도로 797, 2층 (전하동)",052-236-1677,,2007-03-07,1,0,0,0,1,0,0,0,0,0,0,0,0,0,129.4307291,35.5130251
JDQ4MTYyMiM4MSMkMSMkNCMkNzIkMzgxOTYxIzUxIyQxIyQ1IyQ4OSQ0NjEwMDIjNjEjJDEjJDAjJDgz,서울고른이치과교정과치과의원,51,치과의원,260000,울산,260001,울산남구,삼산동,44719,"울산광역시 남구 삼산로 270, 3층 (삼산동)",052-232-2804,,2015-03-11,1,0,0,0,0,0,0,0,1,0,0,0,0,0,129.3366989,35.5388659
JDQ4MTYyMiM4MSMkMSMkNCMkNzIkMzgxOTYxIzIxIyQxIyQ5IyQ3OSQyNjEwMDIjNDEjJDEjJDQjJDgz,서울닥터스치과의원,51,치과의원,260000,울산,260001,울산남구,야음동,44750,"울산광역시 남구 수암로 138, 4층 (야음동)",052-257-2080,,2020-01-13,2,0,0,0,0,0,0,0,2,0,0,0,0,0,129.3219771,35.5270563
JDQ4MTYyMiM4MSMkMSMkNCMkNzIkMzgxOTYxIzUxIyQxIyQ1IyQ5MiQzNjEwMDIjNjEjJDEjJDQjJDgz,서울락치과의원,51,치과의원,260000,울산,260001,울산남구,삼산동,44719,"울산광역시 남구 삼산로 274, 4층 402호 (삼산동)",052-287-2828,,2016-01-08,1,0,0,0,0,0,0,0,1,0,0,0,0,0,129.3371409,35.5389443
JDQ4MTYyMiM4MSMkMSMkNCMkNzIkMzgxOTYxIzIxIyQyIyQ5IyQwMCQ0NjEwMDIjNzEjJDEjJDgjJDgz,서울미소치과의원,51,치과의원,260000,울산,260002,울산동구,서부동,44026,"울산광역시 동구 서부로 51, 지웰시티자이상가 2단지 B419호 (서부동)",052-201-7528,,2007-04-30,1,0,0,0,0,0,0,0,1,0,0,0,0,0,129.4296043,35.5255623
JDQ4MTYyMiM4MSMkMSMkNCMkNzIkMzgxMTkxIzIxIyQxIyQxIyQ3OSQyNjE0ODEjNjEjJDEjJDAjJDgz,서울미치과의원,51,치과의원,260000,울산,260004,울산북구,송정동,44236,"울산광역시 북구 박상진12로 11, 301,302,303,304호 (송정동)",052-713-7528,,2020-08-07,1,0,0,0,0,1,0,0,0,0,0,0,0,0,129.3653329,35.6014883
JDQ4MTYyMiM4MSMkMSMkNCMkNzIkMzgxOTYxIzQxIyQxIyQ3IyQ4MiQzNjEyMjIjNTEjJDEjJDYjJDgz,서울바른치과교정과치과의원,51,치과의원,260000,울산,260001,울산남구,삼산동,44705,"울산광역시 남구 삼산로 273, 삼산타워 902호 (삼산동)",052-266-8528,,2012-06-28,1,0,0,0,0,0,0,0,1,0,0,0,0,0,129.3367805,35.5395317
JDQ4MTYyMiM4MSMkMSMkNCMkNzIkMzgxOTYxIzIxIyQyIyQ5IyQwMCQyNjEyMjIjNDEjJDEjJDQjJDgz,서울박치과의원,51,치과의원,260000,울산,260100,울산울주군,언양읍,44941,"울산광역시 울주군 언양읍 헌양길 18, (언양읍)",052-263-2879,,2007-03-05,1,0,0,0,0,1,0,0,0,0,0,0,0,0,129.1266041,35.5645103
JDQ4MTYyMiM4MSMkMiMkNCMkMDAkNDgxOTYxIzIxIyQxIyQ1IyQxMyQyNjE4MzIjODEjJDEjJDIjJDgz,서울백가정의학과의원,31,의원,260000,울산,260100,울산울주군,온양읍,44978,"울산광역시 울주군 온양읍 대안3길 58, 3층",052-713-7222,,2022-06-24,1,0,0,0,1,0,0,0,0,0,0,0,0,0,129.2825331,35.4103809
JDQ4MTYyMiM4MSMkMiMkNCMkMDAkNDgxOTYxIzIxIyQxIyQxIyQwMyQzNjEyMjIjODEjJDEjJDYjJDgz,서울빙빙이비인후과의원,31,의원,260000,울산,260003,울산중구,남외동,44507,"울산광역시 중구 번영로 564, 6층 (남외동)",052-708-0070,,2021-03-11,1,0,0,0,1,0,0,0,0,0,0,0,0,0,129.3436912,35.5681802
JDQ4MTYyMiM4MSMkMiMkNCMkMDAkNDgxMzUxIzIxIyQxIyQxIyQ4MiQ0NjEwMDIjNTEjJDEjJDYjJDgz,서울산백준호정형외과의원,31,의원,260000,울산,260100,울산울주군,범서읍,44919,"울산광역시 울주군 범서읍 울밀로 2822, 2-5층",052-224-9100,http://wuos.co.kr,2010-10-06,1,0,0,0,1,0,0,0,0,0,0,0,0,0,129.2569048,35.5577179
JDQ4MTYyMiM4MSMkMSMkNCMkODkkMzgxMzUxIzExIyQxIyQzIyQ4OSQzNjEwMDIjNDEjJDEjJDgjJDgz,서울산보람병원,11,종합병원,260000,울산,260100,울산울주군,삼남읍,44948,"울산광역시 울주군 삼남읍 중평로 53, 서울산보람병원",052-255-7114,http://eunyang.imc-boram.co.kr/,2007-02-01,23,0,0,0,22,1,0,0,0,0,0,0,0,0,129.1210036,35.5597987
JDQ4MTYyMiM4MSMkMiMkNCMkMDAkNDgxMzUxIzExIyQxIyQ3IyQ5MiQyNjEwMDIjODEjJDEjJDYjJDgz,서울삼성비뇨기과산부인과의원,31,의원,260000,울산,260001,울산남구,삼산동,44719,"울산광역시 남구 삼산로 274, 5층 (삼산동)",052-269-8575,,2009-12-24,2,0,0,0,2,0,0,0,0,0,0,0,0,0,129.3371409,35.5389443
JDQ4MTYyMiM4MSMkMiMkNCMkMDAkNDgxOTYxIzIxIyQxIyQ1IyQwMyQ0NjEwMDIjNDEjJDEjJDQjJDgz,서울삼성정형외과의원,31,의원,260000,울산,260001,울산남구,삼산동,44705,"울산광역시 남구 삼산로 283, 소망빌딩 5층 (삼산동)",052-266-7975,,2022-05-23,2,0,0,0,2,0,0,0,0,0,0,0,0,0,129.3378965,35.5397338
JDQ4MTYyMiM4MSMkMiMkNCMkMDAkMzgxMTkxIzExIyQxIyQ3IyQ4MiQ0NjE0ODEjODEjJDEjJDIjJDgz,서울성형외과의원,31,의원,260000,울산,260003,울산중구,성남동,44532,"울산광역시 중구 젊음의2거리 23, (성남동)",052-244-0222,,1998-03-11,1,0,0,0,1,0,0,0,0,0,0,0,0,0,129.3191809,35.5531837
JDQ4MTYyMiM4MSMkMSMkNCMkNzIkMzgxOTYxIzQxIyQxIyQ3IyQ4OSQyNjE4MzIjNTEjJDEjJDIjJDgz,서울수치과의원,51,치과의원,260000,울산,260004,울산북구,호계동,44228,"울산광역시 북구 호계로 281, 3층 (호계동)",052-285-2275,,2011-11-08,2,0,0,0,0,2,0,0,0,0,0,0,0,0,129.3506949,35.6282862
JDQ4MTYyMiM4MSMkMiMkNCMkMDAkNDgxOTYxIzIxIyQyIyQ1IyQwMCQ0NjE0ODEjNjEjJDEjJDQjJDgz,서울신내과의원,31,의원,260000,울산,260003,울산중구,반구동,44500,"울산광역시 중구 염포로 8, 2층 (반구동)",052-295-2200,,2021-10-21,1,0,0,0,1,0,0,0,0,0,0,0,0,0,129.3428148,35.558588
JDQ4MTYyMiM4MSMkMSMkNCMkOTkkMzgxMzUxIzMxIyQxIyQzIyQ3OSQzNjE0ODEjNDEjJDEjJDgjJDgz,서울아동병원,21,병원,260000,울산,260001,울산남구,무거동,44629,"울산광역시 남구 북부순환도로 25, 지하1,2~6층 (무거동)",052-922-1100,,2015-09-24,4,0,0,0,4,0,0,0,0,0,0,0,0,0,129.2661807,35.5524703
JDQ4MTYyMiM4MSMkMiMkNCMkMDAkNDgxOTYxIzExIyQxIyQzIyQ5OSQzNjEyMjIjNTEjJDEjJDIjJDgz,서울아산 이비인후과의원,31,의원,260000,울산,260004,울산북구,매곡동,44223,"울산광역시 북구 매산로 15, 참조은빌딩 3층 (매곡동)",052-977-1000,,2018-01-22,1,0,0,0,1,0,0,0,0,0,0,0,0,0,129.3571198,35.6417384
JDQ4MTYyMiM4MSMkMiMkNCMkMDAkNDgxMzUxIzMxIyQxIyQzIyQ4MiQyNjE0ODEjODEjJDEjJDYjJDgz,서울아산내과의원,31,의원,260000,울산,260001,울산남구,삼산동,44719,"울산광역시 남구 삼산로 272, 3층 301호 (삼산동)",052-267-6961,,2013-06-26,1,0,0,0,1,0,0,0,0,0,0,0,0,0,129.3368838,35.5388969
JDQ4MTYyMiM4MSMkMiMkNCMkMDAkNDgxOTYxIzMxIyQxIyQ3IyQ3OSQ0NjE0ODEjNTEjJDEjJDIjJDgz,서울아산린재활의학과의원,31,의원,260000,울산,260001,울산남구,달동,44722,"울산광역시 남구 신정로 39, 3층 (달동)",052-268-8999,https://ulsanreen.com,2025-03-04,1,0,0,0,1,0,0,0,0,0,0,0,0,0,129.3218584,35.5353877
JDQ4MTYyMiM4MSMkMiMkNCMkMDAkMzgxNzAyIzExIyQxIyQ3IyQwMyQzNjEwMDIjNTEjJDEjJDYjJDgz,서울아침의원,31,의원,260000,울산,260001,울산남구,무거동,44611,"울산광역시 남구 대학로 128, 3층 (무거동, 하늘빌딩)",052-277-0868,,2003-04-02,1,0,0,0,1,0,0,0,0,0,0,0,0,0,129.261577,35.5459722
JDQ4MTYyMiM4MSMkMiMkNCMkMDAkNDgxMzUxIzMxIyQxIyQ3IyQ3MiQyNjEwMDIjNjEjJDEjJDgjJDgz,서울에이치피부과의원,31,의원,260000,울산,260001,울산남구,삼산동,44705,"울산광역시 남구 삼산중로74번길 11, 2~3층 (삼산동)",052-268-9928,,2014-05-29,1,0,0,0,1,0,0,0,0,0,0,0,0,0,129.3367021,35.5405161
JDQ4MTYyMiM4MSMkMiMkNCMkMDAkNDgxMzUxIzIxIyQxIyQxIyQwMyQyNjEwMDIjNTEjJDEjJDIjJDgz,서울연합의원,31,의원,260000,울산,260003,울산중구,태화동,44452,"울산광역시 중구 유곡로 29, 4층 (태화동)",212-2700,http://seoul-yeonhap.co.kr/index.asp,2010-12-08,1,0,0,0,1,0,0,0,0,0,0,0,0,0,129.3064614,35.5564028
JDQ4MTYyMiM4MSMkMSMkNCMkNzIkMzgxOTYxIzMxIyQxIyQzIyQ2MiQyNjE4MzIjNDEjJDEjJDgjJDgz,서울연합치과의원,51,치과의원,260000,울산,260001,울산남구,신정동,44739,"울산광역시 남구 수암로 121, 4층 (신정동)",272-2888,,2008-12-01,1,0,0,0,0,1,0,0,0,0,0,0,0,0,129.3208728,35.5283083
JDQ4MTYyMiM4MSMkMSMkNCMkNzIkMzgxMzUxIzUxIyQxIyQxIyQ5MiQ0NjEwMDIjNjEjJDEjJDgjJDgz,서울유니온치과의원,51,치과의원,260000,울산,260100,울산울주군,온양읍,44979,"울산광역시 울주군 온양읍 연안3길 1, (온양읍)",052-239-0522,,1992-06-05,1,0,0,0,0,1,0,0,0,0,0,0,0,0,129.2827362,35.4097428
JDQ4MTYyMiM4MSMkMiMkNCMkMDAkMzgxOTYxIzExIyQxIyQ3IyQxMyQzNjEwMDIjNDEjJDEjJDQjJDgz,서울의원,31,의원,260000,울산,260001,울산남구,무거동,44600,"울산광역시 남구 신복로72번길 28-14, 2층 (무거동)",052-277-2775,,2001-05-18,1,0,0,0,1,0,0,0,0,0,0,0,0,0,129.2551348,35.5521912
JDQ4MTYyMiM4MSMkMiMkNCMkMDAkMzgxOTYxIzMxIyQxIyQzIyQxMyQzNjEyMjIjNTEjJDEjJDYjJDgz,서울의원,31,의원,260000,울산,260100,울산울주군,온산읍,45005,"울산광역시 울주군 온산읍 덕신로 266, (온산읍)",052-238-8622,,1993-09-07,1,1,0,0,0,0,0,0,0,0,0,0,0,0,129.3104618,35.4335549
JDQ4MTYyMiM4MSMkMiMkNCMkMDAkMzgxMTkxIzIxIyQxIyQxIyQ2MiQ0NjEwMDIjODEjJDEjJDIjJDgz,서울이비인후과의원,31,의원,260000,울산,260001,울산남구,달동,44707,"울산광역시 남구 삼산로 257, (달동)",052-266-7177,,1998-08-17,1,0,0,0,1,0,0,0,0,0,0,0,0,0,129.3350854,35.5391704
JDQ4MTYyMiM4MSMkMSMkNCMkNzIkMzgxMTkxIzExIyQxIyQzIyQwMyQzNjE0ODEjNTEjJDEjJDIjJDgz,서울정다운치과의원,51,치과의원,260000,울산,260003,울산중구,다운동,44407,"울산광역시 중구 다운로 35-1, 1~2층 (다운동)",052-708-2828,,2017-08-21,1,0,0,0,0,0,0,0,1,0,0,0,0,0,129.2726656,35.5579027
JDQ4MTYyMiM4MSMkMiMkNCMkMDAkNDgxOTYxIzIxIyQxIyQ5IyQ2MiQzNjE0ODEjNjEjJDEjJDgjJDgz,서울정신건강의학과의원,31,의원,260000,울산,260001,울산남구,달동,44707,"울산광역시 남구 삼산로 231, 울산 센트럴 자이 408ㅡ409호 (달동)",052-933-0250,,2023-03-02,1,0,0,0,1,0,0,0,0,0,0,0,0,0,129.3327131,35.5386826
JDQ4MTYyMiM4MSMkMSMkNCMkNzIkMzgxOTYxIzQxIyQxIyQ3IyQ3OSQzNjE4MzIjODEjJDEjJDIjJDgz,서울정치과의원,51,치과의원,260000,울산,260001,울산남구,옥동,44662,"울산광역시 남구 문수로 362, 101동 101호 (옥동, 옥동디아채주상복합아파트)",052-274-2879,,2011-08-30,1,0,0,0,0,1,0,0,0,0,0,0,0,0,129.2931294,35.5341786
JDQ4MTYyMiM4MSMkMiMkNCMkMDAkMzgxOTYxIzMxIyQxIyQ3IyQwMyQzNjE0ODEjNjEjJDEjJDgjJDgz,서울정형외과의원,31,의원,260000,울산,260001,울산남구,무거동,44629,"울산광역시 남구 굴화4길 1, 2층 (무거동)",052-224-2157,,2016-06-14,1,0,0,0,1,0,0,0,0,0,0,0,0,0,129.2654539,35.5544287
JDQ4MTYyMiM4MSMkMSMkNCMkNzIkMzgxOTYxIzMxIyQxIyQzIyQ4OSQyNjE0ODEjNjEjJDEjJDQjJDgz,서울조이치과의원,51,치과의원,260000,울산,260002,울산동구,화정동,44074,"울산광역시 동구 대학길 60, 2층 (화정동)",052-236-2275,,2001-12-13,1,0,0,0,0,1,0,0,0,0,0,0,0,0,129.4209314,35.4986165
JDQ4MTYyMiM4MSMkMiMkNCMkMDAkNDgxOTYxIzMxIyQxIyQzIyQ3OSQyNjE4MzIjNjEjJDEjJDQjJDgz,서울척재활의학과의원,31,의원,260000,울산,260001,울산남구,무거동,44607,"울산광역시 남구 대학로131번길 4, 울산대 유파티오 131 3층 (무거동)",052-224-8885,,2023-10-30,2,0,0,0,2,0,0,0,0,0,0,0,0,0,129.2612526,35.5467683
JDQ4MTYyMiM4MSMkMiMkNCMkMDAkNDgxMzUxIzQxIyQxIyQ3IyQ3MiQyNjEwMDIjNTEjJDEjJDIjJDgz,서울척척마취통증의학과의원,31,의원,260000,울산,260001,울산남구,신정동,44671,"울산광역시 남구 중앙로 243-1, 2층 (신정동)",052-265-7588,,2015-05-28,1,0,0,0,1,0,0,0,0,0,0,0,0,0,129.3108423,35.5425363
JDQ4MTYyMiM4MSMkMiMkNCMkMDAkNDgxOTYxIzIxIyQxIyQ5IyQ3MiQzNjE4MzIjODEjJDEjJDIjJDgz,서울초이스내과의원,31,의원,260000,울산,260001,울산남구,옥동,44662,"울산광역시 남구 문수로 376, 2층 (옥동)",052-933-0100,,2023-04-14,2,0,0,0,2,0,0,0,0,0,0,0,0,0,129.2943383,35.5341647
JDQ4MTYyMiM4MSMkMSMkNCMkNzIkMzgxOTYxIzMxIyQxIyQzIyQ3MiQzNjE0ODEjNzEjJDEjJDgjJDgz,서울치과의원,51,치과의원,260000,울산,260001,울산남구,무거동,44632,"울산광역시 남구 북부순환도로 13, 6층 (무거동, 보령메디칼)",249-2275,,2009-02-03,1,0,0,0,0,1,0,0,0,0,0,0,0,0,129.2651563,35.5514655
JDQ4MTYyMiM4MSMkMiMkNCMkMDAkMzgxNzAyIzMxIyQxIyQ3IyQ3OSQ0NjEwMDIjNDEjJDEjJDQjJDgz,서울탑비뇨기과의원,31,의원,260000,울산,260001,울산남구,삼산동,44719,"울산광역시 남구 삼산로 260, 11층 (삼산동, 주연클리닉)",052-276-5995,,2005-11-01,1,0,0,0,1,0,0,0,0,0,0,0,0,0,129.3356602,35.5386785
JDQ4MTYyMiM4MSMkMiMkNCMkMDAkMzgxNzAyIzQxIyQxIyQ3IyQ5OSQzNjEwMDIjODEjJDEjJDIjJDgz,서울탑신경외과의원,31,의원,260000,울산,260002,울산동구,화정동,44074,"울산광역시 동구 대학길 30, 2층 (화정동)",052-716-1051,,2022-11-04,1,0,0,0,1,0,0,0,0,0,0,0,0,0,129.4195664,35.4983038
JDQ4MTYyMiM4MSMkMSMkNCMkNzIkMzgxOTYxIzMxIyQxIyQ3IyQ4MiQzNjE4MzIjNjEjJDEjJDQjJDgz,서울탑치과의원,51,치과의원,260000,울산,260001,울산남구,달동,44707,"울산광역시 남구 삼산로 243, 4,5층 (달동)",052-911-2875,http://www.seoul-top.com/,2011-03-23,9,0,0,0,0,4,0,0,5,0,0,0,0,0,129.3336736,35.538944
JDQ4MTYyMiM4MSMkMiMkNCMkMDAkNDgxOTYxIzExIyQyIyQ3IyQwMCQzNjEyMjIjNjEjJDEjJDgjJDgz,서울튼튼소아청소년과의원,31,의원,260000,울산,260100,울산울주군,온산읍,45003,"울산광역시 울주군 온산읍 덕신로 217, 1층",052-237-1102,,2019-03-27,1,0,0,0,1,0,0,0,0,0,0,0,0,0,129.3049382,35.4342695
JDQ4MTYyMiM4MSMkMSMkNCMkMTMkNDgxMzUxIzMxIyQxIyQ3IyQ4OSQ0NjE0ODEjNDEjJDEjJDgjJDgz,서울한의원,93,한의원,260000,울산,260002,울산동구,전하동,44034,"울산광역시 동구 방어진순환도로 799, (전하동)",052-234-1539,,1983-08-18,1,0,0,0,0,0,0,0,0,1,0,0,0,0,129.4307958,35.5131921
JDQ4MTYyMiM4MSMkMiMkNCMkMDAkNDgxOTYxIzMxIyQxIyQzIyQ4OSQ0NjE0ODEjNTEjJDEjJDYjJDgz,서일하나로신경외과의원,31,의원,260000,울산,260001,울산남구,야음동,44750,"울산광역시 남구 수암로 138, 5층층 501~3호 (야음동)",052-707-7511,,2024-02-19,1,0,0,0,1,0,0,0,0,0,0,0,0,0,129.3219771,35.5270563
JDQ4MTYyMiM4MSMkMSMkNCMkMTMkMzgxNzAyIzMxIyQyIyQ3IyQwMCQ0NjEwMDIjODEjJDEjJDYjJDgz,서정호한의원,93,한의원,260000,울산,260100,울산울주군,범서읍,44931,"울산광역시 울주군 범서읍 천상길 6, (범서읍)",052-242-0886,,2001-01-27,1,0,0,0,0,0,0,0,0,1,0,0,0,0,129.230955,35.5622427
JDQ4MTYyMiM4MSMkMiMkNCMkMDAkNDgxMzUxIzExIyQyIyQ3IyQwMCQzNjE4MzIjODEjJDEjJDYjJDgz,서준영이비인후과의원,31,의원,260000,울산,260100,울산울주군,범서읍,44923,"울산광역시 울주군 범서읍 구영로 104, 1층",052-248-5075,,2009-09-21,1,0,0,0,1,0,0,0,0,0,0,0,0,0,129.2416626,35.5732171
JDQ4MTYyMiM4MSMkMSMkNCMkNzIkMzgxMzUxIzUxIyQxIyQ1IyQ4OSQzNjE4MzIjNTEjJDEjJDIjJDgz,선경치과의원,51,치과의원,260000,울산,260003,울산중구,우정동,44465,"울산광역시 중구 유곡로 10, 3층 302~304호 (우정동, 선경2차아파트)",052-244-2878,,1997-08-05,1,0,0,0,0,1,0,0,0,0,0,0,0,0,129.3088782,35.5580334
JDQ4MTYyMiM4MSMkMSMkNCMkMTMkNDgxMzUxIzMxIyQxIyQ3IyQ3OSQyNjEwMDIjNzEjJDEjJDgjJDgz,선린한의원,93,한의원,260000,울산,260002,울산동구,서부동,44011,"울산광역시 동구 동해안로 19, (서부동)",052-252-3490,,2001-09-10,1,0,0,0,0,0,0,0,0,1,0,0,0,0,129.4256565,35.5412549
JDQ4MTYyMiM4MSMkMiMkNCMkMDAkMzgxMTkxIzQxIyQxIyQ3IyQxMyQzNjEwMDIjNTEjJDEjJDYjJDgz,선비뇨기과의원,31,의원,260000,울산,260001,울산남구,신정동,44678,"울산광역시 남구 삼산로 25-1, 3층 (신정동)",052-269-0075,,2001-05-07,1,0,0,0,1,0,0,0,0,0,0,0,0,0,129.3106446,35.5333622
JDQ4MTYyMiM4MSMkMSMkNCMkNzIkMzgxOTYxIzIxIyQxIyQ1IyQ4OSQ0NjE0ODEjODEjJDEjJDIjJDgz,선이아름다운치과의원,51,치과의원,260000,울산,260001,울산남구,삼산동,44705,"울산광역시 남구 삼산중로74번길 6, 2층 (삼산동, 주상빌딩)",052-267-7077,,1999-01-15,1,0,0,0,0,1,0,0,0,0,0,0,0,0,129.3363058,35.5401422
JDQ4MTYyMiM4MSMkMSMkNCMkMTMkMzgxNzAyIzExIyQxIyQzIyQ4MiQ0NjEwMDIjNTEjJDEjJDIjJDgz,선재한의원,93,한의원,260000,울산,260003,울산중구,우정동,44534,"울산광역시 중구 명륜로 26, (우정동)",052-243-4433,,1984-09-14,1,0,0,0,0,0,0,0,0,1,0,0,0,0,129.3093859,35.5544861
JDQ4MTYyMiM4MSMkMSMkNCMkNzIkMzgxMzUxIzUxIyQxIyQxIyQ5OSQzNjE4MzIjNTEjJDEjJDYjJDgz,선치과의원,51,치과의원,260000,울산,260001,울산남구,옥동,44645,"울산광역시 남구 문수로 331, (옥동)",052-268-4997,,1996-05-21,1,0,0,0,0,1,0,0,0,0,0,0,0,0,129.2898184,35.5354385
JDQ4MTYyMiM4MSMkMSMkNCMkMTMkNDgxMzUxIzMxIyQxIyQ3IyQxMyQ0NjEwMDIjODEjJDEjJDIjJDgz,설한의원,93,한의원,260000,울산,260100,울산울주군,언양읍,44942,"울산광역시 울주군 언양읍 동문길 66, (동부리164번지)",052-254-3275,,2013-04-19,1,0,0,0,0,0,0,0,0,1,0,0,0,0,129.1244982,35.5654657
JDQ4MTYyMiM4MSMkMSMkNCMkNzIkMzgxMTkxIzIxIyQyIyQxIyQwMCQzNjEyMjIjNjEjJDEjJDQjJDgz,섬세한사랑니치과의원,51,치과의원,260000,울산,260001,울산남구,삼산동,44715,"울산광역시 남구 화합로 138, 7층 701호 (삼산동)",052-911-4822,,2021-07-12,1,0,0,0,0,0,0,0,1,0,0,0,0,0,129.3405433,35.5372544
JDQ4MTYyMiM4MSMkMSMkNCMkMTMkMzgxNzAyIzIxIyQxIyQxIyQ4OSQyNjE4MzIjNDEjJDEjJDQjJDgz,성남한의원,93,한의원,260000,울산,260003,울산중구,학산동,44522,"울산광역시 중구 옥교3길 91, (학산동)",052-297-6800,,1988-07-20,1,0,0,0,0,0,0,0,0,1,0,0,0,0,129.3313381,35.5535301
JDQ4MTYyMiM4MSMkMSMkNCMkMTMkNDgxMzUxIzMxIyQxIyQ3IyQxMyQzNjE0ODEjNzEjJDEjJDgjJDgz,성동한의원,93,한의원,260000,울산,260002,울산동구,전하동,44041,"울산광역시 동구 봉수로 290, B109호,B110호 (전하동, e편한세상단지내상가)",052-252-7975,,2013-04-04,1,0,0,0,0,0,0,0,0,1,0,0,0,0,129.4238721,35.5119744
JDQ4MTYyMiM4MSMkMSMkNCMkOTkkNTgxMzUxIzExIyQxIyQ3IyQ5OSQzNjEwMDIjNTEjJDEjJDIjJDgz,성모요양병원,28,요양병원,260000,울산,260001,울산남구,삼산동,44698,"울산광역시 남구 돋질로 293, (삼산동)",052-261-5033,http://,2009-01-08,3,0,0,0,2,0,0,0,0,1,0,0,0,0,129.3368608,35.544503
JDQ4MTYyMiM4MSMkMiMkNCMkMDAkMzgxMTkxIzQxIyQxIyQ3IyQ5OSQzNjE4MzIjODEjJDEjJDYjJDgz,성모이비인후과의원,31,의원,260000,울산,260100,울산울주군,범서읍,44924,"울산광역시 울주군 범서읍 구영로 100, 3층 302호 (구영프라자)",052-248-7585,,2008-03-03,1,0,0,0,1,0,0,0,0,0,0,0,0,0,129.2413892,35.5736369
JDQ4MTYyMiM4MSMkMiMkNCMkMDAkMzgxOTYxIzMxIyQxIyQzIyQ4MiQ0NjEwMDIjNjEjJDEjJDgjJDgz,성모정형외과의원,31,의원,260000,울산,260001,울산남구,신정동,44739,"울산광역시 남구 수암로 95, (신정동)",052-260-7575,,1993-05-22,1,0,0,0,1,0,0,0,0,0,0,0,0,0,129.3183172,35.5294897
JDQ4MTYyMiM4MSMkMSMkNCMkNzIkMzgxMTkxIzExIyQxIyQ3IyQ4OSQyNjE0ODEjNjEjJDEjJDQjJDgz,성모치과의원,51,치과의원,260000,울산,260100,울산울주군,온산읍,45001,"울산광역시 울주군 온산읍 덕신로 267, (2층4호.3층)",052-238-2895,,2012-04-16,1,0,0,0,0,0,0,0,1,0,0,0,0,0,129.3107748,35.4340326
JDQ4MTYyMiM4MSMkMSMkNCMkNzIkMzgxOTYxIzMxIyQxIyQ3IyQ2MiQyNjE4MzIjODEjJDEjJDIjJDgz,성심치과의원,51,치과의원,260000,울산,260003,울산중구,남외동,44516,"울산광역시 중구 염포로 19, (남외동)",052-294-2288,http://www.ss2288.com/,2006-01-31,1,0,0,0,0,0,0,0,1,0,0,0,0,0,129.3436731,35.5596067
JDQ4MTYyMiM4MSMkMSMkNCMkNzIkMzgxOTYxIzExIyQxIyQ3IyQwMyQyNjE4MzIjNjEjJDEjJDQjJDgz,성안치과의원,51,치과의원,260000,울산,260003,울산중구,성안동,44417,"울산광역시 중구 성안로 192, 3층 (성안동, 대형빌딩)",052-248-2875,,2002-08-09,1,0,0,0,0,1,0,0,0,0,0,0,0,0,129.3179203,35.5770758
JDQ4MTYyMiM4MSMkMSMkNCMkMTMkMzgxNzAyIzUxIyQxIyQxIyQxMyQzNjEyMjIjNDEjJDEjJDgjJDgz,성안한의원,93,한의원,260000,울산,260003,울산중구,성안동,44425,"울산광역시 중구 백양로 26, (성안동)",052-246-4245,,2005-04-29,1,0,0,0,0,0,0,0,0,1,0,0,0,0,129.3090304,35.5748928
JDQ4MTYyMiM4MSMkMSMkNCMkNzIkMzgxMzUxIzIxIyQxIyQ5IyQ4MiQzNjE4MzIjNzEjJDEjJDgjJDgz,성원치과의원,51,치과의원,260000,울산,260004,울산북구,진장동,44251,"울산광역시 북구 염포로 187, 4층 (진장동)",052-293-1510,,1995-12-08,1,0,0,0,0,1,0,0,0,0,0,0,0,0,129.3596129,35.5614728
JDQ4MTYyMiM4MSMkMSMkNCMkOTkkNTgxOTYxIzExIyQxIyQzIyQ3OSQzNjEyMjIjNjEjJDEjJDQjJDgz,세광병원,29,정신병원,260000,울산,260100,울산울주군,삼남읍,44955,"울산광역시 울주군 삼남읍 반구대로 15, (삼남읍)",055-381-8275,,2007-02-28,5,0,0,0,5,0,0,0,0,0,0,0,0,0,129.0908491,35.4992656
JDQ4MTYyMiM4MSMkMiMkNCMkMDAkNDgxMzUxIzQxIyQxIyQ3IyQ5MiQzNjEwMDIjNDEjJDEjJDQjJDgz,세나산부인과의원,31,의원,260000,울산,260004,울산북구,호계동,44228,"울산광역시 북구 호계로 281, (호계동)",052-285-3800,,2015-08-10,1,0,0,0,1,0,0,0,0,0,0,0,0,0,129.3506949,35.6282862
JDQ4MTYyMiM4MSMkMSMkNCMkOTkkNTgxMzUxIzIxIyQxIyQ1IyQ5OSQyNjEwMDIjNTEjJDEjJDIjJDgz,세나요양병원,28,요양병원,260000,울산,260004,울산북구,호계동,44227,"울산광역시 북구 호계로 296, (호계동, 세나병원)",052-290-2000,,2016-05-23,4,0,0,0,3,0,0,0,0,1,0,0,0,0,129.3514338,35.6295097
JDQ4MTYyMiM4MSMkMSMkNCMkNzIkMzgxMzUxIzUxIyQxIyQ1IyQ4OSQzNjEwMDIjNjEjJDEjJDgjJDgz,세민치과의원,51,치과의원,260000,울산,260003,울산중구,학성동,44521,"울산광역시 중구 학성로 180, 2층 (학성동)",052-257-1070,,2023-08-16,1,0,0,0,0,1,0,0,0,0,0,0,0,0,129.3306104,35.556759
JDQ4MTYyMiM4MSMkMSMkNCMkNzIkMzgxOTYxIzExIyQxIyQ3IyQ4MiQyNjE0ODEjNjEjJDEjJDgjJDgz,세방치과의원,51,치과의원,260000,울산,260001,울산남구,무거동,44633,"울산광역시 남구 북부순환도로 12, 2층 (무거동)",052-222-2879,,2002-04-18,1,0,0,0,0,1,0,0,0,0,0,0,0,0,129.2654725,35.5510174
JDQ4MTYyMiM4MSMkMSMkNCMkNzIkMzgxMzUxIzIxIyQxIyQ1IyQxMyQzNjEyMjIjNjEjJDEjJDAjJDgz,세브란스치과의원,51,치과의원,260000,울산,260001,울산남구,달동,44725,"울산광역시 남구 신정로 28-1, (달동)",052-269-2875,,1990-04-23,1,0,0,0,0,1,0,0,0,0,0,0,0,0,129.3225848,35.5345141
JDQ4MTYyMiM4MSMkMiMkNCMkMDAkNDgxMzUxIzUxIyQxIyQ1IyQxMyQyNjEwMDIjNjEjJDEjJDAjJDgz,세안안과의원,31,의원,260000,울산,260001,울산남구,옥동,44646,"울산광역시 남구 문수로 339, (옥동, 옥동업무시설)",052-275-1175,,2017-07-10,1,0,0,0,1,0,0,0,0,0,0,0,0,0,129.2906764,35.5354376
JDQ4MTYyMiM4MSMkMiMkNCMkMDAkMzgxMTkxIzIxIyQxIyQ1IyQ4MiQzNjEyMjIjNjEjJDEjJDAjJDgz,세종의원,31,의원,260000,울산,260001,울산남구,신정동,44651,"울산광역시 남구 거마로134번길 17, 2층 (신정동, 국제빌딩)",052-267-8500,,1999-03-02,1,1,0,0,0,0,0,0,0,0,0,0,0,0,129.3048898,35.5382488
JDQ4MTYyMiM4MSMkMSMkNCMkNzIkMzgxMzUxIzUxIyQxIyQ1IyQ4OSQ0NjEwMDIjODEjJDEjJDYjJDgz,세종치과의원,51,치과의원,260000,울산,260004,울산북구,천곡동,44205,"울산광역시 북구 천곡남로 37, 2층 205호 (천곡동, 삼성코아루아파트상가)",052-282-2870,,2012-11-01,1,0,0,0,0,1,0,0,0,0,0,0,0,0,129.3338028,35.6321711
JDQ4MTYyMiM4MSMkMSMkNCMkMTMkMzgxNzAyIzQxIyQxIyQ3IyQ4MiQyNjEyMjIjNDEjJDEjJDQjJDgz,세종한의원,93,한의원,260000,울산,260100,울산울주군,범서읍,44928,"울산광역시 울주군 범서읍 천상3길 14, 2층",052-211-6077,,2001-08-30,1,0,0,0,0,0,0,0,0,1,0,0,0,0,129.2274763,35.5630121
JDQ4MTYyMiM4MSMkMiMkNCMkMDAkMzgxNzAyIzQxIyQxIyQ3IyQ2MiQzNjEwMDIjNTEjJDEjJDIjJDgz,세한정형외과의원,31,의원,260000,울산,260003,울산중구,약사동,44479,"울산광역시 중구 번영로 487, 대호빌딩 3층 (약사동)",052-291-1199,,2006-10-25,1,0,0,0,1,0,0,0,0,0,0,0,0,0,129.3366792,35.5650568
JDQ4MTYyMiM4MSMkMiMkNCMkMDAkMzgxNzAyIzIxIyQxIyQxIyQ5MiQzNjEyMjIjNDEjJDEjJDgjJDgz,세화연합정형외과의원,31,의원,260000,울산,260002,울산동구,전하동,44048,"울산광역시 동구 방어진순환도로 725, (전하동)",052-232-0001,,2003-12-12,2,0,0,0,2,0,0,0,0,0,0,0,0,0,129.4296835,35.5065426
JDQ4MTYyMiM4MSMkMiMkNCMkMDAkNDgxMzUxIzMxIyQxIyQ3IyQ2MiQzNjEyMjIjNDEjJDEjJDQjJDgz,센텀쁘띠의원,31,의원,260000,울산,260001,울산남구,무거동,44630,"울산광역시 남구 울밀로 2906, 5층 502호 (무거동)",052-277-3008,,2014-05-15,1,0,0,0,1,0,0,0,0,0,0,0,0,0,129.2648839,35.554623
JDQ4MTYyMiM4MSMkMiMkNCMkMDAkNDgxMzUxIzExIyQxIyQ3IyQxMyQyNjEwMDIjNTEjJDEjJDYjJDgz,센텀신경외과의원,31,의원,260000,울산,260001,울산남구,옥동,44662,"울산광역시 남구 문수로 376, (옥동)",052-271-8833,,2005-02-02,1,0,0,0,1,0,0,0,0,0,0,0,0,0,129.2943383,35.5341647
JDQ4MTYyMiM4MSMkMiMkNCMkMDAkNDgxMzUxIzExIyQxIyQzIyQwMyQyNjEyMjIjODEjJDEjJDIjJDgz,센텀재활의학과의원,31,의원,260000,울산,260004,울산북구,신천동,44224,"울산광역시 북구 제내1길 2, (신천동, 필그린상가 302호)",052-277-2282,,2012-04-30,1,0,0,0,1,0,0,0,0,0,0,0,0,0,129.351375,35.6313325
JDQ4MTYyMiM4MSMkMiMkNCMkMDAkNDgxMzUxIzExIyQxIyQzIyQ4MiQyNjEyMjIjNTEjJDEjJDYjJDgz,센텀정형외과의원,31,의원,260000,울산,260001,울산남구,삼산동,44719,"울산광역시 남구 삼산로 260, 5층 (삼산동, 주연클리닉빌딩)",052-251-8575,,2014-04-09,1,0,0,0,1,0,0,0,0,0,0,0,0,0,129.3356602,35.5386785
JDQ4MTYyMiM4MSMkMiMkNCMkMDAkNDgxOTYxIzExIyQxIyQ3IyQ3OSQ0NjE0ODEjNDEjJDEjJDgjJDgz,센트럴성모안과의원,31,의원,260000,울산,260004,울산북구,매곡동,44223,"울산광역시 북구 매산로 15, 지상2층 202호 (매곡동)",052-931-1004,,2018-12-24,1,0,0,0,1,0,0,0,0,0,0,0,0,0,129.3571198,35.6417384
JDQ4MTYyMiM4MSMkMSMkNCMkNzIkMzgxMTkxIzExIyQxIyQzIyQ3MiQyNjE4MzIjNTEjJDEjJDIjJDgz,센트럴울산치과의원,51,치과의원,260000,울산,260100,울산울주군,범서읍,44933,"울산광역시 울주군 범서읍 굴화2길 2, 2층",052-244-2877,,2017-03-28,1,0,0,0,0,1,0,0,0,0,0,0,0,0,129.2620821,35.556167
JDQ4MTYyMiM4MSMkMSMkNCMkNzIkMzgxMTkxIzExIyQyIyQ3IyQwMCQyNjE0ODEjNDEjJDEjJDQjJDgz,센트럴치과의원,51,치과의원,260000,울산,260001,울산남구,옥동,44648,"울산광역시 남구 문수로 377, 대공원센트럴하임더시티 3층 301호 (옥동)",052-931-2000,,2018-12-06,1,0,0,0,0,0,0,0,1,0,0,0,0,0,129.2948841,35.534746
JDQ4MTYyMiM4MSMkMSMkNCMkMTMkNDgxMzUxIzMxIyQxIyQ3IyQ4OSQ0NjEwMDIjNDEjJDEjJDQjJDgz,소나무한의원,93,한의원,260000,울산,260001,울산남구,무거동,44637,"울산광역시 남구 삼호로 143, (무거동)",052-272-0016,,2005-01-20,1,0,0,0,0,0,0,0,0,1,0,0,0,0,129.2796882,35.5473234
JDQ4MTYyMiM4MSMkMSMkNCMkNzIkMzgxOTYxIzMxIyQyIyQ3IyQwMCQzNjEyMjIjNjEjJDEjJDQjJDgz,소담치과의원,51,치과의원,260000,울산,260001,울산남구,야음동,44736,"울산광역시 남구 수암로 129, 2층 (야음동)",273-2804,,2010-07-09,1,0,0,0,0,1,0,0,0,0,0,0,0,0,129.3215388,35.5280012
JDQ4MTYyMiM4MSMkMSMkNCMkNzIkMzgxOTYxIzMxIyQxIyQ3IyQ3MiQyNjEwMDIjODEjJDEjJDYjJDgz,소망우정치과의원,51,치과의원,260000,울산,260001,울산남구,신정동,44690,"울산광역시 남구 중앙로 230, 3층 (신정동, 대원빌딩)",052-276-3953,,1993-02-20,2,0,0,0,0,0,0,0,2,0,0,0,0,0,129.3118769,35.5414939
JDQ4MTYyMiM4MSMkMiMkNCMkMDAkMzgxMTkxIzMxIyQxIyQ3IyQ2MiQyNjE4MzIjNjEjJDEjJDAjJDgz,소망의원,31,의원,260000,울산,260100,울산울주군,청량읍,44984,"울산광역시 울주군 청량읍 덕하로 228, (청량읍)",052-258-7328,,2000-09-18,1,0,0,0,1,0,0,0,0,0,0,0,0,0,129.3047452,35.4911573
JDQ4MTYyMiM4MSMkMiMkNCMkMDAkMzgxOTYxIzUxIyQxIyQxIyQ4OSQ0NjEwMDIjODEjJDEjJDYjJDgz,소망정형외과의원,31,의원,260000,울산,260002,울산동구,서부동,44010,"울산광역시 동구 방어진순환도로 1138, (서부동)",052-251-1123,,2005-06-10,1,0,0,0,1,0,0,0,0,0,0,0,0,0,129.4241745,35.5399623
JDQ4MTYyMiM4MSMkMSMkNCMkNzIkMzgxMzUxIzQxIyQxIyQ3IyQ2MiQzNjEwMDIjNjEjJDEjJDQjJDgz,소망치과의원,51,치과의원,260000,울산,260100,울산울주군,청량읍,44984,"울산광역시 울주군 청량읍 덕하로 218, 1층",052-265-2879,,2010-04-26,1,0,0,0,0,1,0,0,0,0,0,0,0,0,129.3041253,35.4904711
JDQ4MTYyMiM4MSMkMiMkNCMkMDAkNDgxMzUxIzUxIyQxIyQ1IyQ5OSQzNjEwMDIjNjEjJDEjJDgjJDgz,소정마취통증의학과의원,31,의원,260000,울산,260001,울산남구,삼산동,44719,"울산광역시 남구 삼산로 266, 12층 (삼산동, 굿모닝클리닉)",052-716-2333,,2016-10-31,1,0,0,0,1,0,0,0,0,0,0,0,0,0,129.3362911,35.5387849
JDQ4MTYyMiM4MSMkMiMkNCMkMDAkMzgxOTYxIzUxIyQxIyQ1IyQxMyQzNjE0ODEjNTEjJDEjJDIjJDgz,소창옥소아청소년과의원,31,의원,260000,울산,260002,울산동구,화정동,44083,"울산광역시 동구 월봉8길 54, (화정동)",052-236-6777,,1997-02-28,1,0,0,0,1,0,0,0,0,0,0,0,0,0,129.4219566,35.4927473
JDQ4MTYyMiM4MSMkMSMkNCMkOTIkMzgxNzAyIzExIyQxIyQzIyQ5OSQyNjEwMDIjODEjJDEjJDYjJDgz,소호보건진료소,73,보건진료소,260000,울산,260100,울산울주군,상북면,44900,"울산광역시 울주군 상북면 소호당리길 8, (상북면)",052-264-4269,,1997-07-15,0,0,0,0,0,0,0,0,0,0,0,0,0,0,129.0867161,35.6697633
JDQ4MTYyMiM4MSMkMiMkNCMkMDAkNDgxMzUxIzMxIyQxIyQzIyQ3MiQyNjE4MzIjNjEjJDEjJDgjJDgz,속튼튼김내과의원,31,의원,260000,울산,260001,울산남구,야음동,44750,"울산광역시 남구 수암로 134, 7층 (야음동)",052-911-2200,,2013-06-07,1,0,0,0,1,0,0,0,0,0,0,0,0,0,129.3216992,35.5272745
JDQ4MTYyMiM4MSMkMiMkNCMkMDAkNDgxOTYxIzExIyQxIyQ3IyQ4OSQyNjE0ODEjNTEjJDEjJDIjJDgz,속편한김내과의원,31,의원,260000,울산,260100,울산울주군,온산읍,45001,"울산광역시 울주군 온산읍 덕신로 279, 수산업협동조합(온산점) 2층",052-237-1199,,2019-01-04,1,0,0,0,1,0,0,0,0,0,0,0,0,0,129.3119158,35.4341906
JDQ4MTYyMiM4MSMkMiMkNCMkMDAkMzgxMTkxIzExIyQxIyQ3IyQ5OSQzNjEwMDIjNjEjJDEjJDAjJDgz,속편한내과의원,31,의원,260000,울산,260001,울산남구,삼산동,44705,"울산광역시 남구 삼산로 281, 3, 4층 (삼산동)",052-256-6336,,2010-09-29,3,0,0,0,3,0,0,0,0,0,0,0,0,0,129.3376525,35.5396876
JDQ4MTYyMiM4MSMkMiMkNCMkMDAkMzgxOTYxIzIxIyQxIyQ1IyQ3OSQyNjE4MzIjNDEjJDEjJDgjJDgz,손병민산부인과의원,31,의원,260000,울산,260001,울산남구,삼산동,44705,"울산광역시 남구 삼산중로 86, (삼산동)",052-273-7878,,2005-07-21,1,0,0,0,1,0,0,0,0,0,0,0,0,0,129.3357995,35.5412536
JDQ4MTYyMiM4MSMkMiMkNCMkMDAkMzgxMTkxIzQxIyQxIyQ3IyQ2MiQ0NjE0ODEjNDEjJDEjJDgjJDgz,손석호내과의원,31,의원,260000,울산,260002,울산동구,전하동,44043,"울산광역시 동구 진성14길 128, 3층 (전하동)",052-235-8275,,2001-03-16,1,0,0,0,1,0,0,0,0,0,0,0,0,0,129.4263185,35.511484
JDQ4MTYyMiM4MSMkMiMkNCMkMDAkMzgxMTkxIzExIyQyIyQzIyQwMCQyNjEyMjIjNDEjJDEjJDgjJDgz,손재일이비인후과의원,31,의원,260000,울산,260003,울산중구,태화동,44452,"울산광역시 중구 유곡로 11, (태화동)",052-246-3930,,2003-10-11,1,0,0,0,1,0,0,0,0,0,0,0,0,0,129.3082788,35.5563046
JDQ4MTYyMiM4MSMkMSMkNCMkMTMkNDgxMzUxIzUxIyQxIyQ1IyQxMyQyNjE0ODEjNTEjJDEjJDYjJDgz,솔나무한의원,93,한의원,260000,울산,260001,울산남구,신정동,44671,"울산광역시 남구 월평로 45, (신정동)",052-261-1075,,2005-06-23,1,0,0,0,0,0,0,0,0,1,0,0,0,0,129.3105754,35.5418718
JDQ4MTYyMiM4MSMkMiMkNCMkMDAkMzgxMTkxIzExIyQxIyQ3IyQ3OSQyNjE4MzIjNTEjJDEjJDYjJDgz,송병수의원,31,의원,260000,울산,260002,울산동구,화정동,44070,"울산광역시 동구 대학길 35, 2층 (화정동)",052-236-3913,,1997-11-26,1,0,0,0,1,0,0,0,0,0,0,0,0,0,129.4197563,35.4987582
JDQ4MTYyMiM4MSMkMiMkNCMkMDAkNDgxOTYxIzIxIyQxIyQ1IyQ3OSQyNjE0ODEjODEjJDEjJDIjJDgz,송성환정신건강의학과의원,31,의원,260000,울산,260001,울산남구,삼산동,44719,"울산광역시 남구 삼산로 274, 5층 502호 (삼산동)",052-977-7888,,2021-04-21,2,0,0,0,2,0,0,0,0,0,0,0,0,0,129.3371409,35.5389443
JDQ4MTYyMiM4MSMkMiMkNCMkMDAkNDgxMzUxIzExIyQxIyQ3IyQxMyQzNjE4MzIjNTEjJDEjJDIjJDgz,송은영유반외과의원,31,의원,260000,울산,260001,울산남구,삼산동,44705,"울산광역시 남구 삼산로 269, 9층 (삼산동)",266-6075,,2010-03-04,1,0,0,0,1,0,0,0,0,0,0,0,0,0,129.3365304,35.5394813
JDQ4MTYyMiM4MSMkMiMkNCMkMDAkNDgxMzUxIzMxIyQxIyQzIyQ5MiQ0NjE0ODEjNDEjJDEjJDgjJDgz,송이비인후과의원,31,의원,260000,울산,260001,울산남구,야음동,44750,"울산광역시 남구 수암로 134, 2층 (야음동)",052-716-0850,,2013-09-16,1,0,0,0,1,0,0,0,0,0,0,0,0,0,129.3216992,35.5272745
JDQ4MTYyMiM4MSMkMSMkNCMkNzIkMzgxMTkxIzIxIyQxIyQ1IyQ5OSQzNjEyMjIjNjEjJDEjJDAjJDgz,송정봄소아치과의원,51,치과의원,260000,울산,260004,울산북구,송정동,44236,"울산광역시 북구 화산로 115, 705~707호 (송정동)",052-707-0028,,2023-11-14,2,0,0,0,0,0,0,0,2,0,0,0,0,0,129.3651683,35.6023529
JDQ4MTYyMiM4MSMkMSMkNCMkMTMkNDgxMzUxIzIxIyQxIyQxIyQ4OSQzNjE0ODEjNTEjJDEjJDYjJDgz,송정새봄한의원,93,한의원,260000,울산,260004,울산북구,송정동,44236,"울산광역시 북구 화산로 123, 3층 305호 (송정동)",052-282-0070,,2007-10-12,1,0,0,0,0,0,0,0,0,1,0,0,0,0,129.3650787,35.6029089
JDQ4MTYyMiM4MSMkMSMkNCMkNzIkMzgxMTkxIzIxIyQxIyQxIyQwMyQyNjEwMDIjNDEjJDEjJDgjJDgz,송정센트럴치과의원,51,치과의원,260000,울산,260004,울산북구,송정동,44236,"울산광역시 북구 화산로 119, 5층 (송정동)",052-710-5100,,2022-08-09,1,0,0,0,0,0,0,0,1,0,0,0,0,0,129.3651781,35.6025668
JDQ4MTYyMiM4MSMkMiMkNCMkMDAkMzgxNzAyIzExIyQxIyQzIyQ5MiQyNjE4MzIjNTEjJDEjJDYjJDgz,송정연세의원,31,의원,260000,울산,260004,울산북구,송정동,44236,"울산광역시 북구 박상진13로 20, 4,5,8층 (송정동)",052-289-1111,,2021-11-24,3,0,0,0,3,0,0,0,0,0,0,0,0,0,129.3640463,35.6025819
JDQ4MTYyMiM4MSMkMiMkNCMkMDAkNDgxOTYxIzMxIyQxIyQ3IyQ5OSQyNjEyMjIjODEjJDEjJDIjJDgz,송정정신건강의학과의원,31,의원,260000,울산,260004,울산북구,송정동,44236,"울산광역시 북구 박상진13로 3, 2층 (송정동)",052-292-1393,,2025-03-31,1,0,0,0,1,0,0,0,0,0,0,0,0,0,129.3647006,35.6013905
JDQ4MTYyMiM4MSMkMiMkNCMkMDAkNDgxOTYxIzIxIyQxIyQ1IyQ3MiQ0NjE0ODEjNDEjJDEjJDQjJDgz,송정퍼스트이비인후과의원,31,의원,260000,울산,260004,울산북구,송정동,44236,"울산광역시 북구 박상진13로 3, 4층 401호 (송정동)",052-297-8200,,2022-02-14,1,0,0,0,1,0,0,0,0,0,0,0,0,0,129.3647006,35.6013905
JDQ4MTYyMiM4MSMkMSMkNCMkMTMkNDgxOTYxIzExIyQxIyQ3IyQ5MiQzNjEyMjIjNTEjJDEjJDIjJDgz,수로한한의원,93,한의원,260000,울산,260001,울산남구,달동,44695,"울산광역시 남구 삼산로 175, 2층 (달동)",0507-1448-7596,,2024-03-26,2,0,0,0,0,0,0,0,0,2,0,0,0,0,129.3263363,35.5374726
JDQ4MTYyMiM4MSMkMiMkNCMkMDAkNDgxMzUxIzMxIyQxIyQzIyQ4OSQzNjEyMjIjNDEjJDEjJDgjJDgz,수마취통증의학과의원,31,의원,260000,울산,260001,울산남구,무거동,44611,"울산광역시 남구 대학로 136, 3층 (무거동)",052-222-4688,,2013-01-17,1,0,0,0,1,0,0,0,0,0,0,0,0,0,129.2620076,35.5465859
JDQ4MTYyMiM4MSMkMiMkNCMkMDAkNDgxOTYxIzExIyQxIyQzIyQ5MiQzNjEwMDIjNDEjJDEjJDgjJDgz,수미인의원,31,의원,260000,울산,260100,울산울주군,범서읍,44923,"울산광역시 울주군 범서읍 구영로 104, 3층",052-700-7088,,2018-08-24,1,0,0,0,1,0,0,0,0,0,0,0,0,0,129.2416626,35.5732171
JDQ4MTYyMiM4MSMkMiMkNCMkMDAkNDgxOTYxIzQxIyQxIyQ3IyQ3OSQyNjE0ODEjNTEjJDEjJDYjJDgz,수암베스트정형외과의원,31,의원,260000,울산,260001,울산남구,야음동,44749,"울산광역시 남구 수암로128번길 14, 3층 (야음동)",052-936-0001,,2026-04-08,2,0,0,0,2,0,0,0,0,0,0,0,0,0,129.3196643,35.5266975
JDQ4MTYyMiM4MSMkMiMkNCMkMDAkMzgxNzAyIzIxIyQyIyQ1IyQwMCQ0NjEwMDIjNTEjJDEjJDIjJDgz,수암우리이비인후과의원,31,의원,260000,울산,260001,울산남구,야음동,44750,"울산광역시 남구 수암로 138, 8층 802호 (야음동)",052-268-7582,,2004-04-30,1,0,0,0,1,0,0,0,0,0,0,0,0,0,129.3219771,35.5270563
JDQ4MTYyMiM4MSMkMSMkNCMkMTMkMzgxNzAyIzQxIyQyIyQ3IyQwMCQzNjEwMDIjNTEjJDEjJDIjJDgz,수암한의원,93,한의원,260000,울산,260001,울산남구,무거동,44636,"울산광역시 남구 삼호로 109, (무거동)",052-277-1727,,1999-07-13,1,0,0,0,0,0,0,0,0,1,0,0,0,0,129.2762125,35.5486743
JDQ4MTYyMiM4MSMkMiMkNCMkMDAkMzgxNzAyIzMxIyQxIyQ3IyQxMyQ0NjEwMDIjNjEjJDEjJDQjJDgz,수앤미정신건강의학과의원,31,의원,260000,울산,260001,울산남구,신정동,44748,"울산광역시 남구 수암로 108, 2층 (신정동)",052-273-6075,http://www.usnp.co.kr/,2006-05-25,1,0,0,0,1,0,0,0,0,0,0,0,0,0,129.3189902,35.5284968
JDQ4MTYyMiM4MSMkMiMkNCMkMDAkMzgxNzAyIzIxIyQxIyQ5IyQwMyQzNjE4MzIjODEjJDEjJDYjJDgz,순풍산부인과의원,31,의원,260000,울산,260001,울산남구,무거동,44633,"울산광역시 남구 북부순환도로 10, (무거동)",052-222-8833,,2005-03-02,1,0,0,0,1,0,0,0,0,0,0,0,0,0,129.2652355,35.5508471
JDQ4MTYyMiM4MSMkMSMkNCMkMTMkNDgxMzUxIzQxIyQxIyQ3IyQ4OSQzNjEyMjIjNDEjJDEjJDgjJDgz,순한의원,93,한의원,260000,울산,260003,울산중구,남외동,44493,"울산광역시 중구 번영로 585, 2층 (남외동)",052-295-1075,,2024-04-05,1,0,0,0,0,0,0,0,0,0,0,0,1,0,129.3457128,35.5693716
JDQ4MTYyMiM4MSMkMSMkNCMkMTMkNDgxOTYxIzExIyQxIyQzIyQ4MiQyNjE0ODEjNDEjJDEjJDQjJDgz,숲한의원,93,한의원,260000,울산,260001,울산남구,신정동,44667,"울산광역시 남구 대공원로 241, 614, 617호 (신정동, 대공원코오롱파크폴리스)",052-261-1052,,2013-07-02,1,0,0,0,0,0,0,0,0,1,0,0,0,0,129.3073521,35.5309724
JDQ4MTYyMiM4MSMkMiMkNCMkMDAkNDgxOTYxIzMxIyQxIyQzIyQ3MiQyNjEwMDIjNjEjJDEjJDQjJDgz,스노우의원,31,의원,260000,울산,260001,울산남구,삼산동,44719,"울산광역시 남구 삼산로 274, 11층 (삼산동)",052-707-5200,http://ulsan-snow.co.kr/,2024-06-18,1,1,0,0,0,0,0,0,0,0,0,0,0,0,129.3371409,35.5389443
JDQ4MTYyMiM4MSMkMSMkNCMkNzIkMzgxOTYxIzMxIyQxIyQzIyQ3MiQzNjEyMjIjNTEjJDEjJDYjJDgz,스마일부부치과의원,51,치과의원,260000,울산,260002,울산동구,화정동,44070,"울산광역시 동구 대학길 71, 2층층 (화정동)",052-233-2830,,2005-04-12,1,0,0,0,0,0,0,0,1,0,0,0,0,0,129.42166,35.4988687
JDQ4MTYyMiM4MSMkMSMkNCMkNzIkMzgxMTkxIzIxIyQxIyQ1IyQ4OSQzNjE4MzIjNjEjJDEjJDQjJDgz,스마일플러스 치과의원,51,치과의원,260000,울산,260003,울산중구,복산동,44470,"울산광역시 중구 복산1동길 28, 4층 (복산동)",052-993-2875,,2023-09-04,1,0,0,0,0,0,0,0,1,0,0,0,0,0,129.3283805,35.5606986
JDQ4MTYyMiM4MSMkMSMkNCMkNzIkMzgxMzUxIzUxIyQxIyQxIyQ3MiQzNjE4MzIjNjEjJDEjJDQjJDgz,스마트치과의원,51,치과의원,260000,울산,260002,울산동구,전하동,44043,"울산광역시 동구 진성14길 124, (전하동)",052-252-0028,,2011-03-30,1,0,0,0,0,1,0,0,0,0,0,0,0,0,129.4262925,35.5113032
JDQ4MTYyMiM4MSMkMSMkNCMkNzIkMzgxOTYxIzUxIyQxIyQxIyQxMyQ0NjE0ODEjODEjJDEjJDIjJDgz,스타치과의원,51,치과의원,260000,울산,260002,울산동구,전하동,44042,"울산광역시 동구 방어진순환도로 785, 5층 (전하동)",052-983-2275,,2014-11-07,1,0,0,0,0,0,0,0,1,0,0,0,0,0,129.4303565,35.5118103
JDQ4MTYyMiM4MSMkMiMkNCMkMDAkMzgxNzAyIzMxIyQxIyQzIyQ5MiQyNjEwMDIjODEjJDEjJDYjJDgz,스타케이의원,31,의원,260000,울산,260001,울산남구,삼산동,44719,"울산광역시 남구 삼산로 272, 10층 (삼산동)",052-256-7585,http://www.starkay.co.kr/,2005-07-29,1,0,0,0,1,0,0,0,0,0,0,0,0,0,129.3368838,35.5388969
JDQ4MTYyMiM4MSMkMiMkNCMkMDAkNDgxOTYxIzMxIyQxIyQ3IyQ3OSQyNjEwMDIjNjEjJDEjJDQjJDgz,슬림미의원,31,의원,260000,울산,260001,울산남구,달동,44703,"울산광역시 남구 왕생로 93, 5층 (달동)",052-700-9114,,2025-02-20,1,0,0,0,1,0,0,0,0,0,0,0,0,0,129.3298879,35.5416005
JDQ4MTYyMiM4MSMkMSMkNCMkMTMkNDgxMzUxIzIxIyQxIyQ1IyQ5OSQzNjEwMDIjNjEjJDEjJDQjJDgz,승구한의원,93,한의원,260000,울산,260100,울산울주군,범서읍,44924,"울산광역시 울주군 범서읍 구영로 100, 202호 (구영프라자)",052-212-1075,,2007-09-14,3,0,0,0,0,0,0,0,0,2,0,0,1,0,129.2413892,35.5736369
JDQ4MTYyMiM4MSMkMiMkNCMkMDAkNDgxMzUxIzIxIyQxIyQxIyQwMyQyNjE0ODEjNjEjJDEjJDAjJDgz,시계탑리즈여성의원,31,의원,260000,울산,260003,울산중구,옥교동,44530,"울산광역시 중구 학성로 99, 4층 (옥교동)",052-249-1004,,2010-12-09,1,0,0,0,1,0,0,0,0,0,0,0,0,0,129.3219468,35.5555049
JDQ4MTYyMiM4MSMkMiMkNCMkMDAkMzgxNzAyIzExIyQyIyQ3IyQwMCQ0NjE0ODEjNDEjJDEjJDgjJDgz,시민건강의원,31,의원,260000,울산,260001,울산남구,무거동,44628,"울산광역시 남구 북부순환도로 48, 4,7층 (무거동)",052-221-0675,,2018-03-15,1,0,0,0,1,0,0,0,0,0,0,0,0,0,129.2689621,35.552258
JDQ4MTYyMiM4MSMkMiMkNCMkMDAkMzgxOTYxIzIxIyQxIyQ5IyQ5OSQzNjE4MzIjNjEjJDEjJDAjJDgz,시민의원,31,의원,260000,울산,260002,울산동구,방어동,44098,"울산광역시 동구 문재7길 5, 2층 (방어동)",052-201-2800,,1992-03-28,1,1,0,0,0,0,0,0,0,0,0,0,0,0,129.4176801,35.4834349
JDQ4MTYyMiM4MSMkMSMkNCMkNzIkMzgxMzUxIzMxIyQyIyQ3IyQwMCQyNjEyMjIjNzEjJDEjJDgjJDgz,시민치과의원,51,치과의원,260000,울산,260003,울산중구,성남동,44529,"울산광역시 중구 학성로 71, 2층 (성남동)",052-211-1347,,1993-03-02,1,0,0,0,0,1,0,0,0,0,0,0,0,0,129.318904,35.5549869
JDQ4MTYyMiM4MSMkMiMkNCMkMDAkMzgxNzAyIzIxIyQxIyQxIyQ4OSQzNjE4MzIjNjEjJDEjJDQjJDgz,시원의원,31,의원,260000,울산,260100,울산울주군,온양읍,44973,"울산광역시 울주군 온양읍 대운길 45, 2층",052-239-6975,,2013-02-19,1,1,0,0,0,0,0,0,0,0,0,0,0,0,129.2818905,35.4133944
JDQ4MTYyMiM4MSMkMiMkNCMkMDAkNDgxMzUxIzIxIyQxIyQ5IyQ3MiQzNjE0ODEjODEjJDEjJDIjJDgz,시원한이비인후과의원,31,의원,260000,울산,260003,울산중구,남외동,44495,"울산광역시 중구 번영로 590, 4층 (남외동)",052-248-1002,,2012-05-30,1,0,0,0,1,0,0,0,0,0,0,0,0,0,129.3465085,35.5689533
JDQ4MTYyMiM4MSMkMiMkNCMkMDAkMzgxNzAyIzExIyQxIyQ3IyQ5MiQzNjEwMDIjNjEjJDEjJDgjJDgz,시제이여성의원,31,의원,260000,울산,260001,울산남구,신정동,44671,"울산광역시 남구 중앙로 243, 5~6층 (신정동)",052-256-5311,,2003-04-04,1,0,0,0,1,0,0,0,0,0,0,0,0,0,129.3109152,35.5424011
JDQ4MTYyMiM4MSMkMSMkNCMkNzIkMzgxOTYxIzQxIyQxIyQ3IyQwMyQzNjEyMjIjODEjJDEjJDIjJDgz,시카고치과의원,51,치과의원,260000,울산,260004,울산북구,화봉동,44241,"울산광역시 북구 화봉로 69, (화봉동)",052-288-2875,http://www.lamplant.com,2008-01-02,1,0,0,0,0,1,0,0,0,0,0,0,0,0,129.366536,35.5886162
JDQ4MTYyMiM4MSMkMiMkNCMkMDAkNDgxMzUxIzMxIyQxIyQzIyQ4OSQzNjE0ODEjNjEjJDEjJDQjJDgz,신내과의원,31,의원,260000,울산,260002,울산동구,일산동,44067,"울산광역시 동구 방어진순환도로 651, (일산동)",052-252-9477,,2013-01-10,3,0,0,0,3,0,0,0,0,0,0,0,0,0,129.4282112,35.5000159
JDQ4MTYyMiM4MSMkMSMkNCMkMTMkMzgxNzAyIzExIyQxIyQzIyQwMyQ0NjEwMDIjNzEjJDEjJDgjJDgz,신라한의원,93,한의원,260000,울산,260100,울산울주군,언양읍,44938,"울산광역시 울주군 언양읍 읍성로 143, 2층",052-293-3038,,2020-03-16,1,0,0,0,0,0,0,0,0,1,0,0,0,0,129.1236751,35.5702573
JDQ4MTYyMiM4MSMkMSMkNCMkOTIkMzgxNzAyIzExIyQxIyQzIyQ4OSQ0NjE0ODEjODEjJDEjJDYjJDgz,신명보건진료소,73,보건진료소,260000,울산,260004,울산북구,신명동,44232,"울산광역시 북구 동해안로 1801, (신명동)",052-298-5765,,1998-02-21,0,0,0,0,0,0,0,0,0,0,0,0,0,0,129.4404199,35.6442309
JDQ4MTYyMiM4MSMkMSMkNCMkNzIkMzgxOTYxIzIxIyQxIyQ5IyQ4OSQzNjEwMDIjNDEjJDEjJDQjJDgz,신미치과의원,51,치과의원,260000,울산,260100,울산울주군,범서읍,44922,"울산광역시 울주군 범서읍 대리2길 39, 2층 (구영리,화진빌딩)",052-248-7080,,2006-10-20,1,0,0,0,0,1,0,0,0,0,0,0,0,0,129.2456884,35.5696957
JDQ4MTYyMiM4MSMkMiMkNCMkMDAkNDgxMzUxIzIxIyQxIyQxIyQ2MiQyNjE4MzIjNDEjJDEjJDQjJDgz,신세계성형외과의원,31,의원,260000,울산,260001,울산남구,삼산동,44705,"울산광역시 남구 삼산로267번길 6-10, 4층 (삼산동)",052-269-7070,http://www.ssgps.co.kr/,2010-07-28,1,0,0,0,1,0,0,0,0,0,0,0,0,0,129.3366387,35.5397149
JDQ4MTYyMiM4MSMkMiMkNCMkMDAkMzgxMTkxIzMxIyQxIyQ3IyQ2MiQyNjEwMDIjODEjJDEjJDIjJDgz,신세계안과의원,31,의원,260000,울산,260001,울산남구,삼산동,44705,"울산광역시 남구 삼산로 285, 2~9층 (삼산동)",052-275-0001,http://www.lasikulsan.co.kr,2000-08-29,8,0,0,0,8,0,0,0,0,0,0,0,0,0,129.3381056,35.5397713
JDQ4MTYyMiM4MSMkMiMkNCMkMDAkMzgxNzAyIzIxIyQxIyQ5IyQwMyQyNjEwMDIjNDEjJDEjJDQjJDgz,신세계정형외과의원,31,의원,260000,울산,260003,울산중구,반구동,44500,"울산광역시 중구 화합로 360-1, (반구동)",052-296-2397,,2006-09-01,1,0,0,0,1,0,0,0,0,0,0,0,0,0,129.3421474,35.558122
JDQ4MTYyMiM4MSMkMSMkNCMkNzIkMzgxOTYxIzExIyQyIyQ3IyQwMCQ0NjEwMDIjODEjJDEjJDIjJDgz,신세계치과의원,51,치과의원,260000,울산,260002,울산동구,화정동,44070,"울산광역시 동구 대학길 47, 3층 (화정동)",052-251-9255,,2002-01-02,1,0,0,0,0,0,0,0,1,0,0,0,0,0,129.4202698,35.4988682
JDQ4MTYyMiM4MSMkMiMkNCMkMDAkNDgxOTYxIzIxIyQxIyQxIyQwMyQ0NjEwMDIjNTEjJDEjJDYjJDgz,신용억신경과의원,31,의원,260000,울산,260003,울산중구,남외동,44495,"울산광역시 중구 번영로 576, 6층 (남외동)",052-282-8555,,2021-03-26,1,0,0,0,1,0,0,0,0,0,0,0,0,0,129.3450257,35.5684818
JDQ4MTYyMiM4MSMkMSMkNCMkNzIkMzgxMzUxIzIxIyQyIyQ1IyQwMCQyNjE4MzIjNjEjJDEjJDgjJDgz,신용완치과의원,51,치과의원,260000,울산,260003,울산중구,학산동,44530,"울산광역시 중구 학성로 127, (학산동)",052-246-3959,,1986-04-24,1,0,0,0,0,1,0,0,0,0,0,0,0,0,129.3248372,35.5560782
JDQ4MTYyMiM4MSMkMiMkNCMkMDAkNDgxMzUxIzUxIyQxIyQxIyQ3MiQyNjE0ODEjNDEjJDEjJDgjJDgz,신울산비뇨기과의원,31,의원,260000,울산,260003,울산중구,태화동,44452,"울산광역시 중구 명륜로 17, 6층 601호 (태화동, SNU우정병원)",052-211-5753,,2016-03-25,1,0,0,0,1,0,0,0,0,0,0,0,0,0,129.3086913,35.5539244
JDQ4MTYyMiM4MSMkMiMkNCMkMDAkMzgxNzAyIzExIyQxIyQzIyQxMyQzNjEwMDIjNjEjJDEjJDAjJDgz,신울산의원,31,의원,260000,울산,260003,울산중구,반구동,44510,"울산광역시 중구 화합로 409, 2층 (반구동)",052-293-3035,,2003-10-04,1,1,0,0,0,0,0,0,0,0,0,0,0,0,129.3379331,35.561728
JDQ4MTYyMiM4MSMkMiMkNCMkMDAkMzgxOTYxIzIxIyQxIyQ5IyQ3OSQzNjE4MzIjNDEjJDEjJDQjJDgz,신이비인후과의원,31,의원,260000,울산,260003,울산중구,약사동,44479,"울산광역시 중구 번영로 487, 3층 (약사동, 대호빌딩)",052-294-7582,,2006-07-03,1,0,0,0,1,0,0,0,0,0,0,0,0,0,129.3366792,35.5650568
JDQ4MTYyMiM4MSMkMiMkNCMkMDAkNDgxMzUxIzUxIyQxIyQ1IyQ3MiQyNjEyMjIjNTEjJDEjJDYjJDgz,신정동권샘내과의원,31,의원,260000,울산,260001,울산남구,신정동,44671,"울산광역시 남구 중앙로 263, 3층 (신정동)",052-922-2467,,2017-03-02,1,0,0,0,1,0,0,0,0,0,0,0,0,0,129.3102357,35.5441326
JDQ4MTYyMiM4MSMkMSMkNCMkNzIkMzgxOTYxIzExIyQxIyQzIyQxMyQzNjE0ODEjNjEjJDEjJDAjJDgz,신정치과의원,51,치과의원,260000,울산,260001,울산남구,신정동,44690,"울산광역시 남구 중앙로 210, 2층 (신정동)",052-272-9060,,2001-02-17,1,0,0,0,0,0,0,0,1,0,0,0,0,0,129.3125496,35.5396834
JDQ4MTYyMiM4MSMkMSMkNCMkNzIkMzgxMzUxIzUxIyQxIyQ1IyQ5OSQyNjE4MzIjNzEjJDEjJDgjJDgz,신정현대치과의원,51,치과의원,260000,울산,260001,울산남구,야음동,44733,"울산광역시 남구 대암로 69, (야음동)",052-261-0302,,1997-10-15,1,0,0,0,0,1,0,0,0,0,0,0,0,0,129.3238029,35.530811
JDQ4MTYyMiM4MSMkMSMkNCMkNzIkMzgxOTYxIzQxIyQxIyQ3IyQxMyQzNjE4MzIjNTEjJDEjJDYjJDgz,신종호치과의원,51,치과의원,260000,울산,260001,울산남구,신정동,44671,"울산광역시 남구 중앙로 243-1, 7층 (신정동)",052-266-2895,,2013-02-20,1,0,0,0,0,1,0,0,0,0,0,0,0,0,129.3108423,35.5425363
JDQ4MTYyMiM4MSMkMiMkNCMkMDAkNDgxMzUxIzQxIyQxIyQ3IyQ5MiQyNjEyMjIjNjEjJDEjJDQjJDgz,신통가정의학과의원,31,의원,260000,울산,260100,울산울주군,온양읍,44976,"울산광역시 울주군 온양읍 보곡2길 30-38, 2층",052-915-1245,,2025-10-21,1,0,0,0,1,0,0,0,0,0,0,0,0,0,129.2931115,35.4096628
JDQ4MTYyMiM4MSMkMiMkNCMkMDAkNDgxMzUxIzExIyQxIyQ3IyQ2MiQyNjEwMDIjNzEjJDEjJDgjJDgz,신통의원,31,의원,260000,울산,260002,울산동구,화정동,44075,"울산광역시 동구 대학길 130, 4층 (화정동)",052-201-9971,,2015-01-05,1,1,0,0,0,0,0,0,0,0,0,0,0,0,129.4246608,35.4977591
JDQ4MTYyMiM4MSMkMSMkNCMkMTMkNDgxOTYxIzExIyQxIyQ3IyQ2MiQzNjE4MzIjODEjJDEjJDYjJDgz,신통한의원,93,한의원,260000,울산,260002,울산동구,전하동,44043,"울산광역시 동구 진성14길 128, (전하동)",052-236-8286,,2007-05-02,1,0,0,0,0,0,0,0,0,1,0,0,0,0,129.4263185,35.511484
JDQ4MTYyMiM4MSMkMSMkNCMkMTMkMzgxNzAyIzIxIyQxIyQ1IyQ3OSQzNjEyMjIjNTEjJDEjJDYjJDgz,신한의원,93,한의원,260000,울산,260002,울산동구,화정동,44074,"울산광역시 동구 대학길 60, (화정동)",052-252-4614,,1992-05-18,1,0,0,0,0,0,0,0,0,1,0,0,0,0,129.4209314,35.4986165
JDQ4MTYyMiM4MSMkMSMkNCMkMTMkNDgxMzUxIzIxIyQxIyQxIyQwMyQyNjE4MzIjNjEjJDEjJDgjJDgz,신한의원,93,한의원,260000,울산,260004,울산북구,상안동,44209,"울산광역시 북구 신답로 40, 312호 (상안동, 지팝프라자)",052-294-1275,,2007-04-16,1,0,0,0,0,0,0,0,0,1,0,0,0,0,129.3436065,35.6292814
JDQ4MTYyMiM4MSMkMSMkNCMkNzIkMzgxMzUxIzExIyQxIyQ3IyQ2MiQzNjE0ODEjODEjJDEjJDYjJDgz,신현철치과의원,51,치과의원,260000,울산,260001,울산남구,신정동,44748,"울산광역시 남구 수암로 110-1, (신정동)",052-274-5567,,1983-05-04,1,0,0,0,0,1,0,0,0,0,0,0,0,0,129.3192381,35.5283159
JDQ4MTYyMiM4MSMkMiMkNCMkMDAkNDgxMzUxIzIxIyQxIyQ5IyQ5MiQyNjE4MzIjNjEjJDEjJDAjJDgz,신화의원,31,의원,260000,울산,260001,울산남구,신정동,44676,"울산광역시 남구 삼산로 43, 2층 (신정동)",052-261-9500,,2009-02-10,1,0,0,0,1,0,0,0,0,0,0,0,0,0,129.3125288,35.533839
JDQ4MTYyMiM4MSMkMSMkNCMkNzIkMzgxOTYxIzExIyQxIyQ3IyQ3OSQzNjE0ODEjNjEjJDEjJDQjJDgz,신희재치과의원,51,치과의원,260000,울산,260004,울산북구,명촌동,44254,"울산광역시 북구 명촌로 83, (명촌동, 유성빌딩)",052-289-2848,,2004-03-11,1,0,0,0,0,1,0,0,0,0,0,0,0,0,129.3557536,35.553541
JDQ4MTYyMiM4MSMkMSMkNCMkNzIkMzgxOTYxIzExIyQxIyQzIyQ5OSQzNjE0ODEjNTEjJDEjJDYjJDgz,심규빈치과의원,51,치과의원,260000,울산,260001,울산남구,달동,44707,"울산광역시 남구 삼산중로 65, (달동)",052-258-2829,,1999-06-22,1,0,0,0,0,1,0,0,0,0,0,0,0,0,129.3351135,35.5393185
JDQ4MTYyMiM4MSMkMSMkNCMkNzIkMzgxMTkxIzExIyQxIyQ3IyQ3OSQzNjE4MzIjNjEjJDEjJDQjJDgz,심플치과의원,51,치과의원,260000,울산,260001,울산남구,달동,44707,"울산광역시 남구 삼산로 247, (달동, 마마파파엔베이비빌딩)",052-716-1038,,2017-03-06,1,0,0,0,0,0,0,0,1,0,0,0,0,0,129.3341147,35.5391017
JDQ4MTYyMiM4MSMkMSMkNCMkMTMkNDgxMzUxIzIxIyQxIyQ5IyQwMyQ0NjE0ODEjNDEjJDEjJDQjJDgz,심한의원,93,한의원,260000,울산,260001,울산남구,삼산동,44710,"울산광역시 남구 돋질로 393, 2층 (삼산동)",052-282-1075,,2010-03-31,1,0,0,0,0,0,0,0,0,0,0,0,1,0,129.3477981,35.5436143
JDQ4MTYyMiM4MSMkMSMkNCMkMTMkNDgxMzUxIzIxIyQxIyQ1IyQxMyQyNjEwMDIjNTEjJDEjJDYjJDgz,심호당한의원,93,한의원,260000,울산,260100,울산울주군,언양읍,44946,"울산광역시 울주군 언양읍 옛장터1길 9, (언양읍)",052-254-1328,,2017-02-06,2,0,0,0,0,0,0,0,0,2,0,0,0,0,129.1229163,35.5644735
JDQ4MTYyMiM4MSMkMSMkNCMkNjIkMzgxMzUxIzExIyQxIyQzIyQ3OSQyNjEwMDIjNjEjJDEjJDAjJDgz,씨케이치과병원,41,치과병원,260000,울산,260002,울산동구,일산동,44068,"울산광역시 동구 방어진순환도로 625, (일산동)",052-252-8200,,2006-09-18,4,0,0,0,0,2,0,0,2,0,0,0,0,0,129.4275272,35.4977067
JDQ4MTYyMiM4MSMkMiMkNCMkMDAkNDgxOTYxIzIxIyQxIyQ5IyQ2MiQzNjE4MzIjNDEjJDEjJDgjJDgz,아나파마취통증의학과의원,31,의원,260000,울산,260003,울산중구,남외동,44495,"울산광역시 중구 번영로 574, 동천빌딩 3층 (남외동)",052-911-1100,,2023-03-07,1,0,0,0,1,0,0,0,0,0,0,0,0,0,129.34483,35.5684192
JDQ4MTYyMiM4MSMkMiMkNCMkMDAkNDgxMzUxIzUxIyQxIyQxIyQ5OSQ0NjEwMDIjNTEjJDEjJDIjJDgz,아라의원,31,의원,260000,울산,260002,울산동구,화정동,44057,"울산광역시 동구 방어진순환도로 574, 3층 (화정동)",052-235-9872,,2016-01-05,1,1,0,0,0,0,0,0,0,0,0,0,0,0,129.4269068,35.4930153
JDQ4MTYyMiM4MSMkMiMkNCMkMDAkNDgxMzUxIzQxIyQxIyQ3IyQ4MiQzNjEyMjIjNDEjJDEjJDgjJDgz,아로마벨피부과의원,31,의원,260000,울산,260003,울산중구,성남동,44529,"울산광역시 중구 문화의거리 17, 2층 (성남동)",052-245-8819,,2015-07-21,1,0,0,0,1,0,0,0,0,0,0,0,0,0,129.3215062,35.5558909
JDQ4MTYyMiM4MSMkMiMkNCMkMDAkNDgxMzUxIzQxIyQxIyQ3IyQ3MiQzNjEyMjIjNTEjJDEjJDYjJDgz,아르떼의원,31,의원,260000,울산,260001,울산남구,삼산동,44705,"울산광역시 남구 삼산로277번길 8, 4층 (삼산동)",052-257-3375,,2015-06-18,3,3,0,0,0,0,0,0,0,0,0,0,0,0,129.3374286,35.5401591
JDQ4MTYyMiM4MSMkMSMkNCMkNzIkMzgxMTkxIzIxIyQxIyQ1IyQ5MiQyNjE4MzIjNjEjJDEjJDgjJDgz,아르떼치과의원,51,치과의원,260000,울산,260001,울산남구,삼산동,44713,"울산광역시 남구 화합로194번길 12-1, 3층 (삼산동)",052-246-1556,,2010-04-23,2,0,0,0,0,1,0,0,1,0,0,0,0,0,129.3409808,35.5418385
JDQ4MTYyMiM4MSMkMSMkNCMkMTMkMzgxNzAyIzIxIyQxIyQ1IyQ3MiQyNjEyMjIjNzEjJDEjJDgjJDgz,아름다운한의원,93,한의원,260000,울산,260001,울산남구,옥동,44662,"울산광역시 남구 문수로 348, 1층 (옥동)",052-256-2992,http://www.arumedi.kr/,2008-03-05,1,0,0,0,0,0,0,0,0,1,0,0,0,0,129.2914363,35.5346284
JDQ4MTYyMiM4MSMkMSMkNCMkNzIkMzgxOTYxIzUxIyQxIyQ1IyQ2MiQyNjEwMDIjNDEjJDEjJDgjJDgz,아리아치과의원,51,치과의원,260000,울산,260100,울산울주군,온산읍,45003,"울산광역시 울주군 온산읍 덕망로 7-2, 4층",052-238-2870,,2015-07-16,1,0,0,0,0,1,0,0,0,0,0,0,0,0,129.3084914,35.434232
JDQ4MTYyMiM4MSMkMSMkNCMkMTMkMzgxMTkxIzExIyQxIyQzIyQ5MiQyNjE0ODEjNDEjJDEjJDgjJDgz,아미유한방병원,92,한방병원,260000,울산,260002,울산동구,전하동,44035,"울산광역시 동구 방어진순환도로 851, 1,4,5층 (전하동)",052-700-8686,,2023-12-20,2,0,0,0,1,0,0,0,0,1,0,0,0,0,129.4316558,35.5172256
JDQ4MTYyMiM4MSMkMiMkNCMkMDAkNDgxMzUxIzQxIyQxIyQ3IyQwMyQzNjEwMDIjNzEjJDEjJDgjJDgz,아우라의원,31,의원,260000,울산,260001,울산남구,삼산동,44705,"울산광역시 남구 삼산로 275, 6층 (삼산동)",052-265-1122,,2015-09-07,1,0,0,0,1,0,0,0,0,0,0,0,0,0,129.337182,35.5396038
JDQ4MTYyMiM4MSMkMSMkNCMkOTkkMzgxMzUxIzMxIyQxIyQzIyQ4MiQyNjEyMjIjODEjJDEjJDYjJDgz,아이마음아동병원,21,병원,260000,울산,260004,울산북구,매곡동,44223,"울산광역시 북구 괴정1길 114, 2,3,4,5층 (매곡동)",052-716-5170,,2019-05-08,3,0,0,0,3,0,0,0,0,0,0,0,0,0,129.3574932,35.6425369
JDQ4MTYyMiM4MSMkMSMkNCMkNzIkMzgxMzUxIzExIyQyIyQ3IyQwMCQyNjE4MzIjNTEjJDEjJDYjJDgz,아이비기독치과의원,51,치과의원,260000,울산,260002,울산동구,서부동,44031,"울산광역시 동구 방어진순환도로 909, (서부동)",052-251-3700,,1979-02-02,1,0,0,0,0,1,0,0,0,0,0,0,0,0,129.4324462,35.522341
JDQ4MTYyMiM4MSMkMSMkNCMkNzIkMzgxOTYxIzUxIyQxIyQxIyQ5OSQzNjE0ODEjNjEjJDEjJDAjJDgz,아이샘치과의원,51,치과의원,260000,울산,260004,울산북구,매곡동,44225,"울산광역시 북구 매곡산업로 177, 서희파크 B동 2층 (매곡동)",052-293-1275,,2013-07-12,1,0,0,0,0,0,0,0,1,0,0,0,0,0,129.3618478,35.639269
JDQ4MTYyMiM4MSMkMiMkNCMkMDAkNDgxMzUxIzQxIyQxIyQ3IyQ5OSQ0NjEwMDIjNjEjJDEjJDgjJDgz,아이온의원,31,의원,260000,울산,260001,울산남구,달동,44707,"울산광역시 남구 삼산중로 65, 5층 (달동)",,,2015-03-19,2,1,0,0,1,0,0,0,0,0,0,0,0,0,129.3351135,35.5393185
JDQ4MTYyMiM4MSMkMSMkNCMkNzIkMzgxMTkxIzExIyQxIyQ3IyQ3MiQzNjEyMjIjNTEjJDEjJDYjJDgz,아이유치과교정과치과의원,51,치과의원,260000,울산,260001,울산남구,삼산동,44705,"울산광역시 남구 삼산중로74번길 30-1, 3~7층 (삼산동)",052-966-2875,,2019-07-19,4,0,0,0,0,0,0,0,4,0,0,0,0,0,129.3387618,35.5404787
JDQ4MTYyMiM4MSMkMSMkNCMkOTkkMzgxMzUxIzIxIyQxIyQ5IyQ3OSQzNjEwMDIjNTEjJDEjJDYjJDgz,아이윤병원,21,병원,260000,울산,260003,울산중구,학산동,44530,"울산광역시 중구 번영로 371, 3,6,7,12층 (학산동)",052-291-0087,,2016-12-31,4,0,0,0,3,1,0,0,0,0,0,0,0,0,129.3268217,35.5582223
JDQ4MTYyMiM4MSMkMiMkNCMkMDAkNDgxOTYxIzIxIyQxIyQxIyQ4MiQzNjEwMDIjNjEjJDEjJDgjJDgz,아이좋은소아청소년과의원,31,의원,260000,울산,260100,울산울주군,언양읍,44937,"울산광역시 울주군 언양읍 능골길 17-5, 2, 3, 4층",052-916-0011,,2020-12-23,1,0,0,0,1,0,0,0,0,0,0,0,0,0,129.1233228,35.5785199
JDQ4MTYyMiM4MSMkMSMkNCMkMTMkNDgxOTYxIzExIyQxIyQ3IyQ5OSQzNjEwMDIjODEjJDEjJDIjJDgz,아임한의원,93,한의원,260000,울산,260001,울산남구,옥동,44646,"울산광역시 남구 문수로 339, 옥동업무시설 3층 (옥동)",052-700-0212,,2022-03-03,1,0,0,0,0,0,0,0,0,1,0,0,0,0,129.2906764,35.5354376
JDQ4MTYyMiM4MSMkMiMkNCMkMDAkNDgxMzUxIzMxIyQxIyQ3IyQ4OSQyNjE4MzIjNTEjJDEjJDYjJDgz,아주재활의학과의원,31,의원,260000,울산,260001,울산남구,삼산동,44710,"울산광역시 남구 돋질로 369, 1,3,4층 (삼산동)",052-297-7475,,2014-01-22,2,0,0,0,2,0,0,0,0,0,0,0,0,0,129.3453056,35.5439734
JDQ4MTYyMiM4MSMkMSMkNCMkMTMkNDgxMzUxIzExIyQxIyQ3IyQxMyQyNjEyMjIjODEjJDEjJDYjJDgz,안민한의원,93,한의원,260000,울산,260004,울산북구,신천동,44224,"울산광역시 북구 호계로 328, 204호 (신천동, 코끼리타운)",052-291-1075,,2006-03-17,1,0,0,0,0,0,0,0,0,1,0,0,0,0,129.3505784,35.632499
JDQ4MTYyMiM4MSMkMiMkNCMkMDAkMzgxMTkxIzMxIyQxIyQ3IyQ3MiQyNjE4MzIjNDEjJDEjJDgjJDgz,안신경외과의원,31,의원,260000,울산,260002,울산동구,전하동,44034,"울산광역시 동구 방어진순환도로 799, (전하동)",052-235-4900,,2000-10-26,1,0,0,0,1,0,0,0,0,0,0,0,0,0,129.4307958,35.5131921
JDQ4MTYyMiM4MSMkMSMkNCMkNzIkMzgxOTYxIzExIyQxIyQzIyQ5OSQ0NjE0ODEjNjEjJDEjJDgjJDgz,안울진치과의원,51,치과의원,260000,울산,260003,울산중구,남외동,44495,"울산광역시 중구 번영로 582, (남외동)",052-233-7144,,2008-10-29,1,0,0,0,0,1,0,0,0,0,0,0,0,0,129.3456223,35.5686645
JDQ4MTYyMiM4MSMkMSMkNCMkMTMkNDgxOTYxIzExIyQxIyQ3IyQxMyQzNjEyMjIjNzEjJDEjJDgjJDgz,알찬한의원,93,한의원,260000,울산,260004,울산북구,천곡동,44202,"울산광역시 북구 가재길 86, 5층 (천곡동)",052-900-0319,,2025-01-07,1,0,0,0,0,0,0,0,0,1,0,0,0,0,129.3327717,35.6339753
JDQ4MTYyMiM4MSMkMiMkNCMkMDAkNDgxMzUxIzUxIyQxIyQ1IyQ4MiQyNjEwMDIjNTEjJDEjJDIjJDgz,앞선소아청소년과의원,31,의원,260000,울산,260001,울산남구,야음동,44750,"울산광역시 남구 수암로 130, 7층 (야음동, 메디어스빌딩)",052-244-7700,,2017-04-03,1,0,0,0,1,0,0,0,0,0,0,0,0,0,129.3212953,35.5274194
JDQ4MTYyMiM4MSMkMiMkNCMkMDAkNDgxMzUxIzMxIyQxIyQzIyQwMyQzNjE0ODEjNjEjJDEjJDgjJDgz,애플의원,31,의원,260000,울산,260001,울산남구,신정동,44678,"울산광역시 남구 삼산로 17, 4층 (신정동, 애플타워)",052-256-1975,,2014-04-10,1,1,0,0,0,0,0,0,0,0,0,0,0,0,129.3097636,35.5331537
JDQ4MTYyMiM4MSMkMSMkNCMkNzIkMzgxOTYxIzIxIyQxIyQxIyQ5MiQzNjEyMjIjODEjJDEjJDYjJDgz,애플치과의원,51,치과의원,260000,울산,260100,울산울주군,범서읍,44923,"울산광역시 울주군 범서읍 구영로 142, (범서읍)",052-248-2882,,2006-05-09,1,0,0,0,0,1,0,0,0,0,0,0,0,0,129.2430458,35.570066
JDQ4MTYyMiM4MSMkMSMkNCMkNzIkMzgxOTYxIzIxIyQxIyQxIyQ3OSQyNjEyMjIjNjEjJDEjJDQjJDgz,야음앞선치과의원,51,치과의원,260000,울산,260001,울산남구,야음동,44750,"울산광역시 남구 수암로 130, 5층 (야음동)",052-272-2879,,2016-01-21,1,0,0,0,0,1,0,0,0,0,0,0,0,0,129.3212953,35.5274194
JDQ4MTYyMiM4MSMkMSMkNCMkMTMkMzgxNzAyIzQxIyQxIyQ3IyQ5OSQyNjEwMDIjNTEjJDEjJDIjJDgz,약손한의원,93,한의원,260000,울산,260003,울산중구,유곡동,44466,"울산광역시 중구 평동길 1, (유곡동)",052-282-8575,,2017-01-04,1,0,0,0,0,0,0,0,0,1,0,0,0,0,129.3064996,35.5567057
JDQ4MTYyMiM4MSMkMSMkNCMkMTMkNDgxMzUxIzIxIyQxIyQ5IyQ4MiQyNjE0ODEjNDEjJDEjJDQjJDgz,약손한의원,93,한의원,260000,울산,260004,울산북구,호계동,44229,"울산광역시 북구 호계2길 7, 2층 202호 (호계동)",052-296-1075,없음,2017-01-23,1,0,0,0,0,0,0,0,0,1,0,0,0,0,129.3554238,35.6228217
JDQ4MTYyMiM4MSMkMiMkNCMkMDAkMzgxMzUxIzUxIyQxIyQ1IyQ3MiQzNjE4MzIjNTEjJDEjJDIjJDgz,양경철성형외과의원,31,의원,260000,울산,260001,울산남구,삼산동,44693,"울산광역시 남구 삼산로 115, 4층 (달동)",052-227-2323,,2002-07-20,1,0,0,0,1,0,0,0,0,0,0,0,0,0,129.3200985,35.5357692
JDQ4MTYyMiM4MSMkMSMkNCMkMTMkNDgxOTYxIzExIyQxIyQ3IyQ5OSQyNjEwMDIjNjEjJDEjJDQjJDgz,양남한의원,93,한의원,260000,울산,260004,울산북구,산하동,44264,"울산광역시 북구 산하중앙2로 150, 오션빌딩 3층 303~304호호 (산하동)",052-292-5686,,1994-09-10,1,0,0,0,0,0,0,0,0,1,0,0,0,0,129.4396549,35.6242236
JDQ4MTYyMiM4MSMkMiMkNCMkMDAkNDgxOTYxIzIxIyQxIyQxIyQ4MiQzNjE0ODEjODEjJDEjJDIjJDgz,양내과의원,31,의원,260000,울산,260100,울산울주군,온양읍,44973,"울산광역시 울주군 온양읍 대운길 15, (온양읍)",052-237-8575,,2020-12-22,1,0,0,0,1,0,0,0,0,0,0,0,0,0,129.2800529,35.4123795
JDQ4MTYyMiM4MSMkMiMkNCMkMDAkMzgxNzAyIzExIyQxIyQ3IyQ3OSQzNjE0ODEjNzEjJDEjJDgjJDgz,양도훈비뇨기과의원,31,의원,260000,울산,260100,울산울주군,언양읍,44941,"울산광역시 울주군 언양읍 동문길 65, 5층",052-263-6776,,2002-11-20,1,0,0,0,1,0,0,0,0,0,0,0,0,0,129.1250377,35.5654061
JDQ4MTYyMiM4MSMkMSMkNCMkNzIkMzgxMzUxIzIxIyQxIyQ1IyQ5MiQzNjE4MzIjODEjJDEjJDIjJDgz,양문섭치과의원,51,치과의원,260000,울산,260003,울산중구,옥교동,44530,"울산광역시 중구 학성로 99, (옥교동)",052-245-2822,,1990-04-20,1,0,0,0,0,1,0,0,0,0,0,0,0,0,129.3219468,35.5555049
JDQ4MTYyMiM4MSMkMiMkNCMkMDAkMzgxOTYxIzIxIyQxIyQxIyQ4OSQyNjE0ODEjNzEjJDEjJDgjJDgz,양이비인후과의원,31,의원,260000,울산,260001,울산남구,신정동,44739,"울산광역시 남구 수암로 105, 2층 (신정동)",052-267-9200,,1990-05-04,1,0,0,0,1,0,0,0,0,0,0,0,0,0,129.3193576,35.5290027
JDQ4MTYyMiM4MSMkMSMkNCMkNzIkMzgxOTYxIzMxIyQxIyQzIyQwMyQzNjE4MzIjNTEjJDEjJDYjJDgz,양정치과의원,51,치과의원,260000,울산,260004,울산북구,양정동,44260,"울산광역시 북구 염포로 529, 3층 (양정동)",052-287-2850,,2009-09-28,1,0,0,0,0,1,0,0,0,0,0,0,0,0,129.3850905,35.5442675
JDQ4MTYyMiM4MSMkMiMkNCMkMDAkMzgxMTkxIzIxIyQyIyQxIyQwMCQyNjEwMDIjNjEjJDEjJDQjJDgz,양주동내과의원,31,의원,260000,울산,260100,울산울주군,온산읍,45005,"울산광역시 울주군 온산읍 덕신로 260, (온산읍)",052-238-8275,,1998-06-16,1,0,0,0,1,0,0,0,0,0,0,0,0,0,129.3099002,35.4334646
JDQ4MTYyMiM4MSMkMiMkNCMkMDAkMzgxMTkxIzIxIyQxIyQ5IyQwMyQ0NjE0ODEjNDEjJDEjJDgjJDgz,양지의원,31,의원,260000,울산,260002,울산동구,동부동,44006,"울산광역시 동구 동해안로 49, (동부동)",052-232-3366,,2004-07-28,1,0,0,0,1,0,0,0,0,0,0,0,0,0,129.4285733,35.5423495
JDQ4MTYyMiM4MSMkMSMkNCMkOTIkMzgxNzAyIzExIyQxIyQzIyQ4OSQzNjE0ODEjNjEjJDEjJDgjJDgz,어물보건진료소,73,보건진료소,260000,울산,260004,울산북구,어물동,44235,"울산광역시 북구 아름1길 21, 어물동 어물보건진료소 (어물동)",052-298-9003,,1998-04-01,0,0,0,0,0,0,0,0,0,0,0,0,0,0,129.4504041,35.580166
JDQ4MTYyMiM4MSMkMSMkNCMkMTMkMzgxNzAyIzExIyQxIyQ3IyQxMyQzNjEwMDIjODEjJDEjJDIjJDgz,언양경희한의원,93,한의원,260000,울산,260100,울산울주군,언양읍,44946,"울산광역시 울주군 언양읍 헌양길 21, (언양읍)",052-263-0808,http://monaze.com/,1999-05-04,0,0,0,0,0,0,0,0,0,0,0,0,0,0,129.1261632,35.5641846
JDQ4MTYyMiM4MSMkMiMkNCMkMDAkNDgxMzUxIzQxIyQxIyQ3IyQ4OSQzNjEyMjIjNjEjJDEjJDAjJDgz,언양닥터홍마취통증의학과의원,31,의원,260000,울산,260100,울산울주군,언양읍,44941,"울산광역시 울주군 언양읍 헌양길 4, 1~2층",052-254-3777,,2015-02-09,1,0,0,0,1,0,0,0,0,0,0,0,0,0,129.1272574,35.5640951
JDQ4MTYyMiM4MSMkMSMkNCMkMTMkNDgxMzUxIzUxIyQxIyQxIyQxMyQyNjE0ODEjNzEjJDEjJDgjJDgz,언양백세한의원,93,한의원,260000,울산,260100,울산울주군,언양읍,44941,"울산광역시 울주군 언양읍 동문길 65, (언양읍)",052-254-7585,,2012-04-12,1,0,0,0,0,0,0,0,0,1,0,0,0,0,129.1250377,35.5654061
JDQ4MTYyMiM4MSMkMiMkNCMkMDAkNDgxOTYxIzMxIyQxIyQ3IyQ2MiQyNjEyMjIjNTEjJDEjJDIjJDgz,언양삼성내과의원,31,의원,260000,울산,260100,울산울주군,언양읍,44946,"울산광역시 울주군 언양읍 헌양길 37, 5층",052-264-9111,,2025-06-05,2,0,0,0,2,0,0,0,0,0,0,0,0,0,129.1251672,35.5647637
JDQ4MTYyMiM4MSMkMSMkNCMkOTkkNTgxMzUxIzIxIyQxIyQ1IyQ3MiQzNjEwMDIjNzEjJDEjJDgjJDgz,언양아하브요양병원,28,요양병원,260000,울산,260100,울산울주군,상북면,44901,"울산광역시 울주군 상북면 삽재로 400, (상북면)",052-264-6100,,2006-01-02,2,0,0,0,1,0,0,0,0,1,0,0,0,0,129.0512236,35.6360092
JDQ4MTYyMiM4MSMkMSMkNCMkOTkkNTgxMzUxIzIxIyQxIyQ1IyQ5OSQzNjE4MzIjNDEjJDEjJDgjJDgz,언양요양병원,28,요양병원,260000,울산,260100,울산울주군,삼남면,44947,"울산광역시 울주군 삼남면 반구대로 785, (삼남면)",052-262-5200,,1999-07-05,5,0,0,0,3,0,0,0,0,1,0,0,1,0,129.12552,35.5604694
JDQ4MTYyMiM4MSMkMiMkNCMkMDAkMzgxMTkxIzQxIyQxIyQ3IyQ3OSQyNjE0ODEjNzEjJDEjJDgjJDgz,언양제일정형외과의원,31,의원,260000,울산,260100,울산울주군,언양읍,44946,"울산광역시 울주군 언양읍 반구대로 815, (언양읍)",052-262-2211,,2001-01-19,1,0,0,0,1,0,0,0,0,0,0,0,0,0,129.1267458,35.5629411
JDQ4MTYyMiM4MSMkMiMkNCMkMDAkMzgxNzAyIzExIyQxIyQ3IyQ4MiQzNjE4MzIjNjEjJDEjJDQjJDgz,언양조정형외과의원,31,의원,260000,울산,260100,울산울주군,언양읍,44941,"울산광역시 울주군 언양읍 동문길 65, 3층",052-262-0263,,2003-02-28,1,0,0,0,1,0,0,0,0,0,0,0,0,0,129.1250377,35.5654061
JDQ4MTYyMiM4MSMkMSMkNCMkNzIkMzgxOTYxIzExIyQxIyQzIyQ4MiQyNjE4MzIjNjEjJDEjJDAjJDgz,언양치과의원,51,치과의원,260000,울산,260100,울산울주군,언양읍,44941,"울산광역시 울주군 언양읍 헌양길 30, (언양읍)",052-264-0265,,1995-05-04,1,0,0,0,0,1,0,0,0,0,0,0,0,0,129.1258566,35.5648109
JDQ4MTYyMiM4MSMkMSMkNCMkNzIkMzgxOTYxIzQxIyQxIyQ3IyQ3OSQzNjE0ODEjNTEjJDEjJDYjJDgz,언양탑치과의원,51,치과의원,260000,울산,260100,울산울주군,언양읍,44942,"울산광역시 울주군 언양읍 헌양길 78, 2층",052-254-2879,,2011-08-16,1,0,0,0,0,1,0,0,0,0,0,0,0,0,129.122735,35.5651119
JDQ4MTYyMiM4MSMkMiMkNCMkMDAkNDgxOTYxIzMxIyQxIyQ3IyQ4OSQ0NjE0ODEjNDEjJDEjJDQjJDgz,언양튼튼마취통증의학과의원,31,의원,260000,울산,260100,울산울주군,언양읍,44946,"울산광역시 울주군 언양읍 헌양길 37, 4층",052-933-7588,,2025-03-24,1,0,0,0,1,0,0,0,0,0,0,0,0,0,129.1251672,35.5647637
JDQ4MTYyMiM4MSMkMiMkNCMkMDAkMzgxMTkxIzMxIyQxIyQ3IyQxMyQzNjEwMDIjNzEjJDEjJDgjJDgz,언양한사랑안과의원,31,의원,260000,울산,260100,울산울주군,언양읍,44941,"울산광역시 울주군 언양읍 동문길 65, 4층",052-254-5775,,2001-01-16,1,0,0,0,1,0,0,0,0,0,0,0,0,0,129.1250377,35.5654061
JDQ4MTYyMiM4MSMkMSMkNCMkMTMkNDgxMzUxIzIxIyQxIyQ5IyQwMyQyNjEwMDIjNTEjJDEjJDIjJDgz,언양한의원,93,한의원,260000,울산,260100,울산울주군,언양읍,44946,"울산광역시 울주군 언양읍 동문길 85, 2층",052-254-7533,,2010-01-21,2,0,0,0,0,0,0,0,0,2,0,0,0,0,129.1251055,35.5642397
JDQ4MTYyMiM4MSMkMiMkNCMkMDAkMzgxMTkxIzQxIyQxIyQ3IyQ5OSQyNjEwMDIjNDEjJDEjJDQjJDgz,엄재화내과의원,31,의원,260000,울산,260001,울산남구,신정동,44730,"울산광역시 남구 삼산로 26, 305호 (신정동, 공업탑 하트랜드)",052-257-7955,,2001-02-17,1,0,0,0,1,0,0,0,0,0,0,0,0,0,129.3108661,35.5327022
JDQ4MTYyMiM4MSMkMiMkNCMkMDAkNDgxOTYxIzIxIyQyIyQ1IyQwMCQyNjEwMDIjODEjJDEjJDIjJDgz,엄재활의학과의원,31,의원,260000,울산,260002,울산동구,화정동,44070,"울산광역시 동구 대학길 43, 4층 (화정동)",052-234-7575,,2021-09-23,1,0,0,0,1,0,0,0,0,0,0,0,0,0,129.4200382,35.4988231
JDQ4MTYyMiM4MSMkMiMkNCMkMDAkMzgxMTkxIzExIyQxIyQ3IyQxMyQzNjEwMDIjNjEjJDEjJDQjJDgz,엄피부과의원,31,의원,260000,울산,260001,울산남구,무거동,44633,"울산광역시 남구 북부순환도로 24, 4층 (무거동)",052-249-5255,,1998-04-27,1,0,0,0,1,0,0,0,0,0,0,0,0,0,129.2664428,35.5515264
JDQ4MTYyMiM4MSMkMiMkNCMkMDAkNDgxOTYxIzIxIyQxIyQxIyQxMyQyNjEyMjIjNTEjJDEjJDYjJDgz,에스덤의원,31,의원,260000,울산,260004,울산북구,송정동,44236,"울산광역시 북구 박상진12로 11, 지오타워 305~307호 (송정동)",052-297-5115,,2021-04-08,1,0,0,0,1,0,0,0,0,0,0,0,0,0,129.3653329,35.6014883
JDQ4MTYyMiM4MSMkMiMkNCMkMDAkNDgxMzUxIzQxIyQxIyQ3IyQ4MiQzNjEwMDIjNTEjJDEjJDIjJDgz,에스마리의원,31,의원,260000,울산,260001,울산남구,옥동,44645,"울산광역시 남구 문수로 331, 6층 (옥동)",052-256-3818,,2015-07-08,1,1,0,0,0,0,0,0,0,0,0,0,0,0,129.2898184,35.5354385
JDQ4MTYyMiM4MSMkMiMkNCMkMDAkNDgxOTYxIzIxIyQxIyQ1IyQxMyQ0NjEwMDIjNzEjJDEjJDgjJDgz,에스재활의학과의원,31,의원,260000,울산,260001,울산남구,야음동,44750,"울산광역시 남구 수암로 130, 2~3층 (야음동)",052-700-5288,,2022-07-18,1,0,0,0,1,0,0,0,0,0,0,0,0,0,129.3212953,35.5274194
JDQ4MTYyMiM4MSMkMiMkNCMkMDAkMzgxMzUxIzIxIyQxIyQ1IyQxMyQzNjEwMDIjNzEjJDEjJDgjJDgz,에스케이에너지주식회사부속의원,31,의원,260000,울산,260001,울산남구,고사동,44782,"울산광역시 남구 신여천로 2, (고사동)",052-208-2391,,1982-07-16,1,0,0,0,1,0,0,0,0,0,0,0,0,0,129.3456708,35.5102455
JDQ4MTYyMiM4MSMkMiMkNCMkMDAkNDgxOTYxIzMxIyQyIyQ3IyQwMCQyNjEyMjIjNjEjJDEjJDQjJDgz,에시르의원,31,의원,260000,울산,260001,울산남구,삼산동,44705,"울산광역시 남구 삼산로 283, 소망빌딩 3층 (삼산동)",1644-2178,,2021-09-24,3,3,0,0,0,0,0,0,0,0,0,0,0,0,129.3378965,35.5397338
JDQ4MTYyMiM4MSMkMSMkNCMkOTkkMzgxMzUxIzIxIyQxIyQxIyQ5OSQzNjE0ODEjNzEjJDEjJDgjJDgz,에이치엠병원,21,병원,260000,울산,260001,울산남구,신정동,44676,"울산광역시 남구 중앙로167번길 26, (신정동)",052-267-0075,www.hmhospital.com,2002-12-30,9,1,0,0,8,0,0,0,0,0,0,0,0,0,129.3110064,35.5355076
JDQ4MTYyMiM4MSMkMSMkNCMkNzIkMzgxOTYxIzMxIyQxIyQzIyQ2MiQzNjE4MzIjNjEjJDEjJDAjJDgz,에이치엠치과의원,51,치과의원,260000,울산,260001,울산남구,신정동,44676,"울산광역시 남구 중앙로167번길 26, 4층 (신정동)",258-2805,http://www.hmhospital.com/medical/medical04.php,2009-01-02,1,0,0,0,0,1,0,0,0,0,0,0,0,0,129.3110064,35.5355076
JDQ4MTYyMiM4MSMkMiMkNCMkMDAkNDgxOTYxIzIxIyQxIyQ5IyQ5MiQzNjE4MzIjNTEjJDEjJDIjJDgz,엔브이성형외과의원(NV성형외과의원),31,의원,260000,울산,260001,울산남구,삼산동,44705,"울산광역시 남구 삼산로 287, 8-9층 (삼산동)",052-256-1711,,2023-08-18,2,0,0,0,2,0,0,0,0,0,0,0,0,0,129.3382613,35.5398053
JDQ4MTYyMiM4MSMkMiMkNCMkMDAkNDgxMzUxIzMxIyQxIyQ3IyQ2MiQyNjEyMjIjNzEjJDEjJDgjJDgz,엘리스의원,31,의원,260000,울산,260001,울산남구,삼산동,44705,"울산광역시 남구 돋질로302번길 35, 3, 4층 (삼산동)",052-268-1205,,2013-03-04,1,1,0,0,0,0,0,0,0,0,0,0,0,0,129.337516,35.5409284
JDQ4MTYyMiM4MSMkMSMkNCMkNzIkMzgxOTYxIzMxIyQxIyQzIyQ3OSQ0NjE0ODEjNTEjJDEjJDYjJDgz,엘에이라임치과의원,51,치과의원,260000,울산,260002,울산동구,일산동,44068,"울산광역시 동구 방어진순환도로 633, 세인트에스타워 3층 (일산동)",052-234-2876,,2008-05-27,1,0,0,0,0,1,0,0,0,0,0,0,0,0,129.4277124,35.4983674
JDQ4MTYyMiM4MSMkMiMkNCMkMDAkNDgxOTYxIzIxIyQxIyQ5IyQ4MiQyNjEwMDIjNjEjJDEjJDgjJDgz,연세 제이원의원,31,의원,260000,울산,260100,울산울주군,언양읍,44940,"울산광역시 울주군 언양읍 반구대로 820, 4층",052-264-1256,,2024-08-19,1,1,0,0,0,0,0,0,0,0,0,0,0,0,129.1276603,35.5630407
JDQ4MTYyMiM4MSMkMiMkNCMkMDAkMzgxNzAyIzExIyQxIyQ3IyQ4OSQzNjE4MzIjODEjJDEjJDYjJDgz,연세내과의원,31,의원,260000,울산,260002,울산동구,화정동,44074,"울산광역시 동구 대학길 74, (화정동)",052-235-7515,,2002-12-21,1,0,0,0,1,0,0,0,0,0,0,0,0,0,129.4217317,35.4984226
JDQ4MTYyMiM4MSMkMiMkNCMkMDAkMzgxMTkxIzIxIyQxIyQ5IyQ2MiQzNjEwMDIjODEjJDEjJDIjJDgz,연세리더스의원,31,의원,260000,울산,260001,울산남구,달동,44707,"울산광역시 남구 삼산중로 65, 3층 (달동)",052-273-7511,http://www.ysdoc.com,1999-07-12,1,0,0,0,1,0,0,0,0,0,0,0,0,0,129.3351135,35.5393185
JDQ4MTYyMiM4MSMkMiMkNCMkMDAkNDgxMzUxIzQxIyQxIyQ3IyQ4MiQzNjE0ODEjNjEjJDEjJDAjJDgz,연세리버내과의원,31,의원,260000,울산,260003,울산중구,옥교동,44531,"울산광역시 중구 시계탑거리 39, 지하1,지상2~3층 (옥교동)",052-211-7575,,2015-07-08,2,1,0,0,1,0,0,0,0,0,0,0,0,0,129.321939,35.5534912
JDQ4MTYyMiM4MSMkMiMkNCMkMDAkNDgxOTYxIzIxIyQyIyQ1IyQwMCQyNjEyMjIjNjEjJDEjJDgjJDgz,연세에스정형외과의원,31,의원,260000,울산,260001,울산남구,신정동,44730,"울산광역시 남구 삼산로 48, 효천빌딩 4,5층 (신정동)",052-939-0001,,2021-09-24,1,0,0,0,1,0,0,0,0,0,0,0,0,0,129.3130006,35.5333972
JDQ4MTYyMiM4MSMkMiMkNCMkMDAkMzgxNzAyIzUxIyQxIyQxIyQxMyQzNjEyMjIjNTEjJDEjJDYjJDgz,연세엘레핀의원,31,의원,260000,울산,260001,울산남구,달동,44707,"울산광역시 남구 삼산중로 69, 6층 (달동)",052-267-7004,http://www.usellechou.co.kr,2007-11-12,1,0,0,0,1,0,0,0,0,0,0,0,0,0,129.3351478,35.5397257
JDQ4MTYyMiM4MSMkMiMkNCMkMDAkMzgxMTkxIzExIyQxIyQ3IyQ3MiQyNjEwMDIjNTEjJDEjJDYjJDgz,연세의원,31,의원,260000,울산,260001,울산남구,야음동,44733,"울산광역시 남구 대암로 69, 3층 (야음동, 신정현대프라자)",052-258-5246,,2001-01-18,1,0,0,0,1,0,0,0,0,0,0,0,0,0,129.3238029,35.530811
JDQ4MTYyMiM4MSMkMSMkNCMkNzIkMzgxMzUxIzMxIyQxIyQzIyQ3MiQyNjEwMDIjNzEjJDEjJDgjJDgz,연세치과의원,51,치과의원,260000,울산,260002,울산동구,동부동,44007,"울산광역시 동구 동해안로 32, (동부동)",052-235-0600,,1992-04-23,1,0,0,0,0,1,0,0,0,0,0,0,0,0,129.4269327,35.5419136
JDQ4MTYyMiM4MSMkMSMkNCMkNzIkMzgxOTYxIzUxIyQxIyQxIyQ4OSQzNjEwMDIjNjEjJDEjJDQjJDgz,연세크리스탈치과의원,51,치과의원,260000,울산,260002,울산동구,일산동,44067,"울산광역시 동구 방어진순환도로 645, 3,4층 (일산동)",052-710-3100,,2013-05-16,2,0,0,0,0,1,0,0,1,0,0,0,0,0,129.4281043,35.4994135
JDQ4MTYyMiM4MSMkMiMkNCMkMDAkNDgxOTYxIzExIyQyIyQzIyQwMCQyNjE4MzIjNjEjJDEjJDQjJDgz,연세피움의원,31,의원,260000,울산,260004,울산북구,매곡동,44223,"울산광역시 북구 매산로 15, 4층 (매곡동)",052-281-0707,,2018-02-14,1,0,0,0,1,0,0,0,0,0,0,0,0,0,129.3571198,35.6417384
JDQ4MTYyMiM4MSMkMiMkNCMkMDAkNDgxOTYxIzIxIyQxIyQ1IyQ3MiQ0NjEwMDIjODEjJDEjJDIjJDgz,연세힘찬마디의원,31,의원,260000,울산,260003,울산중구,태화동,44452,"울산광역시 중구 명륜로 41, 4층 (태화동)",052-288-7575,,2022-02-18,1,0,0,0,1,0,0,0,0,0,0,0,0,0,129.309225,35.5560188
JDQ4MTYyMiM4MSMkMSMkNCMkMTMkNDgxMzUxIzExIyQxIyQ3IyQwMyQ0NjE0ODEjNDEjJDEjJDgjJDgz,연재한의원,93,한의원,260000,울산,260003,울산중구,약사동,44479,"울산광역시 중구 번영로 487, 대호빌딩 2층 F호 (약사동)",052-292-1079,,2006-01-27,1,0,0,0,0,0,0,0,0,1,0,0,0,0,129.3366792,35.5650568
JDQ4MTYyMiM4MSMkMSMkNCMkNzIkMzgxMzUxIzUxIyQxIyQxIyQ3MiQ0NjE0ODEjNTEjJDEjJDYjJDgz,연합치과의원,51,치과의원,260000,울산,260003,울산중구,반구동,44515,"울산광역시 중구 염포로 17, (반구동)",052-292-8297,,1996-10-24,1,0,0,0,0,1,0,0,0,0,0,0,0,0,129.343406,35.5594516
JDQ4MTYyMiM4MSMkMiMkNCMkMDAkNDgxMzUxIzMxIyQxIyQ3IyQ5MiQzNjE0ODEjNjEjJDEjJDQjJDgz,연희가정의학과의원,31,의원,260000,울산,260004,울산북구,천곡동,44205,"울산광역시 북구 천곡남로 33, 203호 204호 (천곡동, 삼성코아루상가)",052-295-0800,,2014-08-18,1,0,0,0,1,0,0,0,0,0,0,0,0,0,129.3348221,35.6306608
JDQ4MTYyMiM4MSMkMSMkNCMkNzIkMzgxMTkxIzIxIyQxIyQxIyQ4MiQzNjEyMjIjNzEjJDEjJDgjJDgz,열린스타치과의원,51,치과의원,260000,울산,260100,울산울주군,온양읍,44974,"울산광역시 울주군 온양읍 남창2길 34, 5층",052-239-7575,,2016-05-11,2,0,0,0,0,0,0,0,2,0,0,0,0,0,129.2825959,35.4172458
JDQ4MTYyMiM4MSMkMiMkNCMkMDAkMzgxNzAyIzExIyQxIyQ3IyQ5MiQyNjE0ODEjNjEjJDEjJDQjJDgz,열린이비인후과의원,31,의원,260000,울산,260004,울산북구,신천동,44224,"울산광역시 북구 호계로 322, 농소금강산약국 (신천동)",052-291-2975,,2003-03-24,1,0,0,0,1,0,0,0,0,0,0,0,0,0,129.350974,35.6318837
JDQ4MTYyMiM4MSMkMiMkNCMkMDAkNDgxOTYxIzExIyQxIyQ3IyQxMyQ0NjEwMDIjNjEjJDEjJDAjJDgz,열린정형외과의원,31,의원,260000,울산,260100,울산울주군,범서읍,44933,"울산광역시 울주군 범서읍 굴화2길 2, 4~5층",052-222-8275,,2020-02-03,1,0,0,0,1,0,0,0,0,0,0,0,0,0,129.2620821,35.556167
JDQ4MTYyMiM4MSMkMiMkNCMkMDAkMzgxOTYxIzUxIyQxIyQ1IyQwMyQzNjE4MzIjNDEjJDEjJDQjJDgz,영남의원,31,의원,260000,울산,260001,울산남구,무거동,44617,"울산광역시 남구 대학로33번길 17, (무거동)",052-277-5074,,1997-02-17,1,1,0,0,0,0,0,0,0,0,0,0,0,0,129.2544214,35.5397003
JDQ4MTYyMiM4MSMkMiMkNCMkMDAkNDgxMzUxIzIxIyQyIyQ1IyQwMCQyNjEyMjIjNDEjJDEjJDgjJDgz,영남이비인후과의원,31,의원,260000,울산,260004,울산북구,천곡동,44202,"울산광역시 북구 가재길 87, 3층 (천곡동)",052-286-8277,,2011-04-27,1,0,0,0,1,0,0,0,0,0,0,0,0,0,129.3322994,35.6342325
JDQ4MTYyMiM4MSMkMSMkNCMkMTMkNDgxMzUxIzMxIyQxIyQzIyQ3OSQzNjE4MzIjNDEjJDEjJDQjJDgz,영제한의원,93,한의원,260000,울산,260003,울산중구,태화동,44452,"울산광역시 중구 화진길 13-2, 2층 (태화동, 리버스위트상가)",052-245-7510,http://www.yjhani.co.kr,2010-06-23,1,0,0,0,0,0,0,0,0,1,0,0,0,0,129.308625,35.5549833
JDQ4MTYyMiM4MSMkMiMkNCMkMDAkNDgxOTYxIzMxIyQxIyQzIyQ5OSQ0NjEwMDIjODEjJDEjJDYjJDgz,영진내과의원,31,의원,260000,울산,260003,울산중구,태화동,44452,"울산광역시 중구 화진길 26, 1층 (태화동)",052-707-7587,,2024-03-26,1,0,0,0,1,0,0,0,0,0,0,0,0,0,129.3076644,35.5541545
JDQ4MTYyMiM4MSMkMSMkNCMkMTMkMzgxNzAyIzIxIyQxIyQ5IyQ2MiQzNjEwMDIjNDEjJDEjJDgjJDgz,영천한의원,93,한의원,260000,울산,260003,울산중구,다운동,44406,"울산광역시 중구 다운로 122, 2층 (다운동)",052-224-0800,,2015-08-24,1,0,0,0,0,0,0,0,0,1,0,0,0,0,129.266703,35.563702
JDQ4MTYyMiM4MSMkMSMkNCMkNzIkMzgxOTYxIzUxIyQyIyQ1IyQwMCQzNjEyMjIjNjEjJDEjJDAjJDgz,영치과의원,51,치과의원,260000,울산,260001,울산남구,야음동,44750,"울산광역시 남구 수암로 132, 6층 (야음동)",052-716-2776,,2015-06-17,1,0,0,0,0,1,0,0,0,0,0,0,0,0,129.3214794,35.5274447
JDQ4MTYyMiM4MSMkMSMkNCMkMTMkMzgxNzAyIzUxIyQxIyQxIyQ4MiQyNjEwMDIjODEjJDEjJDIjJDgz,예당한의원,93,한의원,260000,울산,260001,울산남구,달동,44725,"울산광역시 남구 신정로 26, (달동)",052-273-7773,,2002-11-19,1,0,0,0,0,0,0,0,0,1,0,0,0,0,129.32272,35.5341999
JDQ4MTYyMiM4MSMkMiMkNCMkMDAkNDgxOTYxIzMxIyQxIyQzIyQ3OSQ0NjE0ODEjNjEjJDEjJDgjJDgz,예쁨주의쁨의원,31,의원,260000,울산,260001,울산남구,달동,44718,"울산광역시 남구 삼산로 258, 지하1층, 2층 (달동)",052-257-9888,,2023-12-22,3,2,0,0,1,0,0,0,0,0,0,0,0,0,129.3352197,35.5385026
JDQ4MTYyMiM4MSMkMiMkNCMkMDAkNDgxOTYxIzIxIyQxIyQxIyQ5MiQyNjEyMjIjODEjJDEjJDYjJDgz,예스리더스의원,31,의원,260000,울산,260001,울산남구,달동,44707,"울산광역시 남구 삼산중로 65, 2층 (달동)",052-256-1800,,2020-12-28,1,0,0,0,1,0,0,0,0,0,0,0,0,0,129.3351135,35.5393185
JDQ4MTYyMiM4MSMkMiMkNCMkMDAkMzgxMTkxIzExIyQxIyQzIyQxMyQ0NjEwMDIjNDEjJDEjJDgjJDgz,예스정형외과의원,31,의원,260000,울산,260004,울산북구,호계동,44228,"울산광역시 북구 호계로 241, (호계동)",052-286-5800,,2003-09-16,1,0,0,0,1,0,0,0,0,0,0,0,0,0,129.3531903,35.62524
JDQ4MTYyMiM4MSMkMSMkNCMkNzIkMzgxMzUxIzIxIyQxIyQ1IyQwMyQzNjEyMjIjNzEjJDEjJDgjJDgz,예일치과의원,51,치과의원,260000,울산,260001,울산남구,달동,44726,"울산광역시 남구 번영로 113, (달동)",052-274-6740,,1995-12-11,1,0,0,0,0,1,0,0,0,0,0,0,0,0,129.3284407,35.535422
JDQ4MTYyMiM4MSMkMiMkNCMkMDAkNDgxOTYxIzIxIyQxIyQ5IyQxMyQyNjEyMjIjNjEjJDEjJDgjJDgz,오늘정신건강의학과의원,31,의원,260000,울산,260001,울산남구,삼산동,44705,"울산광역시 남구 삼산로 281, 8층 (삼산동)",052-269-5579,,2023-10-06,2,0,0,0,2,0,0,0,0,0,0,0,0,0,129.3376525,35.5396876
JDQ4MTYyMiM4MSMkMiMkNCMkMDAkNDgxOTYxIzIxIyQxIyQ1IyQwMyQyNjEwMDIjNjEjJDEjJDAjJDgz,오드리의원,31,의원,260000,울산,260001,울산남구,삼산동,44705,"울산광역시 남구 삼산로 281, 7층 (삼산동, 정앤정클리닉빌딩)",052-933-7227,,2014-06-10,1,1,0,0,0,0,0,0,0,0,0,0,0,0,129.3376525,35.5396876
JDQ4MTYyMiM4MSMkMSMkNCMkNzIkMzgxMzUxIzMxIyQxIyQzIyQ3OSQyNjEyMjIjODEjJDEjJDYjJDgz,오렌지치과의원,51,치과의원,260000,울산,260001,울산남구,신정동,44687,"울산광역시 남구 돋질로 159, (신정동)",052-271-8811,http://blog.naver.com/parksang8811,2002-03-19,1,0,0,0,0,1,0,0,0,0,0,0,0,0,129.3227947,35.5409706
JDQ4MTYyMiM4MSMkMSMkNCMkNzIkMzgxMzUxIzQxIyQxIyQ3IyQ4OSQyNjEwMDIjNDEjJDEjJDgjJDgz,오복치과의원,51,치과의원,260000,울산,260100,울산울주군,언양읍,44940,"울산광역시 울주군 언양읍 반구대로 820, 3층",052-254-2875,,1994-09-08,1,0,0,0,0,1,0,0,0,0,0,0,0,0,129.1276603,35.5630407
JDQ4MTYyMiM4MSMkMSMkNCMkMTMkNDgxOTYxIzExIyQxIyQ3IyQ3MiQzNjE0ODEjNDEjJDEjJDgjJDgz,오복한의원,93,한의원,260000,울산,260001,울산남구,달동,44707,"울산광역시 남구 삼산중로 67, 4층 (달동)",269-5505,,2012-04-16,1,0,0,0,0,0,0,0,0,0,0,0,1,0,129.3350949,35.5395426
JDQ4MTYyMiM4MSMkMSMkNCMkMTMkMzgxNzAyIzIxIyQxIyQxIyQxMyQyNjEyMjIjNDEjJDEjJDQjJDgz,오상한의원,93,한의원,260000,울산,260001,울산남구,옥동,44648,"울산광역시 남구 문수로 367, (옥동)",052-267-3393,,1990-06-11,1,0,0,0,0,0,0,0,0,1,0,0,0,0,129.2937477,35.5347846
JDQ4MTYyMiM4MSMkMSMkNCMkMTMkNDgxOTYxIzExIyQxIyQzIyQ4MiQ0NjEwMDIjNTEjJDEjJDYjJDgz,오순도순부부한의원,93,한의원,260000,울산,260002,울산동구,전하동,44043,"울산광역시 동구 진성14길 122, (전하동)",052-233-5575,,2013-07-10,1,0,0,0,0,0,0,0,0,0,0,0,1,0,129.4262799,35.5111341
JDQ4MTYyMiM4MSMkMiMkNCMkMDAkNDgxMzUxIzExIyQxIyQzIyQ5MiQyNjEwMDIjNTEjJDEjJDIjJDgz,오즈소아청소년과의원,31,의원,260000,울산,260001,울산남구,삼산동,44719,"울산광역시 남구 삼산로278번길 8, 5층 (삼산동)",052-271-1400,,2013-10-15,1,0,0,0,1,0,0,0,0,0,0,0,0,0,129.3372881,35.5384818
JDQ4MTYyMiM4MSMkMiMkNCMkMDAkNDgxMzUxIzMxIyQyIyQzIyQwMCQzNjE0ODEjNDEjJDEjJDQjJDgz,오케이마취통증의학과의원,31,의원,260000,울산,260001,울산남구,야음동,44752,"울산광역시 남구 수암로 230, 401호 (야음동)",052-256-0200,,2013-03-19,1,0,0,0,1,0,0,0,0,0,0,0,0,0,129.3308903,35.5246861
JDQ4MTYyMiM4MSMkMiMkNCMkMDAkMzgxNzAyIzQxIyQxIyQ3IyQ5MiQzNjE0ODEjNjEjJDEjJDgjJDgz,오케이비뇨기과의원,31,의원,260000,울산,260004,울산북구,상안동,44209,"울산광역시 북구 신답로 48, 312호 (상안동, 프리지아)",052-281-1888,,2006-12-11,1,0,0,0,1,0,0,0,0,0,0,0,0,0,129.3432026,35.6290844
JDQ4MTYyMiM4MSMkMiMkNCMkMDAkMzgxOTYxIzUxIyQxIyQ1IyQwMyQ0NjEwMDIjNjEjJDEjJDgjJDgz,오형덕이비인후과의원,31,의원,260000,울산,260100,울산울주군,언양읍,44941,"울산광역시 울주군 언양읍 동문길 65, 2층",052-262-1716,,1997-02-28,1,0,0,0,1,0,0,0,0,0,0,0,0,0,129.1250377,35.5654061
JDQ4MTYyMiM4MSMkMSMkNCMkNzIkMzgxOTYxIzMxIyQxIyQ3IyQ3OSQ0NjE0ODEjNDEjJDEjJDQjJDgz,옥동노블치과의원,51,치과의원,260000,울산,260001,울산남구,옥동,44662,"울산광역시 남구 문수로 338, 5층 (옥동)",052-266-2879,http://ulsannoble.com/,2008-01-04,0,0,0,0,0,0,0,0,0,0,0,0,0,0,129.2903556,35.534784
JDQ4MTYyMiM4MSMkMiMkNCMkMDAkMzgxNzAyIzIxIyQxIyQ1IyQ4MiQzNjEwMDIjNDEjJDEjJDgjJDgz,옥동우리이비인후과의원,31,의원,260000,울산,260001,울산남구,옥동,44662,"울산광역시 남구 문수로 376, 3층 (옥동)",052-258-7588,,2004-06-09,1,0,0,0,1,0,0,0,0,0,0,0,0,0,129.2943383,35.5341647
JDQ4MTYyMiM4MSMkMiMkNCMkMDAkNDgxMzUxIzIxIyQxIyQxIyQ3OSQzNjE4MzIjNTEjJDEjJDYjJDgz,옥동정형외과의원,31,의원,260000,울산,260001,울산남구,옥동,44645,"울산광역시 남구 문수로 333, (옥동)",052-261-0303,,2010-03-11,0,0,0,0,0,0,0,0,0,0,0,0,0,0,129.2899567,35.5354067
JDQ4MTYyMiM4MSMkMSMkNCMkMTMkNDgxMzUxIzIxIyQxIyQ5IyQ3MiQyNjE0ODEjNTEjJDEjJDIjJDgz,옥천당한의원,93,한의원,260000,울산,260100,울산울주군,상북면,44900,"울산광역시 울주군 상북면 소호로 95, (상북면)",052-264-1075,,2009-06-30,1,0,0,0,0,0,0,0,0,1,0,0,0,0,129.0729482,35.659399
JDQ4MTYyMiM4MSMkMiMkNCMkMDAkNDgxOTYxIzMxIyQxIyQzIyQ2MiQyNjEwMDIjODEjJDEjJDIjJDgz,온마디신경외과의원,31,의원,260000,울산,260003,울산중구,약사동,44479,"울산광역시 중구 번영로 485, 울산사랑빌딩 5층 (약사동)",052-700-1275,http://onmadins.com,2024-05-28,1,0,0,0,1,0,0,0,0,0,0,0,0,0,129.3362675,35.5648131
JDQ4MTYyMiM4MSMkMiMkNCMkMDAkMzgxNzAyIzMxIyQyIyQzIyQwMCQyNjE4MzIjNjEjJDEjJDgjJDgz,온산성모안과의원,31,의원,260000,울산,260100,울산울주군,온산읍,45006,"울산광역시 울주군 온산읍 덕남로 15, (온산읍)",052-238-0775,,2005-05-10,1,0,0,0,1,0,0,0,0,0,0,0,0,0,129.3113483,35.4330011
JDQ4MTYyMiM4MSMkMiMkNCMkMDAkMzgxOTYxIzMxIyQxIyQzIyQ4OSQzNjEwMDIjNzEjJDEjJDgjJDgz,온산의원,31,의원,260000,울산,260100,울산울주군,온산읍,45005,"울산광역시 울주군 온산읍 덕신로 258, (온산읍)",052-237-5480,,1993-01-27,1,0,0,0,1,0,0,0,0,0,0,0,0,0,129.30967,35.4334289
JDQ4MTYyMiM4MSMkMiMkNCMkMDAkNDgxOTYxIzExIyQxIyQ3IyQ4OSQzNjE4MzIjNDEjJDEjJDQjJDgz,온산정형외과의원,31,의원,260000,울산,260100,울산울주군,온산읍,45001,"울산광역시 울주군 온산읍 덕신로 279, 수산업협동조합(온산점) 3,4층",052-707-9111,,2019-02-11,1,0,0,0,1,0,0,0,0,0,0,0,0,0,129.3119158,35.4341906
JDQ4MTYyMiM4MSMkMSMkNCMkMTMkNDgxMzUxIzIxIyQxIyQ1IyQ4MiQzNjE0ODEjNjEjJDEjJDgjJDgz,온산한의원,93,한의원,260000,울산,260100,울산울주군,온산읍,45001,"울산광역시 울주군 온산읍 덕신로 283, (온산읍)",052-238-7582,,2006-11-10,1,0,0,0,0,0,0,0,0,1,0,0,0,0,129.3124807,35.4342637
JDQ4MTYyMiM4MSMkMiMkNCMkMDAkNDgxOTYxIzExIyQxIyQzIyQ5MiQzNjEyMjIjODEjJDEjJDYjJDgz,온산행복이비인후과의원,31,의원,260000,울산,260100,울산울주군,온산읍,45005,"울산광역시 울주군 온산읍 덕신로 262, 2층",052-933-5575,,2018-08-28,1,0,0,0,1,0,0,0,0,0,0,0,0,0,129.3100672,35.4334932
JDQ4MTYyMiM4MSMkMiMkNCMkMDAkNDgxMzUxIzUxIyQxIyQ1IyQxMyQyNjE0ODEjNjEjJDEjJDgjJDgz,온양밝은안과의원,31,의원,260000,울산,260100,울산울주군,온양읍,44974,"울산광역시 울주군 온양읍 남창1길 50, 3층",052-707-7582,,2017-07-10,1,0,0,0,1,0,0,0,0,0,0,0,0,0,129.2809662,35.4168899
JDQ4MTYyMiM4MSMkMiMkNCMkMDAkNDgxMzUxIzIxIyQxIyQ5IyQ3OSQzNjE0ODEjNDEjJDEjJDgjJDgz,온양센텀소아청소년과의원,31,의원,260000,울산,260100,울산울주군,온양읍,44978,"울산광역시 울주군 온양읍 온양로 105, 4~5층",052-707-0555,http://www.babydinosaur.co.kr,2018-03-08,1,0,0,0,1,0,0,0,0,0,0,0,0,0,129.2834115,35.4103077
JDQ4MTYyMiM4MSMkMSMkNCMkMTMkNDgxOTYxIzIxIyQxIyQxIyQ5OSQ0NjE0ODEjODEjJDEjJDYjJDgz,온양신세계한의원,93,한의원,260000,울산,260100,울산울주군,온양읍,44973,"울산광역시 울주군 온양읍 대운길 27, 2층",052-716-1082,,2026-01-19,2,0,0,0,0,0,0,0,0,2,0,0,0,0,129.2806948,35.4129353
JDQ4MTYyMiM4MSMkMiMkNCMkMDAkMzgxMTkxIzMxIyQxIyQ3IyQ4MiQzNjE4MzIjNDEjJDEjJDgjJDgz,온양의원,31,의원,260000,울산,260100,울산울주군,온양읍,44973,"울산광역시 울주군 온양읍 남창강변로 36, (온양읍)",052-238-3626,,2000-12-01,1,0,0,0,1,0,0,0,0,0,0,0,0,0,129.2803373,35.4158718
JDQ4MTYyMiM4MSMkMSMkNCMkNzIkMzgxMzUxIzUxIyQxIyQxIyQ3OSQ0NjE0ODEjNzEjJDEjJDgjJDgz,온양치과의원,51,치과의원,260000,울산,260100,울산울주군,온양읍,44977,"울산광역시 울주군 온양읍 온양로 153, 4층 401호",052-237-2875,,1996-04-10,1,0,0,0,0,1,0,0,0,0,0,0,0,0,129.2883607,35.408862
JDQ4MTYyMiM4MSMkMSMkNCMkNzIkMzgxOTYxIzMxIyQxIyQzIyQwMyQyNjEyMjIjNTEjJDEjJDIjJDgz,온양하나치과의원,51,치과의원,260000,울산,260100,울산울주군,온양읍,44979,"울산광역시 울주군 온양읍 온양로 98, (온양읍)",052-237-2808,,2009-07-21,1,0,0,0,0,1,0,0,0,0,0,0,0,0,129.2822118,35.4101096
JDQ4MTYyMiM4MSMkMiMkNCMkMDAkMzgxOTYxIzUxIyQxIyQxIyQxMyQyNjEyMjIjNDEjJDEjJDQjJDgz,온이비인후과의원,31,의원,260000,울산,260001,울산남구,달동,44707,"울산광역시 남구 삼산중로 71, 2층 (달동)",052-275-0515,,1996-03-06,1,0,0,0,1,0,0,0,0,0,0,0,0,0,129.3351192,35.5399079
JDQ4MTYyMiM4MSMkMSMkNCMkMTMkNDgxOTYxIzExIyQxIyQ3IyQxMyQyNjEyMjIjNjEjJDEjJDAjJDgz,올리비안한의원,93,한의원,260000,울산,260001,울산남구,신정동,44667,"울산광역시 남구 문수로 482, 3층 307호 (신정동, 대공원 코아루 파크베르)",052-700-5299,,2024-11-26,1,0,0,0,0,0,0,0,0,1,0,0,0,0,129.3060423,35.5319728
JDQ4MTYyMiM4MSMkMSMkNCMkNzIkMzgxMzUxIzIxIyQxIyQ1IyQxMyQzNjE0ODEjODEjJDEjJDIjJDgz,올바른치과의원,51,치과의원,260000,울산,260001,울산남구,삼산동,44705,"울산광역시 남구 삼산중로74번길 7, 3,4층 (삼산동)",052-269-3399,,1990-05-09,1,0,0,0,0,1,0,0,0,0,0,0,0,0,129.3362222,35.5404113
JDQ4MTYyMiM4MSMkMSMkNCMkMTMkNDgxOTYxIzExIyQxIyQ3IyQ3OSQ0NjE0ODEjODEjJDEjJDIjJDgz,올바른한의원,93,한의원,260000,울산,260001,울산남구,신정동,44749,"울산광역시 남구 수암로 118-3, 3층 (신정동)",052-274-2233,,2021-09-13,1,0,0,0,0,0,0,0,0,1,0,0,0,0,129.3199449,35.5280615
JDQ4MTYyMiM4MSMkMSMkNCMkMTMkMzgxNzAyIzIxIyQxIyQ5IyQ4OSQyNjEwMDIjNjEjJDEjJDgjJDgz,왕석한의원,93,한의원,260000,울산,260003,울산중구,태화동,44456,"울산광역시 중구 태화로 188, 2층 (태화동)",052-245-9602,,2018-11-16,1,0,0,0,0,0,0,0,0,1,0,0,0,0,129.296317,35.55182
JDQ4MTYyMiM4MSMkMSMkNCMkOTIkMzgxNzAyIzExIyQxIyQzIyQ4OSQzNjEwMDIjNjEjJDEjJDAjJDgz,외광보건진료소,73,보건진료소,260000,울산,260100,울산울주군,온양읍,44971,"울산광역시 울주군 온양읍 광청로 440, (외광보건진료소)",052-238-6670,,1997-07-15,0,0,0,0,0,0,0,0,0,0,0,0,0,0,129.242717,35.4368348
JDQ4MTYyMiM4MSMkMSMkNCMkMTMkMzgxNzAyIzMxIyQxIyQ3IyQ2MiQyNjE4MzIjNzEjJDEjJDgjJDgz,용담한의원,93,한의원,260000,울산,260100,울산울주군,언양읍,44940,"울산광역시 울주군 언양읍 반구대로 830, (언양읍)",052-264-9500,,1997-04-28,1,0,0,0,0,0,0,0,0,1,0,0,0,0,129.1278461,35.5640623
JDQ4MTYyMiM4MSMkMSMkNCMkNzIkMzgxMTkxIzIxIyQxIyQ1IyQ5OSQzNjE0ODEjODEjJDEjJDIjJDgz,우가주치과의원,51,치과의원,260000,울산,260001,울산남구,달동,44695,"울산광역시 남구 삼산로 175, 4,5,6,7층 (달동)",052-265-7548,,2019-10-17,1,0,0,0,0,1,0,0,0,0,0,0,0,0,129.3263363,35.5374726
JDQ4MTYyMiM4MSMkMiMkNCMkMDAkMzgxNzAyIzMxIyQxIyQzIyQ2MiQyNjEyMjIjNjEjJDEjJDQjJDgz,우광훈내과의원,31,의원,260000,울산,260001,울산남구,삼산동,44719,"울산광역시 남구 삼산로 260, (삼산동)",052-268-2090,,2005-05-19,1,0,0,0,1,0,0,0,0,0,0,0,0,0,129.3356602,35.5386785
JDQ4MTYyMiM4MSMkMiMkNCMkMDAkMzgxNzAyIzExIyQxIyQzIyQ5MiQzNjEwMDIjNDEjJDEjJDQjJDgz,우리가정의학과의원,31,의원,260000,울산,260004,울산북구,화봉동,44241,"울산광역시 북구 화봉로 75, (화봉동)",052-289-2075,,2003-05-30,1,0,0,0,1,0,0,0,0,0,0,0,0,0,129.3673296,35.5886182
JDQ4MTYyMiM4MSMkMiMkNCMkMDAkMzgxMTkxIzExIyQxIyQzIyQ5MiQzNjE4MzIjNDEjJDEjJDgjJDgz,우리내과의원,31,의원,260000,울산,260002,울산동구,전하동,44047,"울산광역시 동구 방어진순환도로 747, 2층 (전하동)",052-234-3864,,1997-10-07,2,0,0,0,2,0,0,0,0,0,0,0,0,0,129.4298765,35.5084413
JDQ4MTYyMiM4MSMkMiMkNCMkMDAkMzgxMTkxIzUxIyQxIyQxIyQ4MiQzNjE4MzIjNjEjJDEjJDAjJDgz,우리들마취통증의학과의원,31,의원,260000,울산,260002,울산동구,일산동,44067,"울산광역시 동구 방어진순환도로 651, 401호 (일산동, 세움베스트)",052-201-9595,,2001-10-04,1,0,0,0,1,0,0,0,0,0,0,0,0,0,129.4282112,35.5000159
JDQ4MTYyMiM4MSMkMiMkNCMkMDAkMzgxMTkxIzUxIyQxIyQ1IyQ3MiQyNjEwMDIjNjEjJDEjJDAjJDgz,우리들마취통증의학과의원,31,의원,260000,울산,260001,울산남구,삼산동,44705,"울산광역시 남구 삼산로 281, 5층 (삼산동)",052-268-0033,,2002-03-15,1,0,0,0,1,0,0,0,0,0,0,0,0,0,129.3376525,35.5396876
JDQ4MTYyMiM4MSMkMSMkNCMkNzIkMzgxMzUxIzIxIyQxIyQxIyQ3MiQzNjE0ODEjNTEjJDEjJDIjJDgz,우리들치과의원,51,치과의원,260000,울산,260002,울산동구,방어동,44111,"울산광역시 동구 동진로 1, 2층 (방어동)",052-232-6789,,1987-05-09,1,0,0,0,0,1,0,0,0,0,0,0,0,0,129.4256318,35.4870691
JDQ4MTYyMiM4MSMkMSMkNCMkMTMkMzgxNzAyIzIxIyQxIyQxIyQ4MiQyNjE4MzIjNjEjJDEjJDgjJDgz,우리들한의원,93,한의원,260000,울산,260003,울산중구,학산동,44519,"울산광역시 중구 학성로 137, 3층 (학산동)",052-244-1275,,2005-10-10,2,0,0,0,0,0,0,0,0,2,0,0,0,0,129.3260126,35.5563339
JDQ4MTYyMiM4MSMkMSMkNCMkOTkkMzgxMzUxIzMxIyQxIyQzIyQ3OSQ0NjE0ODEjNjEjJDEjJDAjJDgz,우리병원,21,병원,260000,울산,260100,울산울주군,언양읍,44945,"울산광역시 울주군 언양읍 헌양길 175, (언양읍)",052-716-1365,,2016-01-05,1,1,0,0,0,0,0,0,0,0,0,0,0,0,129.1169684,35.567066
JDQ4MTYyMiM4MSMkMiMkNCMkMDAkMzgxNzAyIzExIyQxIyQzIyQ4MiQzNjEyMjIjNDEjJDEjJDgjJDgz,우리안과의원,31,의원,260000,울산,260002,울산동구,화정동,44074,"울산광역시 동구 대학길 76, 2층 (화정동)",052-252-6888,,2002-09-14,1,0,0,0,1,0,0,0,0,0,0,0,0,0,129.421886,35.4984452
JDQ4MTYyMiM4MSMkMiMkNCMkMDAkNDgxOTYxIzIxIyQxIyQ1IyQ5MiQyNjEwMDIjNzEjJDEjJDgjJDgz,우리연합의원,31,의원,260000,울산,260002,울산동구,방어동,44111,"울산광역시 동구 꽃바위로 350, (방어동)",052-251-0829,,2016-08-26,1,0,0,0,1,0,0,0,0,0,0,0,0,0,129.4257284,35.4874521
JDQ4MTYyMiM4MSMkMiMkNCMkMDAkMzgxNzAyIzIxIyQyIyQ1IyQwMCQyNjEyMjIjNjEjJDEjJDQjJDgz,우리이비인후과의원,31,의원,260000,울산,260002,울산동구,화정동,44074,"울산광역시 동구 대학길 40, 2층 (화정동)",052-252-7533,,2004-03-24,1,0,0,0,1,0,0,0,0,0,0,0,0,0,129.4201099,35.4984841
JDQ4MTYyMiM4MSMkMiMkNCMkMDAkMzgxNzAyIzUxIyQxIyQxIyQ5MiQzNjEyMjIjODEjJDEjJDYjJDgz,우리이비인후과의원,31,의원,260000,울산,260001,울산남구,무거동,44611,"울산광역시 남구 대학로 138, 8층 (무거동)",052-249-2600,,2007-09-01,1,0,0,0,1,0,0,0,0,0,0,0,0,0,129.2621294,35.5467773
JDQ4MTYyMiM4MSMkMiMkNCMkMDAkNDgxMzUxIzUxIyQxIyQ1IyQxMyQzNjEwMDIjNzEjJDEjJDgjJDgz,우리이비인후과의원,31,의원,260000,울산,260003,울산중구,우정동,44465,"울산광역시 중구 유곡로 26, 2층 (우정동)",052-248-6565,,2017-07-25,1,0,0,0,1,0,0,0,0,0,0,0,0,0,129.3067707,35.5566666
JDQ4MTYyMiM4MSMkMSMkNCMkNzIkMzgxOTYxIzIxIyQyIyQxIyQwMCQyNjEwMDIjODEjJDEjJDYjJDgz,우리치과의원,51,치과의원,260000,울산,260100,울산울주군,범서읍,44924,"울산광역시 울주군 범서읍 구영로 86, (범서읍)",052-248-5528,,2003-06-09,1,0,0,0,0,0,0,0,1,0,0,0,0,0,129.2410064,35.5748362
JDQ4MTYyMiM4MSMkMSMkNCMkNzIkMzgxMTkxIzIxIyQxIyQxIyQ4OSQyNjEyMjIjODEjJDEjJDIjJDgz,우리홈치과의원,51,치과의원,260000,울산,260001,울산남구,야음동,44749,"울산광역시 남구 수암로128번길 14, 1층 (야음동)",052-988-2875,,2020-12-08,1,0,0,0,0,0,0,0,1,0,0,0,0,0,129.3196643,35.5266975
JDQ4MTYyMiM4MSMkMiMkNCMkMDAkMzgxMTkxIzUxIyQxIyQxIyQ4OSQzNjE0ODEjNTEjJDEjJDYjJDgz,우림연합의원,31,의원,260000,울산,260001,울산남구,무거동,44607,"울산광역시 남구 대학로131번길 4, 울산대 유파티오 131 1~2층 (무거동)",052-264-1500,,2025-01-20,1,0,0,0,1,0,0,0,0,0,0,0,0,0,129.2612571,35.5467798
JDQ4MTYyMiM4MSMkMSMkNCMkMTMkMzgxNzAyIzUxIyQxIyQxIyQ3MiQyNjEwMDIjNDEjJDEjJDgjJDgz,우방한의원,93,한의원,260000,울산,260100,울산울주군,범서읍,44924,"울산광역시 울주군 범서읍 점촌3길 8-2, 3층 302호",052-245-4771,http://www.woobang1075.com/,2008-01-22,1,0,0,0,0,0,0,0,0,1,0,0,0,0,129.2410002,35.5735329
JDQ4MTYyMiM4MSMkMiMkNCMkMDAkNDgxMzUxIzMxIyQxIyQzIyQ3OSQ0NjE0ODEjNDEjJDEjJDgjJDgz,우정성모안과의원,31,의원,260000,울산,260003,울산중구,태화동,44452,"울산광역시 중구 명륜로 17, 5층 (태화동)",052-211-0082,,2011-03-02,1,0,0,0,1,0,0,0,0,0,0,0,0,0,129.3086913,35.5539244
JDQ4MTYyMiM4MSMkMiMkNCMkMDAkNDgxOTYxIzIxIyQxIyQxIyQ2MiQ0NjE0ODEjNjEjJDEjJDgjJDgz,우정정형외과의원,31,의원,260000,울산,260001,울산남구,달동,44726,"울산광역시 남구 삼산로 176, 신한금융투자울산지점 4, 5층 (달동)",052-700-7111,,2020-09-21,1,0,0,0,1,0,0,0,0,0,0,0,0,0,129.326503,35.5368768
JDQ4MTYyMiM4MSMkMSMkNCMkNzIkMzgxOTYxIzMxIyQxIyQzIyQxMyQyNjEwMDIjNDEjJDEjJDgjJDgz,우정치과의원,51,치과의원,260000,울산,260003,울산중구,태화동,44452,"울산광역시 중구 명륜로 17, 5층 (태화동)",052-246-2898,,2009-11-04,1,0,0,0,0,1,0,0,0,0,0,0,0,0,129.3086913,35.5539244
JDQ4MTYyMiM4MSMkMiMkNCMkMDAkMzgxMTkxIzExIyQxIyQzIyQ5OSQyNjE0ODEjNzEjJDEjJDgjJDgz,우정피부과의원,31,의원,260000,울산,260001,울산남구,신정동,44739,"울산광역시 남구 수암로 95, 2층 (신정동)",249-7283,,2010-06-29,1,0,0,0,1,0,0,0,0,0,0,0,0,0,129.3183172,35.5294897
JDQ4MTYyMiM4MSMkMSMkNCMkNzIkMzgxOTYxIzExIyQxIyQzIyQwMyQyNjEwMDIjNTEjJDEjJDIjJDgz,우치과의원,51,치과의원,260000,울산,260100,울산울주군,범서읍,44928,"울산광역시 울주군 범서읍 천상중앙길 84, 2층",052-244-2830,,2000-11-10,1,0,0,0,0,0,0,0,1,0,0,0,0,0,129.2271354,35.5629303
JDQ4MTYyMiM4MSMkMSMkNCMkOTkkMzgxMzUxIzIxIyQxIyQ1IyQ3MiQzNjE0ODEjNjEjJDEjJDQjJDgz,울들병원,21,병원,260000,울산,260001,울산남구,신정동,44690,"울산광역시 남구 중앙로 228, 2~10층 (신정동)",052-706-1111,http://www.bestweare.com,2008-07-03,10,0,0,0,10,0,0,0,0,0,0,0,0,0,129.3120313,35.5412877
JDQ4MTYyMiM4MSMkMSMkNCMkNzIkMzgxOTYxIzUxIyQxIyQ1IyQxMyQ0NjEwMDIjNTEjJDEjJDIjJDgz,울들치과의원,51,치과의원,260000,울산,260001,울산남구,신정동,44690,"울산광역시 남구 중앙로 228, 1층 (신정동)",052-289-2875,,2016-06-10,2,0,0,0,0,1,0,0,1,0,0,0,0,0,129.3120313,35.5412877
JDQ4MTYyMiM4MSMkMSMkNCMkMTMkNDgxMzUxIzExIyQxIyQ3IyQ2MiQ0NjE0ODEjNDEjJDEjJDgjJDgz,울산 명가삼성한의원,93,한의원,260000,울산,260001,울산남구,삼산동,44719,"울산광역시 남구 삼산로 272, 5층 (삼산동)",052-225-2070,http://www.samsung100.com/,2005-06-08,1,0,0,0,0,0,0,0,0,1,0,0,0,0,129.3368838,35.5388969
JDQ4MTYyMiM4MSMkMSMkNCMkOTkkMzgxMzUxIzMxIyQxIyQ3IyQ4OSQzNjE4MzIjNDEjJDEjJDQjJDgz,울산365재활의학과병원,21,병원,260000,울산,260001,울산남구,신정동,44687,"울산광역시 남구 번영로 195, 2층,3(일부)층 (신정동, 동문아뮤티)",052-700-5200,,2025-03-28,2,0,0,0,2,0,0,0,0,0,0,0,0,0,129.32525,35.5424574
JDQ4MTYyMiM4MSMkMiMkNCMkMDAkNDgxOTYxIzMxIyQxIyQ3IyQwMyQyNjE4MzIjNDEjJDEjJDQjJDgz,울산365정형외과의원,31,의원,260000,울산,260004,울산북구,송정동,44236,"울산광역시 북구 화산로 101, 송정테라스 2층 201~205호 (송정동)",052-707-3777,,2026-01-26,2,0,0,0,2,0,0,0,0,0,0,0,0,0,129.3654708,35.6009922
JDQ4MTYyMiM4MSMkMSMkNCMkNzIkMzgxOTYxIzQxIyQxIyQ3IyQ4MiQyNjEwMDIjNTEjJDEjJDIjJDgz,울산BS치과교정과치과의원,51,치과의원,260000,울산,260001,울산남구,달동,44718,"울산광역시 남구 삼산로 254, 8층 (달동)",265-2885,http://www.usbs.co.kr,2012-06-13,1,0,0,0,0,1,0,0,0,0,0,0,0,0,129.335013,35.5385217
JDQ4MTYyMiM4MSMkMSMkNCMkMTMkMzgxNzAyIzUxIyQxIyQxIyQ3MiQzNjEwMDIjNTEjJDEjJDYjJDgz,울산경희한의원,93,한의원,260000,울산,260001,울산남구,신정동,44650,"울산광역시 남구 거마로 87, (신정동)",052-269-8080,,2001-05-28,1,0,0,0,0,0,0,0,0,1,0,0,0,0,129.2999694,35.5407963
JDQ4MTYyMiM4MSMkMiMkNCMkMDAkNDgxMzUxIzUxIyQxIyQxIyQwMyQyNjE4MzIjNzEjJDEjJDgjJDgz,울산과학기술원 직장부속의원,31,의원,260000,울산,260100,울산울주군,언양읍,44919,"울산광역시 울주군 언양읍 유니스트길 50, 울산과학기술원 대학본부동 B103호, 실내체육관 108호",052-217-4005,,2016-07-04,1,0,0,0,1,0,0,0,0,0,0,0,0,0,129.1892066,35.57491
JDQ4MTYyMiM4MSMkMSMkNCMkOTIkMzgxMzUxIzExIyQxIyQzIyQ5OSQ0NjEwMDIjODEjJDEjJDIjJDgz,울산광역시남구보건소,71,보건소,260000,울산,260001,울산남구,삼산동,44698,"울산광역시 남구 삼산중로 132, (삼산동, 울산남구보건소)",052-226-2805,http://www.namgu.ulsan.kr/bogunso,1988-01-04,3,1,0,0,1,1,0,0,0,0,0,0,0,0,129.3363527,35.5453524
JDQ4MTYyMiM4MSMkMSMkNCMkOTkkNTgxMzUxIzIxIyQxIyQ1IyQ4MiQ0NjEwMDIjNzEjJDEjJDgjJDgz,울산광역시립노인병원,28,요양병원,260000,울산,260100,울산울주군,온양읍,44975,"울산광역시 울주군 온양읍 덕남로 243, (온양읍)",052-231-7900,,2004-05-31,4,0,0,0,2,0,0,0,0,2,0,0,0,0,129.2976058,35.4219901
JDQ4MTYyMiM4MSMkMSMkNCMkOTIkMzgxMzUxIzExIyQyIyQzIyQwMCQzNjEyMjIjNDEjJDEjJDgjJDgz,울산광역시북구보건소,71,보건소,260000,울산,260004,울산북구,연암동,44248,"울산광역시 북구 산업로 1018, (연암동)",052-289-3450,http://healthpia.bukgu.ulsan.kr/,1997-07-15,4,2,0,0,1,0,0,0,0,1,0,0,0,0,129.3607385,35.5835648
JDQ4MTYyMiM4MSMkMSMkNCMkOTIkMzgxMzUxIzExIyQxIyQzIyQ4OSQyNjEyMjIjNTEjJDEjJDYjJDgz,울산광역시중구보건소,71,보건소,260000,울산,260003,울산중구,남외동,44495,"울산광역시 중구 외솔큰길 225, (남외동)",052-290-4300,,1956-06-20,2,1,0,0,1,0,0,0,0,0,0,0,0,0,129.3503812,35.5694504
JDQ4MTYyMiM4MSMkMiMkNCMkMDAkNDgxMzUxIzUxIyQxIyQxIyQ4OSQzNjEyMjIjNDEjJDEjJDgjJDgz,울산구치소 부속의원,31,의원,260000,울산,260100,울산울주군,청량읍,44960,"울산광역시 울주군 청량읍 청량천변로 103-9, 울산구치소",052-228-9793,,2005-09-28,1,0,0,0,1,0,0,0,0,0,0,0,0,0,129.2602164,35.5292798
JDQ4MTYyMiM4MSMkMSMkNCMkOTkkNTgxOTYxIzExIyQxIyQzIyQ3OSQzNjE0ODEjODEjJDEjJDYjJDgz,울산기독병원,29,정신병원,260000,울산,260100,울산울주군,두동면,44914,"울산광역시 울주군 두동면 남명리1길 34-49, 울산기독병원",052-263-5111,,2000-11-01,3,0,0,0,3,0,0,0,0,0,0,0,0,0,129.2068875,35.7123596
JDQ4MTYyMiM4MSMkMiMkNCMkMDAkMzgxOTYxIzUxIyQxIyQ1IyQwMyQzNjEwMDIjNTEjJDEjJDYjJDgz,울산내과의원,31,의원,260000,울산,260001,울산남구,신정동,44676,"울산광역시 남구 중앙로 173, 5,6층 (신정동)",052-227-7520,,2015-07-01,1,0,0,0,1,0,0,0,0,0,0,0,0,0,129.3132068,35.5364378
JDQ4MTYyMiM4MSMkMSMkNCMkOTIkMzgxMzUxIzExIyQyIyQzIyQwMCQyNjE0ODEjNDEjJDEjJDgjJDgz,울산동구보건소,71,보건소,260000,울산,260002,울산동구,화정동,44021,"울산광역시 동구 봉수로 155, 동구청사 (화정동)",052-209-4080,http://www.donggu.ulsan.kr/kor/health/,1998-01-01,2,1,0,0,0,0,0,0,1,0,0,0,0,0,129.416632,35.504844
JDQ4MTYyMiM4MSMkMSMkNCMkOTkkMzgxMzUxIzIxIyQyIyQ5IyQwMCQzNjE0ODEjNzEjJDEjJDgjJDgz,울산미즈병원,21,병원,260000,울산,260001,울산남구,무거동,44628,"울산광역시 남구 남산로 2, (무거동)",052-220-0100,www.ulsanmizhospital.co.kr/,2011-08-01,8,0,0,0,8,0,0,0,0,0,0,0,0,0,129.270908,35.5523152
JDQ4MTYyMiM4MSMkMiMkNCMkMDAkNDgxMzUxIzMxIyQxIyQ3IyQ5OSQyNjE0ODEjNjEjJDEjJDgjJDgz,울산민내과의원,31,의원,260000,울산,260003,울산중구,우정동,44467,"울산광역시 중구 장춘로 1, 3층, 4층 (우정동)",052-242-0004,,2014-02-11,1,0,0,0,1,0,0,0,0,0,0,0,0,0,129.309892,35.5563761
JDQ4MTYyMiM4MSMkMSMkNCMkNzIkMzgxMTkxIzExIyQxIyQ3IyQ4MiQyNjEyMjIjODEjJDEjJDIjJDgz,울산바로치과의원,51,치과의원,260000,울산,260001,울산남구,삼산동,44715,"울산광역시 남구 화합로 152, 3층 (삼산동)",052-998-2885,,2019-09-11,3,0,0,0,0,0,0,0,3,0,0,0,0,0,129.3400914,35.538309
JDQ4MTYyMiM4MSMkMiMkNCMkMDAkNDgxMzUxIzExIyQxIyQ3IyQ4MiQyNjE0ODEjNTEjJDEjJDYjJDgz,울산밝은안과의원,31,의원,260000,울산,260001,울산남구,삼산동,44719,"울산광역시 남구 삼산로 274, 6층 (삼산동)",052-267-2001,http://www.ulsaneye.com/,2009-11-24,1,0,0,0,1,0,0,0,0,0,0,0,0,0,129.3371409,35.5389443
JDQ4MTYyMiM4MSMkMiMkNCMkMDAkNDgxMzUxIzIxIyQyIyQ5IyQwMCQyNjE0ODEjNDEjJDEjJDgjJDgz,울산베스트피부과의원,31,의원,260000,울산,260001,울산남구,무거동,44611,"울산광역시 남구 대학로 138, 2층 (무거동, 신정빌딩)",052-225-1750,,2016-03-11,1,0,0,0,1,0,0,0,0,0,0,0,0,0,129.2621294,35.5467773
JDQ4MTYyMiM4MSMkMSMkNCMkODkkMzgxMzUxIzExIyQyIyQzIyQwMCQyNjEyMjIjNDEjJDEjJDgjJDgz,울산병원,11,종합병원,260000,울산,260001,울산남구,신정동,44686,"울산광역시 남구 월평로171번길 13, (신정동)",052-259-5000,http://www.ush.kr,1995-08-21,54,1,0,0,52,0,0,0,1,0,0,0,0,0,129.3231103,35.5462648
JDQ4MTYyMiM4MSMkMSMkNCMkNzIkMzgxOTYxIzUxIyQxIyQ1IyQxMyQzNjE4MzIjNjEjJDEjJDgjJDgz,울산부부치과의원,51,치과의원,260000,울산,260001,울산남구,야음동,44752,"울산광역시 남구 수암로 220, 4층 (야음동, 명신빌딩)",052-922-2875,,2016-05-12,2,0,0,0,0,0,0,0,2,0,0,0,0,0,129.3302562,35.5252237
JDQ4MTYyMiM4MSMkMSMkNCMkMTMkMzgxNzAyIzIxIyQyIyQ1IyQwMCQ0NjEwMDIjNDEjJDEjJDQjJDgz,울산부부한의원,93,한의원,260000,울산,260001,울산남구,신정동,44748,"울산광역시 남구 수암로 110, 1~3층 (신정동)",052-276-0088,,1992-03-12,3,0,0,0,0,0,0,0,0,3,0,0,0,0,129.3191368,35.5282695
JDQ4MTYyMiM4MSMkMiMkNCMkMDAkMzgxMTkxIzUxIyQyIyQxIyQwMCQzNjEwMDIjNjEjJDEjJDgjJDgz,울산비비성형외과의원,31,의원,260000,울산,260001,울산남구,달동,44718,"울산광역시 남구 삼산로 254, 16층 (달동, S타워)",052-257-5432,,2017-05-01,1,0,0,0,1,0,0,0,0,0,0,0,0,0,129.335013,35.5385217
JDQ4MTYyMiM4MSMkMiMkNCMkMDAkNDgxOTYxIzMxIyQxIyQ3IyQ4OSQyNjEwMDIjNTEjJDEjJDIjJDgz,울산비에스신경외과의원,31,의원,260000,울산,260004,울산북구,매곡동,44223,"울산광역시 북구 괴정1길 110, 3층 (매곡동)",052-977-0100,,2025-03-11,1,0,0,0,1,0,0,0,0,0,0,0,0,0,129.3569754,35.6423201
JDQ4MTYyMiM4MSMkMiMkNCMkMDAkNDgxOTYxIzMxIyQxIyQ3IyQ5OSQzNjE4MzIjODEjJDEjJDYjJDgz,울산쁘띠여기의원,31,의원,260000,울산,260001,울산남구,삼산동,44705,"울산광역시 남구 삼산로 273, 삼산타워 201, 202, 302호 (삼산동)",052-713-7600,,2025-04-23,4,3,0,0,1,0,0,0,0,0,0,0,0,0,129.3367805,35.5395317
JDQ4MTYyMiM4MSMkMiMkNCMkMDAkMzgxOTYxIzIxIyQxIyQ1IyQ4OSQ0NjEwMDIjNzEjJDEjJDgjJDgz,울산선암의원,31,의원,260000,울산,260001,울산남구,선암동,44774,"울산광역시 남구 두왕로64번길 5-14, (선암동)",052-275-6322,http://,2005-05-02,8,0,0,0,8,0,0,0,0,0,0,0,0,0,129.3094714,35.5095251
JDQ4MTYyMiM4MSMkMiMkNCMkMDAkMzgxMTkxIzExIyQxIyQ3IyQwMyQzNjEyMjIjNjEjJDEjJDgjJDgz,울산성모안과의원,31,의원,260000,울산,260001,울산남구,달동,44703,"울산광역시 남구 삼산로 201, 2층 (달동)",052-275-0775,http://www.sungmoeye.co.kr/intro.html,1998-04-21,4,0,0,0,4,0,0,0,0,0,0,0,0,0,129.3291691,35.5380965
JDQ4MTYyMiM4MSMkMSMkNCMkNzIkMzgxOTYxIzExIyQxIyQ3IyQ5MiQyNjE4MzIjODEjJDEjJDIjJDgz,울산수치과의원,51,치과의원,260000,울산,260001,울산남구,신정동,44730,"울산광역시 남구 삼산로 14, 2층 (신정동)",052-256-2879,,2006-01-16,1,0,0,0,0,1,0,0,0,0,0,0,0,0,129.3094846,35.5324815
JDQ4MTYyMiM4MSMkMiMkNCMkMDAkNDgxOTYxIzExIyQxIyQzIyQ3OSQyNjEyMjIjNjEjJDEjJDQjJDgz,울산숲정신건강의학과의원,31,의원,260000,울산,260004,울산북구,호계동,44227,"울산광역시 북구 호계로 292, 3층 302호 (호계동)",052-281-7582,,2017-09-07,1,0,0,0,1,0,0,0,0,0,0,0,0,0,129.3512801,35.6292198
JDQ4MTYyMiM4MSMkMSMkNCMkNzIkMzgxMTkxIzIxIyQxIyQ1IyQ3OSQzNjEwMDIjNDEjJDEjJDgjJDgz,울산스마트치과의원,51,치과의원,260000,울산,260003,울산중구,남외동,44492,"울산광역시 중구 곽남길 6, 2층 (남외동)",052-965-2875,,2023-04-19,2,0,0,0,0,0,0,0,2,0,0,0,0,0,129.343007,35.5690049
JDQ4MTYyMiM4MSMkMSMkNCMkOTkkMzgxMzUxIzIxIyQxIyQ5IyQxMyQzNjEyMjIjNzEjJDEjJDgjJDgz,울산아동병원,21,병원,260000,울산,260004,울산북구,신천동,44224,"울산광역시 북구 호계로 332-1, (신천동)",052-282-7171,,2015-01-01,3,0,0,0,3,0,0,0,0,0,0,0,0,0,129.3499375,35.6328987
JDQ4MTYyMiM4MSMkMiMkNCMkMDAkNDgxOTYxIzIxIyQxIyQ1IyQ4OSQ0NjE0ODEjNDEjJDEjJDgjJDgz,울산아이가정의학과의원,31,의원,260000,울산,260100,울산울주군,범서읍,44932,"울산광역시 울주군 범서읍 장검길 79, 소정빌딩 3층",052-221-0900,,2021-07-30,1,0,0,0,1,0,0,0,0,0,0,0,0,0,129.2515801,35.5522456
JDQ4MTYyMiM4MSMkMSMkNCMkMTMkNDgxMzUxIzIxIyQxIyQ5IyQ5MiQzNjEwMDIjODEjJDEjJDIjJDgz,울산아이누리한의원,93,한의원,260000,울산,260001,울산남구,삼산동,44719,"울산광역시 남구 삼산로 272, 7층 (삼산동, 프리던스빌딩)",052-225-1075,,2013-05-03,1,0,0,0,0,0,0,0,0,1,0,0,0,0,129.3368838,35.5388969
JDQ4MTYyMiM4MSMkMSMkNCMkODkkMzgxMzUxIzExIyQxIyQzIyQ4MiQ0NjEwMDIjNDEjJDEjJDQjJDgz,울산엘리야병원,11,종합병원,260000,울산,260004,울산북구,호계동,44228,"울산광역시 북구 호계로 285, (호계동)",052-290-2100,,2002-09-02,20,0,0,0,20,0,0,0,0,0,0,0,0,0,129.3505372,35.6288626
JDQ4MTYyMiM4MSMkMSMkNCMkOTkkMzgxMzUxIzMxIyQxIyQ3IyQ4OSQ0NjEwMDIjNjEjJDEjJDgjJDgz,울산연세병원,21,병원,260000,울산,260001,울산남구,무거동,44611,"울산광역시 남구 대학로 152, 2~8층, 9층일부, 10층 울산연세병원 (무거동)",1544-5525,https://ulsanyonsei.com,2025-04-29,5,0,0,0,5,0,0,0,0,0,0,0,0,0,129.2628244,35.5479648
JDQ4MTYyMiM4MSMkMiMkNCMkMDAkNDgxMzUxIzMxIyQxIyQ3IyQ3OSQyNjE4MzIjNjEjJDEjJDgjJDgz,울산연합소아청소년과의원,31,의원,260000,울산,260002,울산동구,일산동,44056,"울산광역시 동구 방어진순환도로 652, D동 3층 (일산동, 테라스파크)",052-236-7711,,2011-06-07,2,0,0,0,2,0,0,0,0,0,0,0,0,0,129.4288433,35.4997805
JDQ4MTYyMiM4MSMkMiMkNCMkMDAkMzgxMTkxIzExIyQxIyQ3IyQ2MiQ0NjEwMDIjNDEjJDEjJDgjJDgz,울산연합의원,31,의원,260000,울산,260003,울산중구,남외동,44516,"울산광역시 중구 염포로 19, (남외동)",052-294-9626,http://yeonhap.pe.kr,1998-02-28,1,0,0,0,1,0,0,0,0,0,0,0,0,0,129.3436731,35.5596067
JDQ4MTYyMiM4MSMkMiMkNCMkMDAkMzgxMTkxIzMxIyQxIyQ3IyQ4MiQ0NjE0ODEjNDEjJDEjJDQjJDgz,울산영상의학과의원,31,의원,260000,울산,260001,울산남구,삼산동,44719,"울산광역시 남구 삼산로 266, (삼산동)",052-244-8044,,2005-09-06,1,0,0,0,1,0,0,0,0,0,0,0,0,0,129.3362911,35.5387849
JDQ4MTYyMiM4MSMkMSMkNCMkNzIkMzgxMzUxIzQxIyQxIyQ3IyQ2MiQyNjEyMjIjNDEjJDEjJDgjJDgz,울산예스치과의원,51,치과의원,260000,울산,260001,울산남구,삼산동,44710,"울산광역시 남구 남중로 125, (삼산동)",052-271-4290,,1995-04-28,1,0,0,0,0,1,0,0,0,0,0,0,0,0,129.3481345,35.545709
JDQ4MTYyMiM4MSMkMiMkNCMkMDAkMzgxOTYxIzIxIyQxIyQxIyQ3OSQzNjE0ODEjNTEjJDEjJDIjJDgz,울산의원,31,의원,260000,울산,260001,울산남구,삼산동,44713,"울산광역시 남구 정동로 73, (삼산동)",052-268-1980,,1990-04-23,1,0,0,0,1,0,0,0,0,0,0,0,0,0,129.3437261,35.5404735
JDQ4MTYyMiM4MSMkMSMkNCMkOTkkMzgxMzUxIzMxIyQxIyQ3IyQ3OSQ0NjEwMDIjODEjJDEjJDYjJDgz,울산이손병원,21,병원,260000,울산,260100,울산울주군,삼남읍,44955,"울산광역시 울주군 삼남읍 하방로 43, (지하2층 일부, 지하1층, 지상 1,2층)",055-780-3000,https://www.esonhosp.co.kr/,2024-01-22,5,0,0,0,4,1,0,0,0,0,0,0,0,0,129.0907423,35.5068099
JDQ4MTYyMiM4MSMkMSMkNCMkMTMkMzgxMTkxIzExIyQyIyQzIyQwMCQzNjEwMDIjNTEjJDEjJDIjJDgz,울산자생한방병원,92,한방병원,260000,울산,260001,울산남구,신정동,44676,"울산광역시 남구 삼산로 51, (신정동, B1,1,3,5~7층)",1577-0007,,2013-12-31,23,0,0,0,2,0,0,0,0,2,7,1,11,0,129.3133909,35.534074
JDQ4MTYyMiM4MSMkMiMkNCMkMDAkNDgxOTYxIzMxIyQxIyQ3IyQ3OSQzNjEwMDIjODEjJDEjJDIjJDgz,울산제일안과의원,31,의원,260000,울산,260001,울산남구,신정동,44671,"울산광역시 남구 중앙로 243-1, 6층 (신정동, 세보메디컬빌딩)",052-261-7591,,2016-02-22,1,0,0,0,1,0,0,0,0,0,0,0,0,0,129.3108423,35.5425363
JDQ4MTYyMiM4MSMkMiMkNCMkMDAkMzgxMTkxIzMxIyQxIyQ3IyQ3OSQzNjE0ODEjNTEjJDEjJDYjJDgz,울산제일의원,31,의원,260000,울산,260001,울산남구,야음동,44752,"울산광역시 남구 수암로 230, 2층 (야음동)",052-271-8588,,1998-11-30,1,0,0,0,1,0,0,0,0,0,0,0,0,0,129.3308903,35.5246861
JDQ4MTYyMiM4MSMkMiMkNCMkMDAkMzgxMTkxIzExIyQxIyQzIyQ4OSQ0NjEwMDIjNTEjJDEjJDYjJDgz,울산중앙의원,31,의원,260000,울산,260001,울산남구,야음동,44765,"울산광역시 남구 수암로 288, (야음동)",052-257-5600,,1997-04-02,1,0,0,0,1,0,0,0,0,0,0,0,0,0,129.3357833,35.5214164
JDQ4MTYyMiM4MSMkMSMkNCMkNzIkMzgxOTYxIzMxIyQxIyQ3IyQ4OSQzNjEyMjIjNDEjJDEjJDgjJDgz,울산쥬니어소아치과의원,51,치과의원,260000,울산,260002,울산동구,일산동,44056,"울산광역시 동구 방어진순환도로 652, B동 2층 203~5호 (일산동)",052-252-7528,http://www.usjunior.co.kr/,2010-04-09,1,0,0,0,0,0,0,0,1,0,0,0,0,0,129.4288433,35.4997805
JDQ4MTYyMiM4MSMkMiMkNCMkMDAkNDgxOTYxIzExIyQxIyQzIyQ3MiQzNjE0ODEjODEjJDEjJDIjJDgz,울산지방법원 부속의원,31,의원,260000,울산,260001,울산남구,옥동,44643,"울산광역시 남구 법대로 55, 울산지방법원 9층 (옥동)",052-216-8156,,2018-04-11,1,0,0,0,1,0,0,0,0,0,0,0,0,0,129.2872265,35.5393646
JDQ4MTYyMiM4MSMkMiMkNCMkMDAkNDgxMzUxIzMxIyQxIyQzIyQ3MiQyNjEyMjIjODEjJDEjJDIjJDgz,울산청맥외과의원,31,의원,260000,울산,260001,울산남구,삼산동,44719,"울산광역시 남구 삼산로 274, 15층 (삼산동)",052-266-2975,www.울산하지정맥류.com,2024-04-30,1,0,0,0,1,0,0,0,0,0,0,0,0,0,129.3371409,35.5389443
JDQ4MTYyMiM4MSMkMSMkNCMkNzIkMzgxMzUxIzQxIyQxIyQ3IyQ3MiQyNjEyMjIjODEjJDEjJDIjJDgz,울산치과의원,51,치과의원,260000,울산,260003,울산중구,옥교동,44531,"울산광역시 중구 학성로 120, 4층 (옥교동)",052-244-0964,,1995-04-29,1,0,0,0,0,0,0,0,1,0,0,0,0,0,129.32412,35.5556025
JDQ4MTYyMiM4MSMkMiMkNCMkMDAkMzgxOTYxIzUxIyQxIyQxIyQwMyQyNjEyMjIjNTEjJDEjJDIjJDgz,울산탑비뇨기과의원,31,의원,260000,울산,260001,울산남구,삼산동,44713,"울산광역시 남구 화합로 196, (삼산동)",052-261-5885,http://www.ulsantop.com,1996-03-02,1,0,0,0,1,0,0,0,0,0,0,0,0,0,129.3397406,35.5421796
JDQ4MTYyMiM4MSMkMiMkNCMkMDAkNDgxMzUxIzMxIyQxIyQ3IyQ3OSQ0NjE0ODEjNzEjJDEjJDgjJDgz,울산탑정형외과의원,31,의원,260000,울산,260001,울산남구,야음동,44750,"울산광역시 남구 수암로 130, 8~9층 (야음동, 앞선클리닉빌딩)",052-256-7533,,2013-12-31,1,0,0,0,1,0,0,0,0,0,0,0,0,0,129.3212953,35.5274194
JDQ4MTYyMiM4MSMkMiMkNCMkMDAkNDgxMzUxIzMxIyQxIyQzIyQ4MiQ0NjE0ODEjNjEjJDEjJDAjJDgz,울산터의원,31,의원,260000,울산,260001,울산남구,야음동,44766,"울산광역시 남구 수암로 273, 울산티이오빌딩 3층 (야음동)",052-716-2500,,2013-08-05,2,0,0,0,2,0,0,0,0,0,0,0,0,0,129.334869,35.5223672
JDQ4MTYyMiM4MSMkMiMkNCMkMDAkMzgxNzAyIzIxIyQxIyQ5IyQ5OSQ0NjEwMDIjNDEjJDEjJDgjJDgz,울산편한내과의원,31,의원,260000,울산,260001,울산남구,달동,44726,"울산광역시 남구 번영로 119, 3~5층 (달동)",052-272-2726,,2003-03-03,2,0,0,0,2,0,0,0,0,0,0,0,0,0,129.3282183,35.5358857
JDQ4MTYyMiM4MSMkMSMkNCMkNzIkMzgxMzUxIzIxIyQxIyQ1IyQ3MiQzNjE0ODEjODEjJDEjJDYjJDgz,울산플러스치과의원,51,치과의원,260000,울산,260100,울산울주군,온산읍,45005,"울산광역시 울주군 온산읍 덕신로 266, 3층",052-237-4889,,2008-03-06,1,0,0,0,0,1,0,0,0,0,0,0,0,0,129.3104618,35.4335549
JDQ4MTYyMiM4MSMkMiMkNCMkMDAkNDgxOTYxIzIxIyQxIyQ5IyQ4OSQyNjE4MzIjNjEjJDEjJDgjJDgz,울산하트내과의원,31,의원,260000,울산,260001,울산남구,야음동,44750,"울산광역시 남구 수암로 130, 901호 (야음동)",052-700-3331,,2022-09-22,1,0,0,0,1,0,0,0,0,0,0,0,0,0,129.3212953,35.5274194
JDQ4MTYyMiM4MSMkMiMkNCMkMDAkMzgxOTYxIzMxIyQxIyQ3IyQ5MiQyNjE4MzIjNDEjJDEjJDgjJDgz,울산학문외과의원,31,의원,260000,울산,260004,울산북구,신천동,44220,"울산광역시 북구 호계로 374, (신천동)",052-282-1414,,1994-04-30,1,0,0,0,1,0,0,0,0,0,0,0,0,0,129.348065,35.6358872
JDQ4MTYyMiM4MSMkMSMkNCMkNzIkMzgxMzUxIzMxIyQxIyQ3IyQ3OSQ0NjEwMDIjNTEjJDEjJDIjJDgz,울산화이트치과의원,51,치과의원,260000,울산,260001,울산남구,삼산동,44705,"울산광역시 남구 삼산로 283, 4층 (삼산동, 소망빌딩)",052-256-2875,http://www.lottewhite.com,2003-03-29,1,0,0,0,0,1,0,0,0,0,0,0,0,0,129.3378965,35.5397338
JDQ4MTYyMiM4MSMkMSMkNCMkOTIkMzgxMzUxIzExIyQxIyQzIyQ3OSQzNjE0ODEjNTEjJDEjJDIjJDgz,울주군보건소,71,보건소,260000,울산,260100,울산울주군,삼남읍,44950,"울산광역시 울주군 삼남면 서향교1길 67-12, 67",052-265-9095,,1963-01-01,6,2,0,0,0,2,0,0,0,2,0,0,0,0,129.113745,35.5583558
JDQ4MTYyMiM4MSMkMSMkNCMkOTIkMzgxOTYxIzExIyQxIyQ3IyQ3MiQyNjEwMDIjNjEjJDEjJDgjJDgz,웅촌면보건지소,72,보건지소,260000,울산,260100,울산울주군,웅촌면,44965,"울산광역시 울주군 웅촌면 새초천길 12, (웅촌보건지소)",052-225-4320,,1997-07-15,1,0,0,0,0,1,0,0,0,0,0,0,0,0,129.2083139,35.461375
JDQ4MTYyMiM4MSMkMiMkNCMkMDAkNDgxMzUxIzMxIyQxIyQ3IyQxMyQzNjE0ODEjNDEjJDEjJDQjJDgz,원정신건강의학과의원,31,의원,260000,울산,260001,울산남구,무거동,44633,"울산광역시 남구 북부순환도로 24, (무거동)",052-249-8070,,2014-11-03,1,0,0,0,1,0,0,0,0,0,0,0,0,0,129.2664428,35.5515264
JDQ4MTYyMiM4MSMkMSMkNCMkMTMkMzgxNzAyIzIxIyQxIyQ5IyQxMyQyNjEyMjIjNTEjJDEjJDIjJDgz,원창한의원,93,한의원,260000,울산,260001,울산남구,옥동,44661,"울산광역시 남구 문수로 326, 2층 (옥동)",052-274-0700,,2004-05-18,1,0,0,0,0,0,0,0,0,1,0,0,0,0,129.2890015,35.5349913
JDQ4MTYyMiM4MSMkMSMkNCMkMTMkNDgxOTYxIzExIyQxIyQ3IyQxMyQzNjE0ODEjNDEjJDEjJDgjJDgz,원한의원,93,한의원,260000,울산,260100,울산울주군,언양읍,44942,"울산광역시 울주군 언양읍 동문길 58, 2층",052-264-7900,,2011-04-21,1,0,0,0,0,0,0,0,0,1,0,0,0,0,129.1246795,35.5660494
JDQ4MTYyMiM4MSMkMSMkNCMkNzIkMzgxMTkxIzExIyQxIyQ3IyQxMyQyNjE0ODEjNTEjJDEjJDYjJDgz,월드치과의원,51,치과의원,260000,울산,260100,울산울주군,범서읍,44931,"울산광역시 울주군 범서읍 천상길 17, 1층 202호",052-707-7528,,2020-05-06,1,0,0,0,0,1,0,0,0,0,0,0,0,0,129.2298901,35.5617329
JDQ4MTYyMiM4MSMkMSMkNCMkMTMkNDgxMzUxIzIxIyQxIyQxIyQwMyQyNjEyMjIjODEjJDEjJDIjJDgz,월성한의원,93,한의원,260000,울산,260001,울산남구,신정동,44671,"울산광역시 남구 중앙로 249-1, (신정동)",052-272-3807,,2010-04-15,1,0,0,0,0,0,0,0,0,1,0,0,0,0,129.3106727,35.543038
JDQ4MTYyMiM4MSMkMiMkNCMkMDAkNDgxMzUxIzIxIyQxIyQxIyQ3OSQyNjEwMDIjNjEjJDEjJDAjJDgz,웰당이진우내과의원,31,의원,260000,울산,260004,울산북구,매곡동,44215,"울산광역시 북구 매곡1로 46, 208호 (매곡동, 대우프라자)",052-292-7179,,2010-03-08,1,0,0,0,1,0,0,0,0,0,0,0,0,0,129.3512761,35.6447162
JDQ4MTYyMiM4MSMkMiMkNCMkMDAkMzgxNzAyIzMxIyQxIyQzIyQwMyQzNjE4MzIjNjEjJDEjJDQjJDgz,웰빙마취통증의학과의원,31,의원,260000,울산,260002,울산동구,화정동,44070,"울산광역시 동구 대학길 65, 4층 (화정동)",052-232-2005,,2005-09-01,1,0,0,0,1,0,0,0,0,0,0,0,0,0,129.4214439,35.4988966
JDQ4MTYyMiM4MSMkMSMkNCMkNzIkMzgxMzUxIzIxIyQxIyQ5IyQ3MiQ0NjE0ODEjODEjJDEjJDIjJDgz,웰츠치과의원,51,치과의원,260000,울산,260001,울산남구,무거동,44611,"울산광역시 남구 대학로 164, 203호 (무거동, 웰츠타워상가)",052-277-4639,,1991-03-16,1,0,0,0,0,1,0,0,0,0,0,0,0,0,129.2636078,35.5486155
JDQ4MTYyMiM4MSMkMSMkNCMkNzIkMzgxOTYxIzMxIyQyIyQzIyQwMCQyNjEwMDIjODEjJDEjJDIjJDgz,웰컴치과의원,51,치과의원,260000,울산,260004,울산북구,매곡동,44223,"울산광역시 북구 괴정1길 110, 4층 (매곡동)",052-291-2875,,2008-08-28,3,0,0,0,0,2,0,0,1,0,0,0,0,0,129.3569754,35.6423201
JDQ4MTYyMiM4MSMkMSMkNCMkOTkkNTgxMzUxIzIxIyQxIyQ1IyQxMyQzNjE4MzIjNTEjJDEjJDIjJDgz,위너스자연요양병원,28,요양병원,260000,울산,260003,울산중구,성안동,44416,"울산광역시 중구 함월20길 89, (성안동, 위너스자연요양병원)",052-245-0002,,2012-07-23,2,0,0,0,1,0,0,0,0,1,0,0,0,0,129.3235491,35.5814852
JDQ4MTYyMiM4MSMkMSMkNCMkNzIkMzgxOTYxIzIxIyQxIyQ1IyQ3MiQyNjEyMjIjODEjJDEjJDIjJDgz,위너치과의원,51,치과의원,260000,울산,260001,울산남구,신정동,44670,"울산광역시 남구 월평로 23, 3층 (신정동)",052-268-2875,,2015-03-11,1,0,0,0,0,0,0,0,1,0,0,0,0,0,129.3081679,35.5411989
JDQ4MTYyMiM4MSMkMSMkNCMkOTkkMzgxMzUxIzMxIyQxIyQzIyQ3OSQyNjE4MzIjNTEjJDEjJDYjJDgz,위드여성병원,21,병원,260000,울산,260001,울산남구,삼산동,44710,"울산광역시 남구 남중로 123, (삼산동)",052-915-8000,,2015-08-17,5,0,0,0,5,0,0,0,0,0,0,0,0,0,129.3480072,35.5454856
JDQ4MTYyMiM4MSMkMSMkNCMkNzIkMzgxMzUxIzUxIyQxIyQ1IyQ5MiQ0NjEwMDIjNTEjJDEjJDIjJDgz,위드치과의원,51,치과의원,260000,울산,260004,울산북구,상안동,44209,"울산광역시 북구 신답로 48, 311호 (상안동, 프리지아상가)",052-293-2874,,2007-02-14,1,0,0,0,0,1,0,0,0,0,0,0,0,0,129.3431981,35.6290214
JDQ4MTYyMiM4MSMkMSMkNCMkMTMkMzgxNzAyIzIxIyQxIyQ1IyQxMyQyNjE4MzIjNjEjJDEjJDAjJDgz,위보령한의원,93,한의원,260000,울산,260001,울산남구,신정동,44683,"울산광역시 남구 중앙로 260, (신정동)",052-265-7755,,1992-05-18,1,0,0,0,0,0,0,0,0,1,0,0,0,0,129.3108316,35.543995
JDQ4MTYyMiM4MSMkMSMkNCMkNzIkMzgxOTYxIzMxIyQxIyQzIyQ5OSQyNjEwMDIjNDEjJDEjJDgjJDgz,위스마일치과교정과치과의원,51,치과의원,260000,울산,260001,울산남구,삼산동,44705,"울산광역시 남구 삼산중로100번길 20, 3층 (삼산동)",052-275-9111,,2008-06-30,1,0,0,0,0,1,0,0,0,0,0,0,0,0,129.3376246,35.5420875
JDQ4MTYyMiM4MSMkMSMkNCMkNzIkMzgxMzUxIzUxIyQxIyQxIyQ2MiQzNjE0ODEjNTEjJDEjJDYjJDgz,윌치과의원,51,치과의원,260000,울산,260002,울산동구,화정동,44074,"울산광역시 동구 양지5길 72, (화정동)",052-236-8900,,2006-12-18,1,0,0,0,0,0,0,0,1,0,0,0,0,0,129.4208016,35.4986412
JDQ4MTYyMiM4MSMkMSMkNCMkMTMkMzgxNzAyIzIxIyQxIyQ5IyQ3MiQ0NjEwMDIjNDEjJDEjJDgjJDgz,유곡한의원,93,한의원,260000,울산,260100,울산울주군,언양읍,44946,"울산광역시 울주군 언양읍 서부2길 16, 2층",052-254-7577,,2014-12-04,1,0,0,0,0,0,0,0,0,1,0,0,0,0,129.1211236,35.5650381
JDQ4MTYyMiM4MSMkMSMkNCMkNzIkMzgxMTkxIzIxIyQxIyQ1IyQ4MiQ0NjE0ODEjNDEjJDEjJDQjJDgz,유디무거치과의원,51,치과의원,260000,울산,260001,울산남구,무거동,44632,"울산광역시 남구 북부순환도로 1, 1층일부,2층일부 (무거동)",052-222-6226,,2011-03-30,2,0,0,0,0,1,0,0,1,0,0,0,0,0,129.2640433,35.5508175
JDQ4MTYyMiM4MSMkMSMkNCMkNzIkMzgxMTkxIzExIyQxIyQzIyQwMyQ0NjEwMDIjNTEjJDEjJDYjJDgz,유디우정치과의원,51,치과의원,260000,울산,260003,울산중구,우정동,44542,"울산광역시 중구 종가로 310, 8층 (우정동, M타워 8층 807~8014호)",052-911-2888,,2017-10-23,1,0,0,0,0,1,0,0,0,0,0,0,0,0,129.3108649,35.5637896
JDQ4MTYyMiM4MSMkMSMkNCMkNzIkMzgxOTYxIzQxIyQxIyQ3IyQ4OSQyNjEwMDIjNjEjJDEjJDgjJDgz,유디치과의원,51,치과의원,260000,울산,260001,울산남구,삼산동,44705,"울산광역시 남구 삼산로267번길 6-6, 2,3층 (삼산동)",260-6996,http://www.udh.co.kr,2010-10-06,2,0,0,0,0,2,0,0,0,0,0,0,0,0,129.3364808,35.539685
JDQ4MTYyMiM4MSMkMSMkNCMkNzIkMzgxMTkxIzExIyQxIyQ3IyQwMyQ0NjE0ODEjNDEjJDEjJDgjJDgz,유디치과의원,51,치과의원,260000,울산,260002,울산동구,일산동,44067,"울산광역시 동구 방어진순환도로 651, 10층 (일산동)",052-252-2211,,2014-07-22,1,0,0,0,0,1,0,0,0,0,0,0,0,0,129.4282112,35.5000159
JDQ4MTYyMiM4MSMkMSMkNCMkMTMkMzgxNzAyIzIxIyQxIyQxIyQ5OSQyNjEwMDIjNDEjJDEjJDgjJDgz,유림한의원,93,한의원,260000,울산,260001,울산남구,달동,44721,"울산광역시 남구 번영로 96, 3층 (달동)",052-274-1980,,1988-11-23,1,0,0,0,0,0,0,0,0,1,0,0,0,0,129.3297896,35.5342256
JDQ4MTYyMiM4MSMkMSMkNCMkMTMkNDgxMzUxIzExIyQxIyQ3IyQ4MiQyNjE4MzIjNjEjJDEjJDQjJDgz,유명한의원,93,한의원,260000,울산,260002,울산동구,서부동,44016,"울산광역시 동구 방어진순환도로 1131, (서부동)",052-251-1075,,2005-09-05,1,0,0,0,0,0,0,0,0,1,0,0,0,0,129.4251419,35.5393145
JDQ4MTYyMiM4MSMkMSMkNCMkMTMkNDgxMzUxIzQxIyQxIyQ3IyQ4MiQyNjE4MzIjNTEjJDEjJDYjJDgz,유명한의원,93,한의원,260000,울산,260001,울산남구,신정동,44748,"울산광역시 남구 수암로 114, 3층 (신정동)",052-257-0078,,2018-06-05,2,0,0,0,0,0,0,0,0,1,0,0,1,0,129.3194911,35.5281561
JDQ4MTYyMiM4MSMkMSMkNCMkMTMkNDgxMzUxIzIxIyQyIyQ1IyQwMCQzNjEyMjIjNDEjJDEjJDgjJDgz,유생당한의원,93,한의원,260000,울산,260100,울산울주군,범서읍,44924,"울산광역시 울주군 범서읍 구영로 86, 402호 (GM프라자)",052-248-7510,,2007-11-15,1,0,0,0,0,0,0,0,0,1,0,0,0,0,129.2410064,35.5748362
JDQ4MTYyMiM4MSMkMiMkNCMkMDAkNDgxOTYxIzMxIyQxIyQzIyQwMyQ0NjE0ODEjNjEjJDEjJDAjJDgz,유성의원,31,의원,260000,울산,260003,울산중구,학산동,44469,"울산광역시 중구 장춘로 169, 1~5층 (학산동)",052-210-0100,,2024-12-23,1,0,0,0,1,0,0,0,0,0,0,0,0,0,129.3267765,35.5589804
JDQ4MTYyMiM4MSMkMSMkNCMkMTMkMzgxNzAyIzQxIyQxIyQ3IyQxMyQyNjE0ODEjNjEjJDEjJDQjJDgz,유성한의원,93,한의원,260000,울산,260001,울산남구,달동,44726,"울산광역시 남구 번영로 109, 2층 (달동, 동산빌딩)",052-227-5454,,2000-04-14,1,0,0,0,0,0,0,0,0,1,0,0,0,0,129.328588,35.53515
JDQ4MTYyMiM4MSMkMSMkNCMkNzIkMzgxOTYxIzExIyQxIyQ3IyQ4OSQ0NjE0ODEjNjEjJDEjJDQjJDgz,유어스치과의원,51,치과의원,260000,울산,260003,울산중구,우정동,44465,"울산광역시 중구 유곡로 22, 2층 (우정동)",052-298-2080,,2013-03-20,1,0,0,0,0,1,0,0,0,0,0,0,0,0,129.3071039,35.5566263
JDQ4MTYyMiM4MSMkMSMkNCMkNzIkMzgxMTkxIzExIyQxIyQ3IyQ5MiQzNjE4MzIjNjEjJDEjJDgjJDgz,유엔치과의원,51,치과의원,260000,울산,260004,울산북구,송정동,44236,"울산광역시 북구 화산로 109, 어썸플레이스 501~503호 (송정동)",052-236-2875,,2020-02-27,1,0,0,0,0,0,0,0,1,0,0,0,0,0,129.3652805,35.6017933
JDQ4MTYyMiM4MSMkMiMkNCMkMDAkMzgxOTYxIzMxIyQxIyQ3IyQ3MiQzNjEyMjIjNDEjJDEjJDgjJDgz,유영훈내과의원,31,의원,260000,울산,260001,울산남구,신정동,44730,"울산광역시 남구 삼산로 24, 2층 (신정동)",052-260-3539,,1994-04-13,1,0,0,0,1,0,0,0,0,0,0,0,0,0,129.310427,35.5327007
JDQ4MTYyMiM4MSMkMSMkNCMkNzIkMzgxMzUxIzExIyQxIyQzIyQ5MiQ0NjE0ODEjNzEjJDEjJDgjJDgz,유재석치과의원,51,치과의원,260000,울산,260003,울산중구,옥교동,44530,"울산광역시 중구 옥골샘7길 1, 2층 (옥교동)",052-242-3315,,1978-12-22,1,0,0,0,0,1,0,0,0,0,0,0,0,0,129.3222423,35.5555869
JDQ4MTYyMiM4MSMkMSMkNCMkMTMkMzgxNzAyIzMxIyQyIyQ3IyQwMCQyNjE0ODEjNjEjJDEjJDQjJDgz,유재원한의원,93,한의원,260000,울산,260001,울산남구,신정동,44739,"울산광역시 남구 수암로 115, (신정동)",052-275-8188,,1996-11-08,1,0,0,0,0,0,0,0,0,1,0,0,0,0,129.3200898,35.5286368
JDQ4MTYyMiM4MSMkMSMkNCMkMTMkMzgxNzAyIzMxIyQyIyQ3IyQwMCQyNjE4MzIjNDEjJDEjJDQjJDgz,유진한의원,93,한의원,260000,울산,260002,울산동구,방어동,44111,"울산광역시 동구 동진로 11, (방어동)",052-252-6251,,1996-12-02,1,0,0,0,0,0,0,0,0,1,0,0,0,0,129.4265891,35.486833
JDQ4MTYyMiM4MSMkMSMkNCMkMTMkNDgxMzUxIzIxIyQxIyQxIyQ2MiQzNjE0ODEjNjEjJDEjJDQjJDgz,유창한의원,93,한의원,260000,울산,260001,울산남구,무거동,44611,"울산광역시 남구 옥현로 43-17, 1층 (무거동)",052-249-8600,http://www.allergy119.com/,2006-11-20,1,0,0,0,0,0,0,0,0,1,0,0,0,0,129.2605884,35.540756
JDQ4MTYyMiM4MSMkMSMkNCMkMTMkNDgxMzUxIzExIyQxIyQzIyQ4MiQyNjEyMjIjNDEjJDEjJDgjJDgz,유한의원,93,한의원,260000,울산,260001,울산남구,옥동,44646,"울산광역시 남구 문수로 337, (옥동)",052-274-5353,,2004-03-03,1,0,0,0,0,0,0,0,0,1,0,0,0,0,129.2904728,35.5353228
JDQ4MTYyMiM4MSMkMiMkNCMkMDAkMzgxNzAyIzMxIyQxIyQ3IyQ4MiQyNjE0ODEjNDEjJDEjJDQjJDgz,유호근의원,31,의원,260000,울산,260001,울산남구,선암동,44773,"울산광역시 남구 두왕로190번길 49, (선암동)",052-271-0199,,2005-03-23,1,0,0,0,1,0,0,0,0,0,0,0,0,0,129.3161013,35.5172869
JDQ4MTYyMiM4MSMkMiMkNCMkMDAkNDgxMzUxIzUxIyQxIyQ1IyQ5OSQ0NjEwMDIjODEjJDEjJDYjJDgz,윤가정의학과의원,31,의원,260000,울산,260004,울산북구,양정동,44260,"울산광역시 북구 염포로 529, 303호 (양정동)",052-287-2300,,2016-11-30,1,0,0,0,1,0,0,0,0,0,0,0,0,0,129.3850905,35.5442675
JDQ4MTYyMiM4MSMkMiMkNCMkMDAkNDgxMzUxIzMxIyQxIyQzIyQ2MiQyNjE4MzIjODEjJDEjJDYjJDgz,윤마취통증의학과의원,31,의원,260000,울산,260001,울산남구,달동,44695,"울산광역시 남구 삼산로 179, 2~3층 (달동, 영빌딩)",052-256-5779,,2013-04-22,1,0,0,0,1,0,0,0,0,0,0,0,0,0,129.3268005,35.5375736
JDQ4MTYyMiM4MSMkMiMkNCMkMDAkMzgxMTkxIzExIyQxIyQzIyQ2MiQ0NjEwMDIjNjEjJDEjJDQjJDgz,윤문한마취통증의학과의원,31,의원,260000,울산,260001,울산남구,신정동,44678,"울산광역시 남구 삼산로 25-1, 4층 (신정동)",052-268-2370,,1997-05-12,1,0,0,0,1,0,0,0,0,0,0,0,0,0,129.3106446,35.5333622
JDQ4MTYyMiM4MSMkMiMkNCMkMDAkMzgxOTYxIzExIyQxIyQ3IyQwMyQyNjEyMjIjODEjJDEjJDIjJDgz,윤비뇨기과의원,31,의원,260000,울산,260001,울산남구,신정동,44671,"울산광역시 남구 중앙로 243, (신정동)",052-268-6363,,1990-02-06,1,0,0,0,1,0,0,0,0,0,0,0,0,0,129.3109152,35.5424011
JDQ4MTYyMiM4MSMkMSMkNCMkMTMkMzgxNzAyIzIxIyQyIyQ1IyQwMCQyNjE0ODEjNjEjJDEjJDgjJDgz,윤쌤한의원,93,한의원,260000,울산,260001,울산남구,신정동,44739,"울산광역시 남구 수암로 109, 2층 (신정동)",052-234-5231,,1997-12-02,1,0,0,0,0,0,0,0,0,1,0,0,0,0,129.3196568,35.5288538
JDQ4MTYyMiM4MSMkMiMkNCMkMDAkMzgxNzAyIzExIyQxIyQzIyQwMyQ0NjE0ODEjNDEjJDEjJDgjJDgz,윤영민정형외과의원,31,의원,260000,울산,260001,울산남구,무거동,44630,"울산광역시 남구 굴화3길 5-3, 지하1~5층 (무거동)",052-249-9200,,2002-11-01,1,0,0,0,1,0,0,0,0,0,0,0,0,0,129.263317,35.5552018
JDQ4MTYyMiM4MSMkMiMkNCMkMDAkMzgxOTYxIzIxIyQxIyQ1IyQxMyQzNjEyMjIjNDEjJDEjJDgjJDgz,윤이비인후과의원,31,의원,260000,울산,260002,울산동구,서부동,44012,"울산광역시 동구 방어진순환도로 1120, (서부동)",052-236-0765,,1992-01-09,1,0,0,0,1,0,0,0,0,0,0,0,0,0,129.4264932,35.5393909
JDQ4MTYyMiM4MSMkMiMkNCMkMDAkNDgxOTYxIzExIyQxIyQ3IyQ4OSQyNjEwMDIjNDEjJDEjJDgjJDgz,윤이비인후과의원,31,의원,260000,울산,260001,울산남구,무거동,44606,"울산광역시 남구 대학로 141, 2층 (무거동)",052-223-8787,,2019-01-09,1,0,0,0,1,0,0,0,0,0,0,0,0,0,129.2617451,35.5473566
JDQ4MTYyMiM4MSMkMiMkNCMkMDAkMzgxNzAyIzUxIyQxIyQxIyQ5OSQ0NjE0ODEjODEjJDEjJDYjJDgz,윤태권내과의원,31,의원,260000,울산,260001,울산남구,야음동,44755,"울산광역시 남구 중앙로 14, 2층 202호 (야음동, 덕산플라자)",052-257-3421,,2007-04-13,1,0,0,0,1,0,0,0,0,0,0,0,0,0,129.3190209,35.5228284
JDQ4MTYyMiM4MSMkMSMkNCMkMTMkMzgxNzAyIzQxIyQxIyQ3IyQxMyQzNjE0ODEjODEjJDEjJDIjJDgz,윤형중한의원,93,한의원,260000,울산,260003,울산중구,남외동,44495,"울산광역시 중구 번영로 582, 6,7층 (남외동)",052-294-6956,,2000-05-15,1,0,0,0,0,0,0,0,0,1,0,0,0,0,129.3456223,35.5686645
JDQ4MTYyMiM4MSMkMiMkNCMkMDAkMzgxNzAyIzExIyQxIyQ3IyQ3OSQyNjE4MzIjODEjJDEjJDYjJDgz,윤혜정산부인과의원,31,의원,260000,울산,260001,울산남구,무거동,44611,"울산광역시 남구 대학로 138, 6층 (무거동, 신정빌딩)",052-277-9595,http://www.yoonwoman.co.kr,2002-11-25,1,0,0,0,1,0,0,0,0,0,0,0,0,0,129.2621294,35.5467773
JDQ4MTYyMiM4MSMkMSMkNCMkOTkkNTgxMzUxIzIxIyQxIyQ1IyQxMyQ0NjEwMDIjODEjJDEjJDYjJDgz,율제요양병원,28,요양병원,260000,울산,260001,울산남구,신정동,44748,"울산광역시 남구 중앙로 92, 지하1~지상10층 (신정동)",052-276-7000,http://yulje.kr/,2023-08-25,4,0,0,0,2,0,0,0,0,2,0,0,0,0,129.3164832,35.5294981
JDQ4MTYyMiM4MSMkMSMkNCMkMTMkNDgxOTYxIzExIyQyIyQzIyQwMCQyNjE4MzIjNTEjJDEjJDIjJDgz,으뜸한의원,93,한의원,260000,울산,260100,울산울주군,언양읍,44940,"울산광역시 울주군 언양읍 반구대로 820, 2층",052-264-1076,,2019-07-17,1,0,0,0,0,0,0,0,0,1,0,0,0,0,129.1276619,35.5630388
JDQ4MTYyMiM4MSMkMiMkNCMkMDAkMzgxNzAyIzQxIyQyIyQ3IyQwMCQzNjEyMjIjNTEjJDEjJDYjJDgz,은혜내과의원,31,의원,260000,울산,260100,울산울주군,범서읍,44923,"울산광역시 울주군 범서읍 구영로 142, 3층",052-248-3375,,2006-09-11,1,0,0,0,1,0,0,0,0,0,0,0,0,0,129.2430458,35.570066
JDQ4MTYyMiM4MSMkMiMkNCMkMDAkMzgxNzAyIzIxIyQxIyQ1IyQ5MiQzNjEwMDIjODEjJDEjJDYjJDgz,음현진산부인과의원,31,의원,260000,울산,260001,울산남구,달동,44726,"울산광역시 남구 삼산로 166, 4층 (달동)",052-271-6788,,2004-07-08,1,0,0,0,1,0,0,0,0,0,0,0,0,0,129.325505,35.5366408
JDQ4MTYyMiM4MSMkMSMkNCMkOTkkNTgxMzUxIzIxIyQxIyQ1IyQ2MiQyNjE0ODEjODEjJDEjJDYjJDgz,의)우아의료재단 달동길메리요양병원,28,요양병원,260000,울산,260001,울산남구,달동,44694,"울산광역시 남구 돋질로 146, (달동, 달동길메리요양병원)",052-996-0030,http://gilmary2.co.kr/,2017-01-06,6,0,0,0,4,0,0,0,0,2,0,0,0,0,129.321686,35.5401687
JDQ4MTYyMiM4MSMkMSMkNCMkOTkkMzgxMzUxIzExIyQxIyQzIyQwMyQzNjE4MzIjNTEjJDEjJDIjJDgz,의)정우의료재단 더프라우병원,21,병원,260000,울산,260001,울산남구,삼산동,44705,"울산광역시 남구 삼산중로 94, (삼산동)",052-226-7114,http://www.fraumedi.com,1993-06-21,11,1,0,0,10,0,0,0,0,0,0,0,0,0,129.3359156,35.541838
JDQ4MTYyMiM4MSMkMSMkNCMkOTkkNTgxMzUxIzIxIyQxIyQ1IyQwMyQ0NjE0ODEjNTEjJDEjJDYjJDgz,의료법인 건강한의료재단 울산연세요양병원,28,요양병원,260000,울산,260100,울산울주군,범서읍,44928,"울산광역시 울주군 범서읍 천상5길 10-5, 연세요양병원",052-248-8900,,2016-05-19,5,1,0,0,2,0,0,0,0,1,0,0,1,0,129.2239814,35.5625189
JDQ4MTYyMiM4MSMkMSMkNCMkMTMkMzgxMTkxIzExIyQxIyQzIyQ2MiQ0NjE0ODEjNjEjJDEjJDAjJDgz,의료법인 기쁨의료재단 엠디한방병원,92,한방병원,260000,울산,260004,울산북구,신천동,44224,"울산광역시 북구 호계로 332-1, 현대하이플러스 2,4층 (신천동)",052-286-3355,,2015-07-01,4,0,0,0,1,0,0,0,0,3,0,0,0,0,129.3499194,35.6328408
JDQ4MTYyMiM4MSMkMSMkNCMkODkkMzgxMzUxIzExIyQxIyQzIyQ3OSQ0NjE0ODEjODEjJDEjJDIjJDgz,의료법인 동강의료재단 동강병원,11,종합병원,260000,울산,260003,울산중구,태화동,44455,"울산광역시 중구 태화로 239, (태화동)",052-241-1114,http://www.dkmc.or.kr,1981-06-22,85,0,0,0,81,3,0,0,1,0,0,0,0,0,129.3019631,35.553426
JDQ4MTYyMiM4MSMkMSMkNCMkODkkMzgxMzUxIzExIyQxIyQzIyQ4MiQzNjE0ODEjODEjJDEjJDYjJDgz,의료법인 동강의료재단 동천동강병원,11,종합병원,260000,울산,260003,울산중구,남외동,44495,"울산광역시 중구 외솔큰길 215, (남외동, 동천동강병원)",052-702-3114,,2016-05-31,22,2,0,0,20,0,0,0,0,0,0,0,0,0,129.3504382,35.568536
JDQ4MTYyMiM4MSMkMSMkNCMkOTkkMzgxMzUxIzMxIyQyIyQzIyQwMCQyNjEyMjIjNzEjJDEjJDgjJDgz,의료법인 명원의료재단 파인힐병원,21,병원,260000,울산,260100,울산울주군,상북면,44901,"울산광역시 울주군 상북면 석남로 900, (상북면)",052-263-0070,,2017-06-09,1,0,0,0,1,0,0,0,0,0,0,0,0,0,129.073496,35.6114686
JDQ4MTYyMiM4MSMkMSMkNCMkOTkkNTgxMzUxIzIxIyQxIyQxIyQwMyQyNjEwMDIjNDEjJDEjJDQjJDgz,의료법인 세연의료재단 무거연세요양병원,28,요양병원,260000,울산,260001,울산남구,무거동,44611,"울산광역시 남구 대학로 148, 2~7층 (무거동)",052-223-8866,,2014-07-17,4,0,0,0,2,0,0,0,0,2,0,0,0,0,129.2626935,35.5477362
JDQ4MTYyMiM4MSMkMSMkNCMkOTkkMzgxMzUxIzExIyQxIyQzIyQ5OSQzNjEwMDIjNTEjJDEjJDIjJDgz,의료법인 송은의료재단 울산시티2병원,21,병원,260000,울산,260004,울산북구,연암동,44238,"울산광역시 북구 산업로 1001, (연암동)",052-280-8000,http://www.cityhospital.co.kr/,2016-08-26,3,0,0,0,2,0,0,0,0,0,0,0,1,0,129.3592838,35.5819111
JDQ4MTYyMiM4MSMkMSMkNCMkODkkMzgxMzUxIzExIyQxIyQzIyQ3MiQ0NjEwMDIjNTEjJDEjJDIjJDgz,의료법인 송은의료재단 울산시티병원,11,종합병원,260000,울산,260004,울산북구,연암동,44238,"울산광역시 북구 산업로 1007, (연암동)",052-280-9000,,2014-08-04,53,1,0,0,50,1,0,0,1,0,0,0,0,0,129.3590343,35.5828446
JDQ4MTYyMiM4MSMkMSMkNCMkOTkkNTgxMzUxIzIxIyQxIyQxIyQ2MiQyNjEwMDIjNDEjJDEjJDgjJDgz,의료법인 옐림의료재단 농소요양병원,28,요양병원,260000,울산,260004,울산북구,상안동,44208,"울산광역시 북구 아진로 78, (상안동)",052-282-7002,,2013-02-06,4,0,0,0,2,0,0,0,0,2,0,0,0,0,129.3403155,35.6304122
JDQ4MTYyMiM4MSMkMSMkNCMkOTkkNTgxMzUxIzExIyQxIyQ3IyQxMyQyNjE4MzIjNzEjJDEjJDgjJDgz,의료법인 우아의료재단 길메리요양병원,28,요양병원,260000,울산,260003,울산중구,반구동,44513,"울산광역시 중구 서원1길 106, (반구동)",296-0030,http://bgilmary.co.kr/,2011-09-01,5,0,0,0,3,0,0,0,0,2,0,0,0,0,129.3396439,35.5588628
JDQ4MTYyMiM4MSMkMSMkNCMkOTkkNTgxMzUxIzIxIyQxIyQxIyQ3OSQyNjE0ODEjNTEjJDEjJDYjJDgz,의료법인 월촌의료재단 해솔요양병원,28,요양병원,260000,울산,260004,울산북구,호계동,44225,"울산광역시 북구 당수골5길 41-6, 지하1~지상4층 (호계동)",052-260-5577,,2023-04-12,4,0,0,0,2,0,0,0,0,2,0,0,0,0,129.3593261,35.6328645
JDQ4MTYyMiM4MSMkMSMkNCMkODkkMzgxMzUxIzExIyQxIyQzIyQ3MiQ0NjE0ODEjNjEjJDEjJDAjJDgz,의료법인 은성의료재단 좋은삼정병원,11,종합병원,260000,울산,260001,울산남구,무거동,44629,"울산광역시 남구 북부순환도로 51, (무거동)",052-220-7500,,2014-06-02,35,2,0,0,32,1,0,0,0,0,0,0,0,0,129.2688242,35.5528955
JDQ4MTYyMiM4MSMkMSMkNCMkODkkMzgxMzUxIzExIyQxIyQzIyQ4MiQyNjEyMjIjNTEjJDEjJDIjJDgz,의료법인 정안의료재단 중앙병원,11,종합병원,260000,울산,260001,울산남구,신정동,44667,"울산광역시 남구 문수로 472, 중앙병원 (신정동)",052-226-1100,,2015-04-09,48,0,0,0,46,2,0,0,0,0,0,0,0,0,129.3046446,35.5322423
JDQ4MTYyMiM4MSMkMSMkNCMkOTkkNTgxMzUxIzIxIyQxIyQ1IyQ3MiQ0NjE0ODEjNDEjJDEjJDgjJDgz,의료법인 정흡의료재단 효림요양병원,28,요양병원,260000,울산,260002,울산동구,일산동,44053,"울산광역시 동구 방어진순환도로 693-1, (일산동)",052-252-7500,,2018-06-25,0,0,0,0,0,0,0,0,0,0,0,0,0,0,129.4291107,35.5037002
JDQ4MTYyMiM4MSMkMSMkNCMkOTkkNTgxMzUxIzIxIyQxIyQxIyQwMyQzNjEyMjIjNDEjJDEjJDgjJDgz,의료법인 청남의료재단  세민에스요양병원,28,요양병원,260000,울산,260003,울산중구,반구동,44505,"울산광역시 중구 내황4길 11, (반구동)",052-293-2000,,2014-09-12,10,1,0,0,8,0,0,0,0,1,0,0,0,0,129.3416833,35.5528054
JDQ4MTYyMiM4MSMkMSMkNCMkOTkkNTgxMzUxIzIxIyQxIyQxIyQ4MiQ0NjE0ODEjNTEjJDEjJDIjJDgz,의료법인 청산의료재단 효원요양병원,28,요양병원,260000,울산,260001,울산남구,신정동,44623,"울산광역시 남구 봉월로 155, (신정동)",052-950-7500,,2013-12-10,5,0,0,0,3,0,0,0,0,2,0,0,0,0,129.3070393,35.5463428
JDQ4MTYyMiM4MSMkMSMkNCMkOTkkMzgxMzUxIzIxIyQxIyQ1IyQ3OSQyNjEwMDIjNjEjJDEjJDAjJDgz,의료법인동원의료재단강남동강병원,21,병원,260000,울산,260001,울산남구,달동,44691,"울산광역시 남구 돋질로 80, (달동)",052-241-3114,,2006-12-12,3,0,0,0,3,0,0,0,0,0,0,0,0,0,129.3146046,35.5382803
JDQ4MTYyMiM4MSMkMSMkNCMkOTkkNTgxMzUxIzIxIyQxIyQ5IyQ3OSQ0NjEwMDIjNDEjJDEjJDQjJDgz,의료법인에스엠씨의료재단 복음요양병원,28,요양병원,260000,울산,260004,울산북구,신천동,44224,"울산광역시 북구 제내1길 6, (신천동)",052-268-7000,,2020-06-01,6,0,0,0,3,0,0,0,0,3,0,0,0,0,129.3517503,35.6314515
JDQ4MTYyMiM4MSMkMSMkNCMkOTkkMzgxMzUxIzMxIyQxIyQzIyQ2MiQzNjE0ODEjNDEjJDEjJDgjJDgz,의료법인에스엠씨의료재단울산세민병원,21,병원,260000,울산,260003,울산중구,학성동,44521,"울산광역시 중구 학성로 184, (학성동)",052-290-0114,,2006-04-20,9,0,0,0,9,0,0,0,0,0,0,0,0,0,129.3309774,35.5566093
JDQ4MTYyMiM4MSMkMSMkNCMkOTkkNTgxMzUxIzIxIyQyIyQxIyQwMCQzNjE0ODEjODEjJDEjJDIjJDgz,의료법인주보배의료재단 우리요양병원,28,요양병원,260000,울산,260003,울산중구,복산동,44478,"울산광역시 중구 도화골14길 3, 지하2층~지상5층 (복산동)",052-700-8275,,2012-11-08,6,0,0,0,3,0,0,0,0,2,0,0,1,0,129.3330026,35.5629873
JDQ4MTYyMiM4MSMkMiMkNCMkMDAkMzgxMTkxIzMxIyQxIyQzIyQ2MiQzNjE4MzIjNDEjJDEjJDgjJDgz,이강우소아청소년과의원,31,의원,260000,울산,260004,울산북구,중산동,44213,"울산광역시 북구 중산동로 25, 401호 (중산동)",052-268-6575,,2010-05-20,1,0,0,0,1,0,0,0,0,0,0,0,0,0,129.351604,35.6533025
JDQ4MTYyMiM4MSMkMiMkNCMkMDAkMzgxOTYxIzMxIyQxIyQ3IyQxMyQ0NjE0ODEjNjEjJDEjJDgjJDgz,이강희내과의원,31,의원,260000,울산,260003,울산중구,옥교동,44530,"울산광역시 중구 학성로 125, 1~2층 (옥교동)",052-244-9421,,1994-08-04,1,0,0,0,1,0,0,0,0,0,0,0,0,0,129.3244844,35.5560626
JDQ4MTYyMiM4MSMkMSMkNCMkNzIkMzgxMzUxIzMxIyQxIyQzIyQxMyQyNjEwMDIjNjEjJDEjJDgjJDgz,이건우치과의원,51,치과의원,260000,울산,260100,울산울주군,범서읍,44928,"울산광역시 울주군 범서읍 천상중앙길 86, 2층",052-242-0330,,1998-07-03,1,0,0,0,0,1,0,0,0,0,0,0,0,0,129.2269617,35.5628957
JDQ4MTYyMiM4MSMkMiMkNCMkMDAkMzgxOTYxIzIxIyQxIyQxIyQxMyQzNjEyMjIjNjEjJDEjJDAjJDgz,이경민소아과의원,31,의원,260000,울산,260001,울산남구,신정동,44651,"울산광역시 남구 거마로118번길 17, (신정동)",052-274-2229,,1991-03-16,1,0,0,0,1,0,0,0,0,0,0,0,0,0,129.3032161,35.5384609
JDQ4MTYyMiM4MSMkMiMkNCMkMDAkMzgxOTYxIzQxIyQxIyQ3IyQ4MiQyNjE0ODEjNjEjJDEjJDQjJDgz,이긍용의원,31,의원,260000,울산,260003,울산중구,학산동,44469,"울산광역시 중구 장춘로 177, 2층 (학산동)",052-246-2223,,1995-03-09,1,1,0,0,0,0,0,0,0,0,0,0,0,0,129.3274023,35.5589073
JDQ4MTYyMiM4MSMkMiMkNCMkMDAkMzgxOTYxIzUxIyQxIyQxIyQwMyQyNjEwMDIjNjEjJDEjJDAjJDgz,이기호내과의원,31,의원,260000,울산,260004,울산북구,양정동,44260,"울산광역시 북구 염포로 599, (양정동)",052-287-6187,,1997-12-08,1,0,0,0,1,0,0,0,0,0,0,0,0,0,129.3911377,35.539587
JDQ4MTYyMiM4MSMkMiMkNCMkMDAkMzgxOTYxIzIxIyQxIyQxIyQ2MiQzNjEyMjIjODEjJDEjJDIjJDgz,이대원안과의원,31,의원,260000,울산,260003,울산중구,성남동,44529,"울산광역시 중구 학성로 95-1, (성남동)",052-211-2357,,1990-10-05,1,0,0,0,1,0,0,0,0,0,0,0,0,0,129.3213012,35.5554884
JDQ4MTYyMiM4MSMkMSMkNCMkMTMkMzgxNzAyIzUxIyQxIyQ1IyQ3MiQyNjEwMDIjNzEjJDEjJDgjJDgz,이덕기한의원,93,한의원,260000,울산,260001,울산남구,무거동,44606,"울산광역시 남구 신복로 12-1, 2층 (무거동)",052-275-6969,,2002-06-17,1,0,0,0,0,0,0,0,0,1,0,0,0,0,129.2608926,35.547873
JDQ4MTYyMiM4MSMkMSMkNCMkNzIkMzgxOTYxIzExIyQxIyQ3IyQxMyQzNjE0ODEjNDEjJDEjJDgjJDgz,이동규치과의원,51,치과의원,260000,울산,260002,울산동구,화정동,44080,"울산광역시 동구 월봉로 34, (화정동)",052-233-5275,,2002-12-27,1,0,0,0,0,1,0,0,0,0,0,0,0,0,129.4223196,35.4951239
JDQ4MTYyMiM4MSMkMSMkNCMkNzIkMzgxMzUxIzExIyQyIyQ3IyQwMCQyNjEyMjIjNjEjJDEjJDQjJDgz,이동욱치과의원,51,치과의원,260000,울산,260001,울산남구,야음동,44752,"울산광역시 남구 수암로 232, (야음동)",052-273-7229,,1983-01-26,1,0,0,0,0,1,0,0,0,0,0,0,0,0,129.331089,35.5244672
JDQ4MTYyMiM4MSMkMSMkNCMkNzIkMzgxMTkxIzExIyQyIyQzIyQwMCQyNjE4MzIjODEjJDEjJDIjJDgz,이드림치과의원,51,치과의원,260000,울산,260001,울산남구,삼산동,44705,"울산광역시 남구 삼산로 277, (삼산동, 태진빌딩)",052-266-1177,,2016-12-26,1,0,0,0,0,0,0,0,1,0,0,0,0,0,129.3374374,35.5396495
JDQ4MTYyMiM4MSMkMiMkNCMkMDAkMzgxNzAyIzIxIyQxIyQ5IyQ3OSQzNjEyMjIjNTEjJDEjJDIjJDgz,이레성형외과의원,31,의원,260000,울산,260001,울산남구,삼산동,44705,"울산광역시 남구 돋질로302번길 27, 3층 (삼산동)",052-275-5777,http://www.ereps.co.kr/,2007-06-27,1,0,0,0,1,0,0,0,0,0,0,0,0,0,129.3376817,35.541693
JDQ4MTYyMiM4MSMkMSMkNCMkNzIkMzgxOTYxIzIxIyQxIyQ1IyQ2MiQyNjEwMDIjNTEjJDEjJDIjJDgz,이레치과의원,51,치과의원,260000,울산,260003,울산중구,반구동,44509,"울산광역시 중구 화합로 428, 2층 (반구동, 이레빌딩)",052-298-2875,,2008-02-28,1,0,0,0,0,1,0,0,0,0,0,0,0,0,129.3370639,35.5633387
JDQ4MTYyMiM4MSMkMSMkNCMkNzIkMzgxMTkxIzIxIyQyIyQxIyQwMCQzNjE4MzIjNTEjJDEjJDYjJDgz,이바른치과교정과치과의원,51,치과의원,260000,울산,260004,울산북구,송정동,44236,"울산광역시 북구 박상진13로 3, 3층 (송정동)",052-251-2875,,2021-07-14,1,0,0,0,0,0,0,0,1,0,0,0,0,0,129.3647006,35.6013905
JDQ4MTYyMiM4MSMkMSMkNCMkNzIkMzgxMzUxIzIxIyQxIyQxIyQwMyQyNjE0ODEjNDEjJDEjJDgjJDgz,이병우치과교정과치과의원,51,치과의원,260000,울산,260001,울산남구,신정동,44730,"울산광역시 남구 삼산로 26, 3층 301호 (신정동, 공업탑 하트랜드)",052-271-6817,,1988-04-30,1,0,0,0,0,1,0,0,0,0,0,0,0,0,129.3108661,35.5327022
JDQ4MTYyMiM4MSMkMiMkNCMkMDAkMzgxNzAyIzIxIyQxIyQ1IyQ3MiQzNjE0ODEjNjEjJDEjJDgjJDgz,이브산부인과의원,31,의원,260000,울산,260001,울산남구,야음동,44750,"울산광역시 남구 수암로 130, (야음동)",052-276-8575,http://www.울산산부인과.한국,2004-04-10,1,0,0,0,1,0,0,0,0,0,0,0,0,0,129.3212953,35.5274194
JDQ4MTYyMiM4MSMkMSMkNCMkNzIkMzgxOTYxIzExIyQxIyQ3IyQ4OSQzNjE0ODEjNTEjJDEjJDIjJDgz,이사랑치과의원,51,치과의원,260000,울산,260003,울산중구,서동,44481,"울산광역시 중구 북부순환도로 885, 2층 (서동)",052-294-5718,,2001-05-14,1,0,0,0,0,1,0,0,0,0,0,0,0,0,129.3465938,35.5809111
JDQ4MTYyMiM4MSMkMiMkNCMkMDAkMzgxMTkxIzQxIyQxIyQ3IyQ4MiQzNjEwMDIjNDEjJDEjJDgjJDgz,이상구내과의원,31,의원,260000,울산,260100,울산울주군,언양읍,44940,"울산광역시 울주군 언양읍 반구대로 818, (언양읍)",052-254-2515,,2009-01-28,1,0,0,0,1,0,0,0,0,0,0,0,0,0,129.1273907,35.5630737
JDQ4MTYyMiM4MSMkMiMkNCMkMDAkMzgxOTYxIzExIyQxIyQ3IyQwMyQzNjE0ODEjNjEjJDEjJDAjJDgz,이상의원,31,의원,260000,울산,260003,울산중구,남외동,44493,"울산광역시 중구 번영로 573, (남외동)",052-297-2626,,2003-12-22,1,1,0,0,0,0,0,0,0,0,0,0,0,0,129.3445052,35.5691521
JDQ4MTYyMiM4MSMkMSMkNCMkNzIkMzgxMzUxIzIxIyQxIyQxIyQxMyQzNjEyMjIjODEjJDEjJDIjJDgz,이상협치과의원,51,치과의원,260000,울산,260001,울산남구,달동,44707,"울산광역시 남구 삼산로 257, 5층 (달동, 달동1367-9재1종근린생활시설(주)금양개발)",052-244-2875,,2003-04-25,1,0,0,0,0,1,0,0,0,0,0,0,0,0,129.3350854,35.5391704
JDQ4MTYyMiM4MSMkMiMkNCMkMDAkMzgxMzUxIzMxIyQxIyQzIyQ5MiQyNjE4MzIjODEjJDEjJDYjJDgz,이상호이비인후과의원,31,의원,260000,울산,260003,울산중구,옥교동,44530,"울산광역시 중구 학성로 99, 3층 (옥교동)",052-211-0017,,1982-04-30,1,0,0,0,1,0,0,0,0,0,0,0,0,0,129.3219468,35.5555049
JDQ4MTYyMiM4MSMkMSMkNCMkNzIkMzgxOTYxIzExIyQxIyQzIyQ3OSQyNjE0ODEjNjEjJDEjJDgjJDgz,이상환치과의원,51,치과의원,260000,울산,260001,울산남구,신정동,44678,"울산광역시 남구 봉월로 4, (신정동)",052-269-2344,,1999-04-22,1,0,0,0,0,1,0,0,0,0,0,0,0,0,129.3076091,35.5329662
JDQ4MTYyMiM4MSMkMSMkNCMkNzIkMzgxOTYxIzUxIyQxIyQ1IyQwMyQzNjEwMDIjNTEjJDEjJDIjJDgz,이성규치과의원,51,치과의원,260000,울산,260004,울산북구,신천동,44224,"울산광역시 북구 제내1길 2, (신천동)",052-282-2879,,2016-03-29,1,0,0,0,0,1,0,0,0,0,0,0,0,0,129.351375,35.6313325
JDQ4MTYyMiM4MSMkMiMkNCMkMDAkMzgxOTYxIzIxIyQxIyQxIyQ5MiQzNjE0ODEjNTEjJDEjJDYjJDgz,이성희내과의원,31,의원,260000,울산,260001,울산남구,신정동,44749,"울산광역시 남구 수암로 118, 2,3층 (신정동)",052-269-5374,,1991-02-07,1,0,0,0,1,0,0,0,0,0,0,0,0,0,129.3202017,35.5280925
JDQ4MTYyMiM4MSMkMSMkNCMkNzIkMzgxOTYxIzIxIyQxIyQ5IyQwMyQyNjE0ODEjNDEjJDEjJDQjJDgz,이세움 치과의원,51,치과의원,260000,울산,260001,울산남구,삼산동,44719,"울산광역시 남구 삼산로 260, 7층 (삼산동)",052-227-2885,,2019-01-22,2,0,0,0,0,0,0,0,2,0,0,0,0,0,129.3356602,35.5386785
JDQ4MTYyMiM4MSMkMSMkNCMkNzIkMzgxMzUxIzIxIyQxIyQxIyQwMyQ0NjEwMDIjNjEjJDEjJDQjJDgz,이세치과의원,51,치과의원,260000,울산,260003,울산중구,복산동,44511,"울산광역시 중구 번영로 462, (복산동)",052-293-1661,,1988-04-29,1,0,0,0,0,1,0,0,0,0,0,0,0,0,129.3345855,35.5629565
JDQ4MTYyMiM4MSMkMSMkNCMkMTMkMzgxNzAyIzExIyQxIyQzIyQ5MiQyNjEyMjIjNTEjJDEjJDIjJDgz,이세한의원,93,한의원,260000,울산,260003,울산중구,복산동,44511,"울산광역시 중구 번영로 462, (복산동)",052-281-4991,,1983-03-21,1,0,0,0,0,0,0,0,0,1,0,0,0,0,129.3345855,35.5629565
JDQ4MTYyMiM4MSMkMSMkNCMkOTkkNTgxMzUxIzIxIyQxIyQxIyQ3MiQ0NjEwMDIjNTEjJDEjJDYjJDgz,이손요양병원,28,요양병원,260000,울산,260100,울산울주군,삼남읍,44955,"울산광역시 울주군 삼남읍 하방로 39, (지하1층, 지상 2,3,4층)",055-780-1000,,2013-07-17,8,0,0,0,5,0,0,0,0,2,0,0,1,0,129.0903447,35.5064435
JDQ4MTYyMiM4MSMkMSMkNCMkMTMkNDgxMzUxIzQxIyQxIyQ3IyQ5MiQyNjEyMjIjNTEjJDEjJDIjJDgz,이솔한의원,93,한의원,260000,울산,260001,울산남구,신정동,44657,"울산광역시 남구 동산로 70, 2층 (신정동)",052-710-3370,,2014-05-20,1,0,0,0,0,0,0,0,0,1,0,0,0,0,129.3032326,35.5357854
JDQ4MTYyMiM4MSMkMiMkNCMkMDAkNDgxMzUxIzIxIyQxIyQxIyQ4OSQzNjE4MzIjNDEjJDEjJDgjJDgz,이수진소아청소년과의원,31,의원,260000,울산,260003,울산중구,남외동,44495,"울산광역시 중구 번영로 582, 5층 (남외동)",052-295-7585,,2010-04-15,1,0,0,0,1,0,0,0,0,0,0,0,0,0,129.3456223,35.5686645
JDQ4MTYyMiM4MSMkMSMkNCMkNzIkMzgxMzUxIzIxIyQxIyQ5IyQ3MiQzNjE4MzIjNDEjJDEjJDQjJDgz,이수현치과의원,51,치과의원,260000,울산,260003,울산중구,옥교동,44530,"울산광역시 중구 문화의거리 30, 1층 (옥교동)",052-245-2802,,2000-09-16,2,0,0,0,0,2,0,0,0,0,0,0,0,0,129.3216714,35.5566856
JDQ4MTYyMiM4MSMkMSMkNCMkNzIkMzgxMzUxIzUxIyQxIyQxIyQ5MiQzNjE0ODEjNjEjJDEjJDQjJDgz,이순석치과의원,51,치과의원,260000,울산,260004,울산북구,화봉동,44241,"울산광역시 북구 화봉로 59, 가동 207호 (화봉동, 화봉시장)",052-288-8073,,1997-01-17,1,0,0,0,0,1,0,0,0,0,0,0,0,0,129.3656224,35.588571
JDQ4MTYyMiM4MSMkMiMkNCMkMDAkNDgxMzUxIzUxIyQxIyQ1IyQ3OSQyNjEyMjIjNzEjJDEjJDgjJDgz,이순일내과의원,31,의원,260000,울산,260004,울산북구,호계동,44229,"울산광역시 북구 호계2길 7, (호계동)",052-282-7588,,2006-04-20,2,0,0,0,2,0,0,0,0,0,0,0,0,0,129.3554238,35.6228217
JDQ4MTYyMiM4MSMkMSMkNCMkNzIkMzgxMTkxIzIxIyQxIyQ1IyQ3OSQyNjE0ODEjNDEjJDEjJDgjJDgz,이스타치과의원,51,치과의원,260000,울산,260002,울산동구,서부동,44016,"울산광역시 동구 방어진순환도로 1133, 3층 (서부동)",052-236-2833,,2011-04-13,1,0,0,0,0,1,0,0,0,0,0,0,0,0,129.4247999,35.5393453
JDQ4MTYyMiM4MSMkMiMkNCMkMDAkMzgxOTYxIzUxIyQxIyQxIyQxMyQ0NjEwMDIjNzEjJDEjJDgjJDgz,이승욱의원,31,의원,260000,울산,260003,울산중구,남외동,44491,"울산광역시 중구 곽남5길 22, (남외동)",052-296-9790,,1996-05-01,1,1,0,0,0,0,0,0,0,0,0,0,0,0,129.3418436,35.5707676
JDQ4MTYyMiM4MSMkMSMkNCMkMTMkMzgxNzAyIzUxIyQxIyQxIyQxMyQzNjE0ODEjNjEjJDEjJDAjJDgz,이승헌한의원,93,한의원,260000,울산,260001,울산남구,옥동,44661,"울산광역시 남구 문수로 312, 1층 (옥동)",052-256-1075,http://www.hanbang119.co.kr,2002-02-01,1,0,0,0,0,0,0,0,0,1,0,0,0,0,129.2875933,35.5352288
JDQ4MTYyMiM4MSMkMSMkNCMkNzIkMzgxOTYxIzIxIyQyIyQxIyQwMCQyNjE4MzIjNjEjJDEjJDQjJDgz,이아름다운치과의원,51,치과의원,260000,울산,260001,울산남구,무거동,44611,"울산광역시 남구 대학로 126, 4층 (무거동)",052-222-2816,,2003-08-18,1,0,0,0,0,0,0,0,1,0,0,0,0,0,129.2614703,35.5457891
JDQ4MTYyMiM4MSMkMSMkNCMkNzIkMzgxOTYxIzIxIyQxIyQ5IyQ3MiQzNjEwMDIjODEjJDEjJDYjJDgz,이앤이플란트치과의원,51,치과의원,260000,울산,260002,울산동구,화정동,44057,"울산광역시 동구 방어진순환도로 574, (화정동)",052-225-2875,,2013-08-07,1,0,0,0,0,1,0,0,0,0,0,0,0,0,129.4269068,35.4930153
JDQ4MTYyMiM4MSMkMiMkNCMkMDAkMzgxNzAyIzIxIyQxIyQ5IyQxMyQyNjEyMjIjNjEjJDEjJDQjJDgz,이연경소아청소년과의원,31,의원,260000,울산,260001,울산남구,야음동,44750,"울산광역시 남구 수암로 138, 타임스퀘어 5층 (야음동)",052-257-7555,,2005-03-18,1,0,0,0,1,0,0,0,0,0,0,0,0,0,129.3219771,35.5270563
JDQ4MTYyMiM4MSMkMiMkNCMkMDAkNDgxOTYxIzIxIyQxIyQ5IyQ4OSQyNjE0ODEjNDEjJDEjJDgjJDgz,이영달내과의원,31,의원,260000,울산,260003,울산중구,태화동,44452,"울산광역시 중구 명륜로 41, 8층 801호 (태화동)",052-243-2088,,2022-09-07,1,0,0,0,1,0,0,0,0,0,0,0,0,0,129.309225,35.5560188
JDQ4MTYyMiM4MSMkMiMkNCMkMDAkNDgxOTYxIzIxIyQyIyQ1IyQwMCQyNjE0ODEjNDEjJDEjJDQjJDgz,이영암내과의원,31,의원,260000,울산,260001,울산남구,신정동,44676,"울산광역시 남구 삼산로 51, 4층 (신정동)",052-716-0007,https://이영암내과.com,2013-02-20,3,0,0,0,3,0,0,0,0,0,0,0,0,0,129.3133909,35.534074
JDQ4MTYyMiM4MSMkMiMkNCMkMDAkMzgxMzUxIzMxIyQxIyQ3IyQ4MiQyNjE4MzIjODEjJDEjJDIjJDgz,이용하비뇨기과의원,31,의원,260000,울산,260002,울산동구,전하동,44042,"울산광역시 동구 방어진순환도로 787, (전하동)",052-251-5044,,1983-06-22,1,0,0,0,1,0,0,0,0,0,0,0,0,0,129.4305416,35.5120744
JDQ4MTYyMiM4MSMkMiMkNCMkMDAkNDgxMzUxIzIxIyQxIyQ5IyQ3MiQzNjE4MzIjNTEjJDEjJDIjJDgz,이유성형외과의원,31,의원,260000,울산,260003,울산중구,옥교동,44531,"울산광역시 중구 강북로 123, 101동 3층 305, 306, 307, 308호 (옥교동, 태화강엑소디움)",052-244-2626,http://euplastic.co.kr,2016-12-14,2,0,0,0,2,0,0,0,0,0,0,0,0,0,129.3225703,35.553143
JDQ4MTYyMiM4MSMkMSMkNCMkMTMkNDgxMzUxIzIxIyQxIyQxIyQ5MiQzNjE4MzIjNDEjJDEjJDgjJDgz,이정기한의원,93,한의원,260000,울산,260002,울산동구,화정동,44070,"울산광역시 동구 대학길 49, 2층 (화정동)",052-232-1075,,2007-03-30,1,0,0,0,0,0,0,0,0,1,0,0,0,0,129.4204314,35.4989005
JDQ4MTYyMiM4MSMkMSMkNCMkNzIkMzgxMTkxIzExIyQxIyQ3IyQ5MiQyNjEwMDIjNzEjJDEjJDgjJDgz,이좋은치과의원,51,치과의원,260000,울산,260001,울산남구,달동,44718,"울산광역시 남구 삼산로 254, 7층 (달동)",052-266-2833,,2018-06-11,1,0,0,0,0,1,0,0,0,0,0,0,0,0,129.335013,35.5385217
JDQ4MTYyMiM4MSMkMiMkNCMkMDAkNDgxOTYxIzIxIyQxIyQ5IyQ2MiQzNjEwMDIjNjEjJDEjJDAjJDgz,이주형내과의원,31,의원,260000,울산,260100,울산울주군,온양읍,44978,"울산광역시 울주군 온양읍 온양로 105, 3층",052-237-8800,,2017-10-23,1,0,0,0,1,0,0,0,0,0,0,0,0,0,129.2834115,35.4103077
JDQ4MTYyMiM4MSMkMiMkNCMkMDAkNDgxMzUxIzMxIyQxIyQzIyQ3MiQzNjEwMDIjNTEjJDEjJDIjJDgz,이준호내과의원,31,의원,260000,울산,260001,울산남구,삼산동,44719,"울산광역시 남구 삼산로278번길 8, 4층 (삼산동)",052-911-3300,,2013-06-11,1,0,0,0,1,0,0,0,0,0,0,0,0,0,129.3372881,35.5384818
JDQ4MTYyMiM4MSMkMSMkNCMkNzIkMzgxMzUxIzMxIyQxIyQ3IyQ2MiQyNjEwMDIjNjEjJDEjJDgjJDgz,이진걸치과의원,51,치과의원,260000,울산,260001,울산남구,신정동,44678,"울산광역시 남구 삼산로 25-1, 2층 (신정동)",052-276-3918,,1993-09-20,1,0,0,0,0,1,0,0,0,0,0,0,0,0,129.3106446,35.5333622
JDQ4MTYyMiM4MSMkMSMkNCMkNzIkMzgxMzUxIzQxIyQxIyQ3IyQ5MiQzNjE0ODEjODEjJDEjJDYjJDgz,이차진치과의원,51,치과의원,260000,울산,260001,울산남구,옥동,44648,"울산광역시 남구 문수로 371, 2층 (옥동)",052-266-9207,,1995-06-30,1,0,0,0,0,1,0,0,0,0,0,0,0,0,129.2941715,35.5347009
JDQ4MTYyMiM4MSMkMSMkNCMkNzIkMzgxMzUxIzUxIyQxIyQxIyQxMyQzNjEyMjIjNjEjJDEjJDgjJDgz,이창식치과의원,51,치과의원,260000,울산,260001,울산남구,무거동,44636,"울산광역시 남구 삼호로 79, (무거동)",052-247-2888,,1997-05-26,1,0,0,0,0,1,0,0,0,0,0,0,0,0,129.273177,35.5494567
JDQ4MTYyMiM4MSMkMiMkNCMkMDAkMzgxOTYxIzMxIyQxIyQzIyQ3OSQ0NjEwMDIjNTEjJDEjJDIjJDgz,이창우외과의원,31,의원,260000,울산,260002,울산동구,방어동,44089,"울산광역시 동구 방어진순환도로 505, (방어동)",052-233-7272,,1992-12-17,1,0,0,0,1,0,0,0,0,0,0,0,0,0,129.4225828,35.4883247
JDQ4MTYyMiM4MSMkMiMkNCMkMDAkNDgxMzUxIzIxIyQxIyQ5IyQ3OSQyNjE0ODEjODEjJDEjJDYjJDgz,이창훈정신건강의학과의원,31,의원,260000,울산,260001,울산남구,신정동,44667,"울산광역시 남구 대공원로 241, 4층 401호 (신정동, 대공원코오롱파크폴리스)",052-265-2051,http://,2012-01-02,1,0,0,0,1,0,0,0,0,0,0,0,0,0,129.3073521,35.5309724
JDQ4MTYyMiM4MSMkMSMkNCMkNzIkMzgxMzUxIzMxIyQxIyQ3IyQ5OSQyNjE0ODEjNTEjJDEjJDYjJDgz,이채택치과의원,51,치과의원,260000,울산,260003,울산중구,다운동,44407,"울산광역시 중구 다운로 43, (다운동)",224-0951,,1993-04-24,1,0,0,0,0,1,0,0,0,0,0,0,0,0,129.2720286,35.5583919
JDQ4MTYyMiM4MSMkMSMkNCMkNzIkMzgxOTYxIzIxIyQxIyQxIyQ3MiQzNjEyMjIjNjEjJDEjJDAjJDgz,이충섭치과의원,51,치과의원,260000,울산,260002,울산동구,서부동,44012,"울산광역시 동구 방어진순환도로 1132, 2층 (서부동, 경남은행)",052-234-2828,,2004-03-12,1,0,0,0,0,1,0,0,0,0,0,0,0,0,129.4251141,35.5398285
JDQ4MTYyMiM4MSMkMSMkNCMkNzIkMzgxMzUxIzExIyQxIyQzIyQ3OSQzNjEyMjIjNDEjJDEjJDQjJDgz,이치과의원,51,치과의원,260000,울산,260001,울산남구,신정동,44671,"울산광역시 남구 중앙로 241, (신정동)",052-273-5504,,1979-04-19,1,0,0,0,0,1,0,0,0,0,0,0,0,0,129.3109701,35.5422968
JDQ4MTYyMiM4MSMkMiMkNCMkMDAkMzgxMTkxIzExIyQxIyQzIyQxMyQyNjEyMjIjNjEjJDEjJDAjJDgz,이태일의원,31,의원,260000,울산,260100,울산울주군,온산읍,45002,"울산광역시 울주군 온산읍 영남6길 20, (온산읍)",052-239-4778,,1997-11-14,1,0,0,0,1,0,0,0,0,0,0,0,0,0,129.3078051,35.4404404
JDQ4MTYyMiM4MSMkMSMkNCMkNzIkMzgxMzUxIzIxIyQxIyQ5IyQ4OSQzNjE4MzIjNDEjJDEjJDgjJDgz,이태현치과의원,51,치과의원,260000,울산,260001,울산남구,달동,44722,"울산광역시 남구 삼산로 74, 2층 (달동)",052-268-2838,,1990-04-23,1,0,0,0,0,1,0,0,0,0,0,0,0,0,129.3159084,35.5339781
JDQ4MTYyMiM4MSMkMSMkNCMkNzIkMzgxMzUxIzMxIyQxIyQzIyQxMyQzNjE4MzIjNjEjJDEjJDQjJDgz,이튼치과의원,51,치과의원,260000,울산,260001,울산남구,달동,44718,"울산광역시 남구 삼산로 232, 3층 (달동)",052-261-8543,,2001-10-25,1,0,0,0,0,1,0,0,0,0,0,0,0,0,129.3325975,35.5380801
JDQ4MTYyMiM4MSMkMSMkNCMkNzIkMzgxMzUxIzUxIyQxIyQxIyQ3MiQyNjE0ODEjODEjJDEjJDIjJDgz,이푸른치과의원,51,치과의원,260000,울산,260001,울산남구,삼산동,44719,"울산광역시 남구 삼산중로 56, 5층 (삼산동)",052-247-7996,,2003-06-02,1,0,0,0,0,1,0,0,0,0,0,0,0,0,129.3357391,35.5385156
JDQ4MTYyMiM4MSMkMSMkNCMkNzIkMzgxMzUxIzMxIyQxIyQ3IyQ3MiQzNjEwMDIjNjEjJDEjJDgjJDgz,이플랜치과의원,51,치과의원,260000,울산,260001,울산남구,삼산동,44705,"울산광역시 남구 삼산중로 98, 201호 (삼산동)",245-2870,,2012-05-14,1,0,0,0,0,1,0,0,0,0,0,0,0,0,129.3357132,35.5421644
JDQ4MTYyMiM4MSMkMSMkNCMkMTMkMzgxNzAyIzUxIyQxIyQ1IyQ5OSQyNjE4MzIjNDEjJDEjJDgjJDgz,이현우한의원,93,한의원,260000,울산,260003,울산중구,반구동,44500,"울산광역시 중구 염포로 12, (반구동)",052-293-2120,http://www.ihwhaniwon.co.kr/,2002-04-12,1,0,0,0,0,0,0,0,0,1,0,0,0,0,129.3432478,35.5589062
JDQ4MTYyMiM4MSMkMiMkNCMkMDAkMzgxMzUxIzUxIyQxIyQ1IyQ3OSQyNjE4MzIjNTEjJDEjJDYjJDgz,이화산부인과의원,31,의원,260000,울산,260003,울산중구,성남동,44529,"울산광역시 중구 문화의거리 17, (성남동)",052-243-6035,,1986-12-02,1,0,0,0,1,0,0,0,0,0,0,0,0,0,129.3215062,35.5558909
JDQ4MTYyMiM4MSMkMiMkNCMkMDAkNDgxOTYxIzExIyQxIyQzIyQwMyQzNjEwMDIjODEjJDEjJDIjJDgz,이희정유외과의원,31,의원,260000,울산,260003,울산중구,우정동,44542,"울산광역시 중구 종가6길 8-18, 4층 (우정동)",052-227-8880,,2018-09-21,2,0,0,0,2,0,0,0,0,0,0,0,0,0,129.3106404,35.5633205
JDQ4MTYyMiM4MSMkMiMkNCMkMDAkMzgxMTkxIzMxIyQxIyQ3IyQ3OSQ0NjEwMDIjNjEjJDEjJDAjJDgz,인구보건복지협회 울산광역시지회 가족보건의원,31,의원,260000,울산,260001,울산남구,신정동,44650,"울산광역시 남구 봉월로 63, 1,2층 (신정동)",052-273-4463,,1999-04-15,3,0,0,0,3,0,0,0,0,0,0,0,0,0,129.3051854,35.5385629
JDQ4MTYyMiM4MSMkMSMkNCMkMTMkNDgxMzUxIzExIyQxIyQ3IyQ4OSQzNjEyMjIjNTEjJDEjJDYjJDgz,인동한의원,93,한의원,260000,울산,260004,울산북구,명촌동,44254,"울산광역시 북구 명촌로 83, (명촌동)",052-289-7222,,2005-02-24,1,0,0,0,0,0,0,0,0,1,0,0,0,0,129.3557536,35.553541
JDQ4MTYyMiM4MSMkMiMkNCMkMDAkNDgxMzUxIzIxIyQxIyQxIyQxMyQzNjEwMDIjNTEjJDEjJDIjJDgz,인산림의원,31,의원,260000,울산,260003,울산중구,반구동,44509,"울산광역시 중구 번영로 484, (반구동)",052-286-9788,,2013-09-24,1,0,0,0,1,0,0,0,0,0,0,0,0,0,129.3365576,35.5640873
JDQ4MTYyMiM4MSMkMSMkNCMkMTMkNDgxOTYxIzExIyQxIyQ3IyQ4OSQyNjE0ODEjNDEjJDEjJDQjJDgz,인애한의원,93,한의원,260000,울산,260001,울산남구,야음동,44750,"울산광역시 남구 수암로 134, 5층 (야음동)",052-268-1157,,2013-10-21,2,0,0,0,0,0,0,0,0,2,0,0,0,0,129.3216992,35.5272745
JDQ4MTYyMiM4MSMkMSMkNCMkNzIkMzgxMzUxIzUxIyQxIyQ1IyQ4MiQzNjEyMjIjNDEjJDEjJDgjJDgz,인재치과의원,51,치과의원,260000,울산,260003,울산중구,성남동,44529,"울산광역시 중구 새즈믄해거리 3, (성남동)",052-243-5088,,1982-12-01,1,0,0,0,0,1,0,0,0,0,0,0,0,0,129.3201868,35.5552748
JDQ4MTYyMiM4MSMkMSMkNCMkMTMkMzgxNzAyIzIxIyQxIyQxIyQ4OSQzNjEwMDIjNjEjJDEjJDgjJDgz,인제한의원,93,한의원,260000,울산,260001,울산남구,신정동,44672,"울산광역시 남구 월평로 10-1, (신정동)",052-271-6661,,1988-05-09,1,0,0,0,0,0,0,0,0,1,0,0,0,0,129.3071375,35.5405341
JDQ4MTYyMiM4MSMkMSMkNCMkOTkkNTgxMzUxIzExIyQxIyQ3IyQ3MiQzNjE0ODEjNjEjJDEjJDgjJDgz,임요양병원,28,요양병원,260000,울산,260001,울산남구,신정동,44678,"울산광역시 남구 삼산로 11, (신정동)",052-273-7114,,2010-05-19,4,0,0,0,2,0,0,0,0,2,0,0,0,0,129.3091629,35.5329411
JDQ4MTYyMiM4MSMkMiMkNCMkMDAkNDgxOTYxIzIxIyQxIyQ1IyQ4OSQzNjE4MzIjNTEjJDEjJDIjJDgz,임윤섭성형외과의원,31,의원,260000,울산,260001,울산남구,무거동,44630,"울산광역시 남구 울밀로 2906, 한솔애플타워 3층 302호 (무거동)",052-223-7900,,2021-07-27,1,0,0,0,1,0,0,0,0,0,0,0,0,0,129.2648839,35.554623
JDQ4MTYyMiM4MSMkMSMkNCMkMTMkMzgxNzAyIzIxIyQxIyQ1IyQ2MiQyNjEyMjIjNDEjJDEjJDQjJDgz,임재훈한의원,93,한의원,260000,울산,260001,울산남구,달동,44691,"울산광역시 남구 중앙로 178, (달동)",052-266-0443,,1991-01-15,1,0,0,0,0,0,0,0,0,1,0,0,0,0,129.3136087,35.5369633
JDQ4MTYyMiM4MSMkMiMkNCMkMDAkMzgxNzAyIzUxIyQxIyQ1IyQxMyQzNjE0ODEjNTEjJDEjJDYjJDgz,임정현내과의원,31,의원,260000,울산,260001,울산남구,신정동,44678,"울산광역시 남구 삼산로 17, 애플빌딩 2층 (신정동)",052-271-3288,,2008-06-10,1,0,0,0,1,0,0,0,0,0,0,0,0,0,129.3097636,35.5331537
JDQ4MTYyMiM4MSMkMSMkNCMkNzIkMzgxMzUxIzMxIyQxIyQzIyQ5OSQyNjEwMDIjNjEjJDEjJDQjJDgz,임종득치과의원,51,치과의원,260000,울산,260002,울산동구,화정동,44070,"울산광역시 동구 대학길 75, 3층 (화정동)",052-236-0358,,1991-11-05,1,0,0,0,0,0,0,0,1,0,0,0,0,0,129.4219105,35.4988153
JDQ4MTYyMiM4MSMkMiMkNCMkMDAkMzgxOTYxIzQxIyQxIyQ3IyQ4MiQyNjE4MzIjNDEjJDEjJDQjJDgz,임채갑가정의학과의원,31,의원,260000,울산,260003,울산중구,태화동,44457,"울산광역시 중구 태화로 178, 1층 (태화동)",052-292-7582,,2005-05-03,1,0,0,0,1,0,0,0,0,0,0,0,0,0,129.2951787,35.5521895
JDQ4MTYyMiM4MSMkMiMkNCMkMDAkMzgxMzUxIzMxIyQxIyQzIyQ4MiQyNjE0ODEjNzEjJDEjJDgjJDgz,임태균산부인과의원,31,의원,260000,울산,260002,울산동구,서부동,44016,"울산광역시 동구 방어진순환도로 1125, 임태균산부인과 (서부동)",052-251-5500,www.limsarang.net/,1982-02-25,1,0,0,0,1,0,0,0,0,0,0,0,0,0,129.4255369,35.5392347
JDQ4MTYyMiM4MSMkMSMkNCMkMTMkNDgxMzUxIzIxIyQxIyQxIyQ5MiQyNjE4MzIjODEjJDEjJDYjJDgz,임한제한의원,93,한의원,260000,울산,260001,울산남구,신정동,44671,"울산광역시 남구 중앙로 253, 3층 (신정동)",052-275-7533,,2007-03-05,1,0,0,0,0,0,0,0,0,1,0,0,0,0,129.310519,35.5433767
JDQ4MTYyMiM4MSMkMSMkNCMkMTMkMzgxNzAyIzMxIyQxIyQ3IyQ5OSQ0NjE0ODEjNTEjJDEjJDYjJDgz,입선한의원,93,한의원,260000,울산,260002,울산동구,방어동,44108,"울산광역시 동구 꽃바위로 262, 2층 (방어동)",052-288-1075,,2015-11-24,1,0,0,0,0,0,0,0,0,1,0,0,0,0,129.4179352,35.4829124
JDQ4MTYyMiM4MSMkMSMkNCMkMTMkNDgxOTYxIzExIyQyIyQ3IyQwMCQ0NjEwMDIjODEjJDEjJDIjJDgz,자강365한의원,93,한의원,260000,울산,260002,울산동구,화정동,44074,"울산광역시 동구 대학길 38, 2층 (화정동)",052-977-5353,,2017-04-18,1,0,0,0,0,0,0,0,0,1,0,0,0,0,129.4199844,35.4984402
JDQ4MTYyMiM4MSMkMSMkNCMkMTMkNDgxMzUxIzMxIyQxIyQzIyQ3MiQzNjE4MzIjNjEjJDEjJDgjJDgz,자성한의원,93,한의원,260000,울산,260100,울산울주군,온산읍,45006,"울산광역시 울주군 온산읍 덕남로 19, (온산읍)",052-238-1275,,1991-10-08,1,0,0,0,0,0,0,0,0,1,0,0,0,0,129.3110493,35.432726
JDQ4MTYyMiM4MSMkMSMkNCMkMTMkNDgxOTYxIzExIyQxIyQzIyQxMyQzNjE0ODEjNjEjJDEjJDAjJDgz,자연과 한의원 울산점,93,한의원,260000,울산,260001,울산남구,삼산동,44705,"울산광역시 남구 삼산로 287, 6층 (삼산동)",052-707-5168,,2021-05-04,1,0,0,0,0,0,0,0,0,0,0,0,1,0,129.3382613,35.5398053
JDQ4MTYyMiM4MSMkMSMkNCMkMTMkMzgxMTkxIzExIyQxIyQzIyQwMyQyNjE0ODEjODEjJDEjJDIjJDgz,자연뜰한방병원,92,한방병원,260000,울산,260001,울산남구,야음동,44750,"울산광역시 남구 수암로 138, 9-11층 (야음동)",052-933-1075,,2020-08-18,4,1,0,0,0,0,0,0,0,3,0,0,0,0,129.3219771,35.5270563
JDQ4MTYyMiM4MSMkMSMkNCMkNzIkMzgxOTYxIzIxIyQxIyQ5IyQ2MiQzNjEwMDIjNDEjJDEjJDgjJDgz,자연이치과의원,51,치과의원,260000,울산,260004,울산북구,상안동,44209,"울산광역시 북구 신답로 40, 지팝프라자 311호 (상안동)",052-295-2875,,2007-05-23,1,0,0,0,0,0,0,0,1,0,0,0,0,0,129.3436065,35.6292814
JDQ4MTYyMiM4MSMkMSMkNCMkMTMkNDgxMzUxIzMxIyQxIyQ3IyQ3MiQyNjE4MzIjNDEjJDEjJDQjJDgz,자연한의원,93,한의원,260000,울산,260001,울산남구,옥동,44662,"울산광역시 남구 문수로 362, 1층 (옥동, 옥동디아채주상복합아파트)",052-266-1075,,2012-09-13,1,0,0,0,0,0,0,0,0,0,0,0,1,0,129.2931294,35.5341786
JDQ4MTYyMiM4MSMkMSMkNCMkNzIkMzgxOTYxIzUxIyQxIyQ1IyQ5MiQ0NjEwMDIjODEjJDEjJDIjJDgz,자이삼성치과의원,51,치과의원,260000,울산,260001,울산남구,달동,44707,"울산광역시 남구 삼산로 231, 4층 404~406호 (달동, 울산센트럴자이)",052-716-7214,,2016-02-18,1,0,0,0,0,0,0,0,1,0,0,0,0,0,129.3327131,35.5386826
JDQ4MTYyMiM4MSMkMSMkNCMkMTMkNDgxMzUxIzUxIyQxIyQxIyQ2MiQzNjEyMjIjNDEjJDEjJDQjJDgz,자임부부한의원,93,한의원,260000,울산,260001,울산남구,삼산동,44709,"울산광역시 남구 돋질로 337-1, 1층 (삼산동)",052-268-0012,,2015-08-11,2,0,0,0,0,0,0,0,0,2,0,0,0,0,129.3418252,35.5441151
JDQ4MTYyMiM4MSMkMSMkNCMkOTkkMzgxMzUxIzMxIyQxIyQzIyQxMyQzNjEyMjIjNTEjJDEjJDYjJDgz,자재병원,21,병원,260000,울산,260100,울산울주군,상북면,44908,"울산광역시 울주군 상북면 소야정길 216-39, (상북면)",052-255-8400,www.jajae-hospital.com,2013-07-25,2,0,0,0,2,0,0,0,0,0,0,0,0,0,129.0671927,35.6059053
JDQ4MTYyMiM4MSMkMSMkNCMkNzIkMzgxOTYxIzUxIyQxIyQxIyQxMyQzNjEwMDIjNTEjJDEjJDYjJDgz,장검에이스치과의원,51,치과의원,260000,울산,260100,울산울주군,범서읍,44932,"울산광역시 울주군 범서읍 장검길 91, 2층",052-225-2882,,2014-10-20,1,0,0,0,0,0,0,0,1,0,0,0,0,0,129.2519116,35.551349
JDQ4MTYyMiM4MSMkMSMkNCMkMTMkMzgxNzAyIzExIyQxIyQzIyQ5MiQzNjEwMDIjNzEjJDEjJDgjJDgz,장수한의원,93,한의원,260000,울산,260003,울산중구,반구동,44515,"울산광역시 중구 염포로 9, (반구동)",052-293-0341,,1983-03-17,1,0,0,0,0,0,0,0,0,1,0,0,0,0,129.3426945,35.5590611
JDQ4MTYyMiM4MSMkMiMkNCMkMDAkMzgxOTYxIzQxIyQxIyQ3IyQ3OSQ0NjE0ODEjNzEjJDEjJDgjJDgz,장안과의원,31,의원,260000,울산,260003,울산중구,옥교동,44531,"울산광역시 중구 학성로 116, 2층 (옥교동)",052-243-5205,,1994-09-17,1,0,0,0,1,0,0,0,0,0,0,0,0,0,129.3236835,35.5555599
JDQ4MTYyMiM4MSMkMSMkNCMkMTMkMzgxNzAyIzIxIyQxIyQxIyQwMyQzNjEyMjIjNjEjJDEjJDQjJDgz,재승한의원,93,한의원,260000,울산,260001,울산남구,삼산동,44698,"울산광역시 남구 돋질로 291, (삼산동)",052-275-7416,,1991-11-19,1,0,0,0,0,0,0,0,0,1,0,0,0,0,129.3366572,35.5445128
JDQ4MTYyMiM4MSMkMiMkNCMkMDAkNDgxMzUxIzExIyQxIyQ3IyQwMyQyNjEyMjIjNjEjJDEjJDAjJDgz,전내과의원,31,의원,260000,울산,260001,울산남구,달동,44727,"울산광역시 남구 번영로107번길 1, 3~5층 (달동)",052-267-7272,,2001-03-13,3,0,0,0,3,0,0,0,0,0,0,0,0,0,129.3287439,35.5347847
JDQ4MTYyMiM4MSMkMiMkNCMkMDAkMzgxOTYxIzExIyQyIyQ3IyQwMCQzNjE0ODEjODEjJDEjJDIjJDgz,전병찬신경외과의원,31,의원,260000,울산,260001,울산남구,달동,44694,"울산광역시 남구 돋질로 150, 1~2층 (달동)",052-977-0030,,2022-03-23,2,0,0,0,2,0,0,0,0,0,0,0,0,0,129.3219987,35.5402259
JDQ4MTYyMiM4MSMkMSMkNCMkNzIkMzgxMzUxIzQxIyQxIyQ3IyQ4MiQyNjE0ODEjODEjJDEjJDYjJDgz,전영호치과의원,51,치과의원,260000,울산,260003,울산중구,학산동,44519,"울산광역시 중구 학성로 155, (학산동)",052-244-1223,,1995-05-09,1,0,0,0,0,1,0,0,0,0,0,0,0,0,129.3279915,35.5567222
JDQ4MTYyMiM4MSMkMiMkNCMkMDAkNDgxMzUxIzUxIyQxIyQ1IyQ3OSQzNjE4MzIjODEjJDEjJDIjJDgz,전용진정형외과의원,31,의원,260000,울산,260001,울산남구,삼산동,44719,"울산광역시 남구 삼산로 266, 5층 (삼산동, 굿모닝클리닉)",052-260-0504,,2016-09-05,1,0,0,0,1,0,0,0,0,0,0,0,0,0,129.3362911,35.5387849
JDQ4MTYyMiM4MSMkMiMkNCMkMDAkMzgxMzUxIzQxIyQxIyQ3IyQ5OSQzNjE0ODEjNTEjJDEjJDYjJDgz,전재기이비인후과의원,31,의원,260000,울산,260003,울산중구,성남동,44532,"울산광역시 중구 학성로 94-1, (성남동)",052-243-6727,,1984-03-13,1,0,0,0,1,0,0,0,0,0,0,0,0,0,129.3212966,35.5551444
JDQ4MTYyMiM4MSMkMSMkNCMkNzIkMzgxOTYxIzUxIyQxIyQ1IyQ3OSQzNjE0ODEjNjEjJDEjJDgjJDgz,전재민치과의원,51,치과의원,260000,울산,260001,울산남구,신정동,44690,"울산광역시 남구 중앙로 224, 2층 (신정동)",052-227-1275,,2006-11-28,1,0,0,0,0,1,0,0,0,0,0,0,0,0,129.3120765,35.5409432
JDQ4MTYyMiM4MSMkMSMkNCMkNzIkMzgxOTYxIzExIyQxIyQ3IyQ2MiQyNjEwMDIjNDEjJDEjJDQjJDgz,전치과의원,51,치과의원,260000,울산,260100,울산울주군,언양읍,44946,"울산광역시 울주군 언양읍 동문길 72, (언양읍)",052-262-0975,,1996-07-05,1,0,0,0,0,1,0,0,0,0,0,0,0,0,129.1245721,35.5650351
JDQ4MTYyMiM4MSMkMSMkNCMkNzIkMzgxOTYxIzMxIyQxIyQzIyQwMyQ0NjE0ODEjNDEjJDEjJDgjJDgz,전치과의원,51,치과의원,260000,울산,260004,울산북구,천곡동,44202,"울산광역시 북구 가재길 86, 2층 (천곡동)",052-286-7582,,2009-10-05,1,0,0,0,0,1,0,0,0,0,0,0,0,0,129.3327717,35.6339753
JDQ4MTYyMiM4MSMkMSMkNCMkNzIkMzgxOTYxIzMxIyQxIyQzIyQ2MiQyNjE0ODEjNzEjJDEjJDgjJDgz,정겨운치과의원,51,치과의원,260000,울산,260100,울산울주군,언양읍,44946,"울산광역시 울주군 언양읍 헌양길 37, (지역농협)",052-254-3377,,2008-11-06,1,0,0,0,0,1,0,0,0,0,0,0,0,0,129.1251672,35.5647637
JDQ4MTYyMiM4MSMkMiMkNCMkMDAkNDgxMzUxIzIxIyQxIyQxIyQ4MiQzNjE0ODEjNTEjJDEjJDIjJDgz,정내과의원,31,의원,260000,울산,260003,울산중구,다운동,44408,"울산광역시 중구 다운로 47, (다운동)",052-295-8822,,2013-09-02,1,0,0,0,1,0,0,0,0,0,0,0,0,0,129.2717959,35.5585768
JDQ4MTYyMiM4MSMkMiMkNCMkMDAkMzgxMTkxIzUxIyQxIyQxIyQwMyQyNjE4MzIjNjEjJDEjJDgjJDgz,정병오내과의원,31,의원,260000,울산,260002,울산동구,전하동,44043,"울산광역시 동구 진성14길 118, 2층 201호 (전하동)",052-235-0067,,2001-11-20,1,0,0,0,1,0,0,0,0,0,0,0,0,0,129.4262017,35.5109063
JDQ4MTYyMiM4MSMkMiMkNCMkMDAkMzgxNzAyIzExIyQxIyQzIyQ3MiQzNjE4MzIjNDEjJDEjJDgjJDgz,정비뇨기과의원,31,의원,260000,울산,260004,울산북구,신천동,44224,"울산광역시 북구 제내1길 2, 306호 (신천동, 필그린상가)",052-286-2286,,2002-08-20,1,0,0,0,1,0,0,0,0,0,0,0,0,0,129.351375,35.6313325
JDQ4MTYyMiM4MSMkMSMkNCMkNzIkMzgxMzUxIzIxIyQyIyQ5IyQwMCQ0NjEwMDIjNDEjJDEjJDgjJDgz,정상모치과의원,51,치과의원,260000,울산,260003,울산중구,다운동,44402,"울산광역시 중구 다운로 118, 2층 (다운동)",052-222-7738,,2009-09-21,1,0,0,0,0,1,0,0,0,0,0,0,0,0,129.2669942,35.5633208
JDQ4MTYyMiM4MSMkMiMkNCMkMDAkNDgxOTYxIzMxIyQxIyQzIyQ4OSQzNjE0ODEjNDEjJDEjJDgjJDgz,정석외과의원,31,의원,260000,울산,260001,울산남구,신정동,44730,"울산광역시 남구 삼산로 48, 연세메디컬빌딩 8층 (신정동)",052-272-8879,,2024-02-05,1,0,0,0,1,0,0,0,0,0,0,0,0,0,129.3130006,35.5333972
JDQ4MTYyMiM4MSMkMSMkNCMkNzIkMzgxMTkxIzExIyQxIyQ3IyQ5MiQzNjEyMjIjODEjJDEjJDIjJDgz,정성드림치과의원,51,치과의원,260000,울산,260001,울산남구,야음동,44750,"울산광역시 남구 수암로 134, 3층 (야음동)",052-275-0403,,2006-10-24,1,0,0,0,0,0,0,0,1,0,0,0,0,0,129.3216992,35.5272745
JDQ4MTYyMiM4MSMkMSMkNCMkMTMkNDgxMzUxIzIxIyQxIyQxIyQ2MiQyNjEyMjIjODEjJDEjJDYjJDgz,정성한의원,93,한의원,260000,울산,260003,울산중구,태화동,44457,"울산광역시 중구 태화로 182, (태화동)",052-246-3075,,2006-09-27,1,0,0,0,0,0,0,0,0,0,0,0,1,0,129.2955358,35.552083
JDQ4MTYyMiM4MSMkMiMkNCMkMDAkMzgxOTYxIzIxIyQyIyQ5IyQwMCQyNjE0ODEjNjEjJDEjJDAjJDgz,정소아청소년과의원,31,의원,260000,울산,260001,울산남구,신정동,44671,"울산광역시 남구 중앙로 243-1, 4층 (신정동)",052-266-9363,,1992-03-28,2,0,0,0,2,0,0,0,0,0,0,0,0,0,129.3108423,35.5425363
JDQ4MTYyMiM4MSMkMiMkNCMkMDAkMzgxMTkxIzIxIyQxIyQxIyQxMyQyNjEwMDIjODEjJDEjJDYjJDgz,정안과의원,31,의원,260000,울산,260001,울산남구,무거동,44632,"울산광역시 남구 북부순환도로 13, 2층 (무거동)",052-247-8275,,1998-11-23,1,0,0,0,1,0,0,0,0,0,0,0,0,0,129.2651563,35.5514655
JDQ4MTYyMiM4MSMkMSMkNCMkOTkkNTgxMzUxIzIxIyQxIyQ1IyQ2MiQ0NjEwMDIjNTEjJDEjJDIjJDgz,정안요양병원,28,요양병원,260000,울산,260004,울산북구,천곡동,44200,"울산광역시 북구 관문길 251, (천곡동)",052-295-2888,,2017-11-28,4,1,0,0,1,0,0,0,0,2,0,0,0,0,129.3134297,35.6543032
JDQ4MTYyMiM4MSMkMiMkNCMkMDAkNDgxMzUxIzExIyQxIyQ3IyQ2MiQzNjEwMDIjNDEjJDEjJDQjJDgz,정애경미즈유의원,31,의원,260000,울산,260001,울산남구,삼산동,44705,"울산광역시 남구 삼산로 281, (삼산동)",052-261-6006,http://www.mizyou.com/,2009-10-08,1,0,0,0,1,0,0,0,0,0,0,0,0,0,129.3376525,35.5396876
JDQ4MTYyMiM4MSMkMiMkNCMkMDAkNDgxMzUxIzUxIyQxIyQxIyQ4MiQyNjEwMDIjNjEjJDEjJDgjJDgz,정연정산부인과의원,31,의원,260000,울산,260003,울산중구,태화동,44452,"울산광역시 중구 명륜로 17, 4층 (태화동, SNU우정병원)",052-252-7737,,2016-05-10,1,0,0,0,1,0,0,0,0,0,0,0,0,0,129.3086913,35.5539244
JDQ4MTYyMiM4MSMkMSMkNCMkMTMkMzgxNzAyIzIxIyQxIyQ5IyQ3OSQ0NjEwMDIjNjEjJDEjJDAjJDgz,정용해한의원,93,한의원,260000,울산,260003,울산중구,학성동,44526,"울산광역시 중구 옥교11길 6-3, (학성동)",052-281-6986,,1992-05-30,1,0,0,0,0,0,0,0,0,1,0,0,0,0,129.3352008,35.5553976
JDQ4MTYyMiM4MSMkMiMkNCMkMDAkNDgxOTYxIzMxIyQxIyQzIyQ4MiQyNjE0ODEjNjEjJDEjJDAjJDgz,정원정신건강의학과의원,31,의원,260000,울산,260002,울산동구,일산동,44067,"울산광역시 동구 방어진순환도로 651, 9층 (일산동)",052-236-7575,,1992-01-16,2,0,0,0,2,0,0,0,0,0,0,0,0,0,129.4282112,35.5000159
JDQ4MTYyMiM4MSMkMiMkNCMkMDAkMzgxMTkxIzMxIyQxIyQ3IyQ2MiQ0NjEwMDIjNTEjJDEjJDYjJDgz,정유성류마내과의원,31,의원,260000,울산,260001,울산남구,신정동,44671,"울산광역시 남구 중앙로 263, (신정동)",052-258-2583,,2000-10-09,1,0,0,0,1,0,0,0,0,0,0,0,0,0,129.3102357,35.5441326
JDQ4MTYyMiM4MSMkMSMkNCMkNzIkMzgxOTYxIzExIyQyIyQ3IyQwMCQyNjE0ODEjNjEjJDEjJDAjJDgz,정인치과의원,51,치과의원,260000,울산,260004,울산북구,천곡동,44204,"울산광역시 북구 아진로 106-2, (천곡동)",052-286-6300,,2001-10-18,1,0,0,0,0,1,0,0,0,0,0,0,0,0,129.3375188,35.6309495
JDQ4MTYyMiM4MSMkMiMkNCMkMDAkMzgxMzUxIzUxIyQxIyQxIyQ3MiQ0NjEwMDIjNTEjJDEjJDIjJDgz,정태영이비인후과의원,31,의원,260000,울산,260002,울산동구,전하동,44034,"울산광역시 동구 전하로 2, (전하동)",052-233-3803,,1986-04-09,1,0,0,0,1,0,0,0,0,0,0,0,0,0,129.4305279,35.5123731
JDQ4MTYyMiM4MSMkMiMkNCMkMDAkMzgxNzAyIzUxIyQxIyQ1IyQxMyQyNjEwMDIjODEjJDEjJDYjJDgz,정피부과의원,31,의원,260000,울산,260001,울산남구,삼산동,44719,"울산광역시 남구 삼산로 272, 1201호 (삼산동)",052-707-1234,,2008-06-05,1,0,0,0,1,0,0,0,0,0,0,0,0,0,129.3368838,35.5388969
JDQ4MTYyMiM4MSMkMSMkNCMkMTMkNDgxMzUxIzExIyQxIyQ3IyQ3OSQyNjEwMDIjNjEjJDEjJDQjJDgz,정한의원,93,한의원,260000,울산,260003,울산중구,성안동,44421,"울산광역시 중구 성안로 188, 2층 (성안동)",052-242-2244,,2011-05-25,1,0,0,0,0,0,0,0,0,1,0,0,0,0,129.3176713,35.5768027
JDQ4MTYyMiM4MSMkMiMkNCMkMDAkNDgxOTYxIzExIyQxIyQzIyQwMyQyNjE4MzIjNDEjJDEjJDgjJDgz,정현철케이내과의원,31,의원,260000,울산,260003,울산중구,남외동,44495,"울산광역시 중구 번영로 590, 5층(일부), 6층 (남외동)",052-988-3600,,2018-09-19,1,0,0,0,1,0,0,0,0,0,0,0,0,0,129.3465085,35.5689533
JDQ4MTYyMiM4MSMkMiMkNCMkMDAkMzgxNzAyIzMxIyQyIyQzIyQwMCQzNjEwMDIjNTEjJDEjJDIjJDgz,정희승가정의원,31,의원,260000,울산,260100,울산울주군,범서읍,44931,"울산광역시 울주군 범서읍 천상길 2, 3층",052-248-5575,,2015-03-20,1,0,0,0,1,0,0,0,0,0,0,0,0,0,129.2314252,35.5623033
JDQ4MTYyMiM4MSMkMiMkNCMkMDAkMzgxMTkxIzIxIyQxIyQxIyQwMyQzNjE0ODEjNjEjJDEjJDgjJDgz,제갈이비인후과의원,31,의원,260000,울산,260001,울산남구,신정동,44678,"울산광역시 남구 삼산로 25-1, 5층 (신정동)",052-267-4733,,1998-11-04,1,0,0,0,1,0,0,0,0,0,0,0,0,0,129.3106446,35.5333622
JDQ4MTYyMiM4MSMkMSMkNCMkOTkkMzgxMzUxIzMxIyQxIyQzIyQ4MiQzNjE4MzIjNDEjJDEjJDQjJDgz,제니스병원,21,병원,260000,울산,260001,울산남구,달동,44703,"울산광역시 남구 번영로 160, 1층 일부 2~3, 5~10층 (달동)",052-274-2009,,2019-09-02,19,1,0,0,18,0,0,0,0,0,0,0,0,0,129.3276025,35.5394876
JDQ4MTYyMiM4MSMkMiMkNCMkMDAkNDgxMzUxIzExIyQxIyQ3IyQ3MiQzNjE4MzIjNTEjJDEjJDYjJDgz,제니스여성의원,31,의원,260000,울산,260002,울산동구,서부동,44031,"울산광역시 동구 명덕로 6, 4층 (서부동)",052-234-4001,www.jenith.kr/,2009-10-22,1,0,0,0,1,0,0,0,0,0,0,0,0,0,129.4320652,35.5225479
JDQ4MTYyMiM4MSMkMSMkNCMkNzIkMzgxMTkxIzIxIyQxIyQ1IyQ4OSQzNjEwMDIjODEjJDEjJDYjJDgz,제니스치과의원,51,치과의원,260000,울산,260004,울산북구,송정동,44236,"울산광역시 북구 화산로 101, 3층 304~305호 (송정동)",052-923-2875,,2023-08-01,1,0,0,0,0,0,0,0,1,0,0,0,0,0,129.3654708,35.6009922
JDQ4MTYyMiM4MSMkMSMkNCMkMTMkMzgxNzAyIzIxIyQxIyQ5IyQ2MiQ0NjE0ODEjNjEjJDEjJDQjJDgz,제민한의원,93,한의원,260000,울산,260002,울산동구,동부동,44006,"울산광역시 동구 동해안로 27, (동부동)",052-235-5399,,1993-06-04,1,0,0,0,0,0,0,0,0,1,0,0,0,0,129.4263512,35.5418296
JDQ4MTYyMiM4MSMkMSMkNCMkNzIkMzgxOTYxIzMxIyQxIyQ3IyQ4MiQzNjE0ODEjNDEjJDEjJDgjJDgz,제밀치과의원,51,치과의원,260000,울산,260001,울산남구,무거동,44611,"울산광역시 남구 대학로 128, 401호 (무거동)",052-249-2822,,2011-02-28,1,0,0,0,0,1,0,0,0,0,0,0,0,0,129.261577,35.5459722
JDQ4MTYyMiM4MSMkMSMkNCMkMTMkNDgxMzUxIzExIyQxIyQzIyQwMyQzNjE4MzIjNjEjJDEjJDgjJDgz,제세한의원,93,한의원,260000,울산,260002,울산동구,방어동,44099,"울산광역시 동구 화문로 64, 2층 (방어동)",052-234-1075,,2004-08-31,1,0,0,0,0,0,0,0,0,1,0,0,0,0,129.4158929,35.4831418
JDQ4MTYyMiM4MSMkMSMkNCMkNzIkMzgxMzUxIzIxIyQxIyQ5IyQ5MiQzNjEyMjIjNjEjJDEjJDgjJDgz,제이앤디(J&D)복이치과의원,51,치과의원,260000,울산,260001,울산남구,무거동,44632,"울산광역시 남구 북부순환도로 17, 1511~1512호 (무거동, 남운프라자)",052-246-2828,,2016-01-04,1,0,0,0,0,1,0,0,0,0,0,0,0,0,129.2653641,35.5517129
JDQ4MTYyMiM4MSMkMiMkNCMkMDAkNDgxOTYxIzIxIyQxIyQxIyQ5OSQ0NjE0ODEjNDEjJDEjJDgjJDgz,제이유의원,31,의원,260000,울산,260001,울산남구,옥동,44648,"울산광역시 남구 문수로 377, 대공원센트럴하임더시티 3층 302,303호 (옥동)",052-271-7954,,2020-06-12,1,1,0,0,0,0,0,0,0,0,0,0,0,0,129.2948841,35.534746
JDQ4MTYyMiM4MSMkMSMkNCMkMTMkMzgxNzAyIzExIyQxIyQ3IyQwMyQ0NjE0ODEjNjEjJDEjJDQjJDgz,제일 한의원,93,한의원,260000,울산,260003,울산중구,다운동,44406,"울산광역시 중구 다운로 16-1, (다운동)",052-221-2737,,1987-06-30,1,0,0,0,0,0,0,0,0,1,0,0,0,0,129.2745299,35.5569206
JDQ4MTYyMiM4MSMkMiMkNCMkMDAkNDgxOTYxIzExIyQxIyQzIyQ5OSQzNjE4MzIjNDEjJDEjJDgjJDgz,제일속건강의원,31,의원,260000,울산,260100,울산울주군,언양읍,44946,"울산광역시 울주군 언양읍 헌양길 57-1, 4층",052-263-7585,,2018-01-24,1,0,0,0,1,0,0,0,0,0,0,0,0,0,129.1240613,35.5648253
JDQ4MTYyMiM4MSMkMiMkNCMkMDAkMzgxNzAyIzIxIyQyIyQ5IyQwMCQzNjE4MzIjNTEjJDEjJDIjJDgz,제일의원,31,의원,260000,울산,260002,울산동구,방어동,44093,"울산광역시 동구 문현로 40-1, (방어동)",052-201-5300,,2003-06-10,1,0,0,0,1,0,0,0,0,0,0,0,0,0,129.4131991,35.4848866
JDQ4MTYyMiM4MSMkMSMkNCMkNzIkMzgxMzUxIzIxIyQxIyQ1IyQ4MiQzNjEyMjIjNTEjJDEjJDIjJDgz,제일치과의원,51,치과의원,260000,울산,260001,울산남구,삼산동,44705,"울산광역시 남구 삼산중로 84, 4층 (삼산동)",052-234-2875,,1999-10-01,2,0,0,0,0,2,0,0,0,0,0,0,0,0,129.3356964,35.5410707
JDQ4MTYyMiM4MSMkMSMkNCMkMTMkNDgxMzUxIzUxIyQxIyQ1IyQ4OSQyNjE4MzIjNDEjJDEjJDQjJDgz,제일한의원,93,한의원,260000,울산,260001,울산남구,신정동,44684,"울산광역시 남구 팔등로 86-1, 3층 (신정동)",052-257-1275,,2016-08-18,1,0,0,0,0,0,0,0,0,1,0,0,0,0,129.3158812,35.5459812
JDQ4MTYyMiM4MSMkMSMkNCMkNzIkMzgxMTkxIzIxIyQxIyQxIyQ3MiQzNjE4MzIjODEjJDEjJDIjJDgz,조복래치과의원,51,치과의원,260000,울산,260002,울산동구,서부동,44033,"울산광역시 동구 명덕로 15, 201호 (서부동)",052-262-2875,,2021-12-15,1,0,0,0,0,1,0,0,0,0,0,0,0,0,129.4308284,35.5223703
JDQ4MTYyMiM4MSMkMiMkNCMkMDAkNDgxOTYxIzExIyQxIyQzIyQ4OSQyNjE0ODEjNjEjJDEjJDgjJDgz,조석수비뇨기과의원,31,의원,260000,울산,260003,울산중구,약사동,44479,"울산광역시 중구 번영로 485, 3층 (약사동)",052-296-0075,,2017-10-27,1,0,0,0,1,0,0,0,0,0,0,0,0,0,129.3362675,35.5648131
JDQ4MTYyMiM4MSMkMSMkNCMkNzIkMzgxMzUxIzUxIyQxIyQxIyQ4OSQzNjEwMDIjNDEjJDEjJDQjJDgz,조승기치과의원,51,치과의원,260000,울산,260001,울산남구,야음동,44765,"울산광역시 남구 수암로288번길 2, (야음동)",052-258-2406,,1996-05-01,1,0,0,0,0,1,0,0,0,0,0,0,0,0,129.3358124,35.5212402
JDQ4MTYyMiM4MSMkMSMkNCMkMTMkNDgxMzUxIzIxIyQxIyQ1IyQwMyQzNjEyMjIjNzEjJDEjJDgjJDgz,조웅한의원,93,한의원,260000,울산,260001,울산남구,삼산동,44700,"울산광역시 남구 삼산중로 125, 2층 (삼산동)",052-258-1175,,2008-08-28,1,0,0,0,0,0,0,0,0,1,0,0,0,0,129.3354559,35.5448262
JDQ4MTYyMiM4MSMkMiMkNCMkMDAkNDgxMzUxIzExIyQxIyQzIyQ4MiQzNjE0ODEjNDEjJDEjJDQjJDgz,조윤성내과의원,31,의원,260000,울산,260004,울산북구,상안동,44209,"울산광역시 북구 신답로 48, 3층 6호 (상안동, 프리지아)",052-293-7171,,2009-03-03,1,0,0,0,1,0,0,0,0,0,0,0,0,0,129.3432026,35.6290844
JDQ4MTYyMiM4MSMkMSMkNCMkNzIkMzgxOTYxIzQxIyQxIyQ3IyQ5OSQzNjEwMDIjNjEjJDEjJDgjJDgz,조은치과의원,51,치과의원,260000,울산,260100,울산울주군,언양읍,44941,"울산광역시 울주군 언양읍 헌양길 24, (언양읍)",052-225-2275,,2012-01-02,1,0,0,0,0,1,0,0,0,0,0,0,0,0,129.1261998,35.5646547
JDQ4MTYyMiM4MSMkMSMkNCMkNzIkMzgxMTkxIzExIyQxIyQzIyQ3OSQ0NjEwMDIjNjEjJDEjJDQjJDgz,조은턱치과의원,51,치과의원,260000,울산,260001,울산남구,달동,44718,"울산광역시 남구 삼산로 216, 4층 (달동)",052-716-1028,,2016-08-04,1,0,0,0,0,1,0,0,0,0,0,0,0,0,129.3309397,35.5377737
JDQ4MTYyMiM4MSMkMSMkNCMkNzIkMzgxMzUxIzMxIyQxIyQzIyQwMyQzNjE4MzIjODEjJDEjJDIjJDgz,조이플란트치과의원,51,치과의원,260000,울산,260003,울산중구,반구동,44510,"울산광역시 중구 번영로 470, MG중 울산 1층(반구동) (반구동)",052-265-0001,http://www.joyplant.co.kr/,2009-12-30,1,0,0,0,0,1,0,0,0,0,0,0,0,0,129.3355912,35.5634428
JDQ4MTYyMiM4MSMkMiMkNCMkMDAkMzgxMTkxIzUxIyQxIyQ1IyQ5MiQzNjE4MzIjODEjJDEjJDIjJDgz,조재민이비인후과의원,31,의원,260000,울산,260100,울산울주군,범서읍,44930,"울산광역시 울주군 범서읍 천상중앙길 95, 2층 (한솔빌딩)",052-245-0353,,2002-04-16,1,0,0,0,1,0,0,0,0,0,0,0,0,0,129.2261874,35.562448
JDQ4MTYyMiM4MSMkMiMkNCMkMDAkNDgxOTYxIzIxIyQxIyQ5IyQ3MiQyNjE4MzIjNjEjJDEjJDQjJDgz,조창현정형외과의원,31,의원,260000,울산,260003,울산중구,남외동,44495,"울산광역시 중구 번영로 580, SkyM빌딩 2층 202호 (남외동)",052-707-7500,,2023-04-04,1,0,0,0,1,0,0,0,0,0,0,0,0,0,129.3453715,35.5685691
JDQ4MTYyMiM4MSMkMSMkNCMkMTMkNDgxOTYxIzExIyQyIyQzIyQwMCQzNjEyMjIjNzEjJDEjJDgjJDgz,좋은날한의원,93,한의원,260000,울산,260004,울산북구,매곡동,44223,"울산광역시 북구 매산로 15, 참조은 빌딩 4층 (매곡동)",052-286-9006,,2019-07-29,1,0,0,0,0,0,0,0,0,1,0,0,0,0,129.3571198,35.6417384
JDQ4MTYyMiM4MSMkMiMkNCMkMDAkMzgxMTkxIzUxIyQxIyQ1IyQ5OSQyNjE4MzIjODEjJDEjJDYjJDgz,좋은산부인과의원,31,의원,260000,울산,260001,울산남구,삼산동,44719,"울산광역시 남구 삼산로278번길 8, 3층 (삼산동)",052-261-1275,http://좋은산부인과.한국,2010-09-30,0,0,0,0,0,0,0,0,0,0,0,0,0,0,129.3372881,35.5384818
JDQ4MTYyMiM4MSMkMSMkNCMkOTkkNTgxMzUxIzIxIyQxIyQxIyQxMyQyNjE4MzIjNTEjJDEjJDYjJDgz,좋은요양병원,28,요양병원,260000,울산,260001,울산남구,삼산동,44711,"울산광역시 남구 남중로 132, 2~5층 (삼산동)",052-268-7007,,2015-04-15,4,0,0,0,2,0,0,0,0,2,0,0,0,0,129.3487998,35.5462286
JDQ4MTYyMiM4MSMkMSMkNCMkOTkkMzgxMzUxIzMxIyQxIyQzIyQ4MiQyNjE4MzIjNzEjJDEjJDgjJDgz,좋은의사들안과병원,21,병원,260000,울산,260001,울산남구,달동,44703,"울산광역시 남구 삼산로 213, 웰빙메디타워 2~7, 10층 (달동)",052-276-3500,,2019-05-30,3,0,0,0,3,0,0,0,0,0,0,0,0,0,129.3304127,35.5383306
JDQ4MTYyMiM4MSMkMSMkNCMkMTMkMzgxNzAyIzQxIyQxIyQ3IyQ3MiQzNjEwMDIjNzEjJDEjJDgjJDgz,좋은한의원,93,한의원,260000,울산,260003,울산중구,우정동,44465,"울산광역시 중구 유곡로 16, 109호 (우정동)",052-261-6795,,2009-11-16,1,0,0,0,0,0,0,0,0,1,0,0,0,0,129.3079327,35.5565536
JDQ4MTYyMiM4MSMkMiMkNCMkMDAkMzgxOTYxIzIxIyQxIyQ1IyQwMyQ0NjEwMDIjODEjJDEjJDIjJDgz,주소아청소년과의원,31,의원,260000,울산,260003,울산중구,유곡동,44539,"울산광역시 중구 종가4길 9, 3층 (유곡동)",052-248-0099,,2015-05-21,1,0,0,0,1,0,0,0,0,0,0,0,0,0,129.2955875,35.5603485
JDQ4MTYyMiM4MSMkMiMkNCMkMDAkMzgxMTkxIzExIyQxIyQ3IyQ3OSQzNjE0ODEjNDEjJDEjJDgjJDgz,주연의원,31,의원,260000,울산,260001,울산남구,삼산동,44719,"울산광역시 남구 삼산로 260, 2 6층일부층 (삼산동)",052-243-2030,,2013-04-01,1,1,0,0,0,0,0,0,0,0,0,0,0,0,129.3356602,35.5386785
JDQ4MTYyMiM4MSMkMiMkNCMkMDAkNDgxMzUxIzIxIyQxIyQxIyQxMyQzNjEyMjIjNDEjJDEjJDgjJDgz,주영여성의원,31,의원,260000,울산,260001,울산남구,달동,44725,"울산광역시 남구 삼산로 136, 4층 (달동)",052-700-7580,,2023-01-02,2,0,0,0,2,0,0,0,0,0,0,0,0,0,129.3223178,35.5357847
JDQ4MTYyMiM4MSMkMSMkNCMkNzIkMzgxMzUxIzMxIyQyIyQ3IyQwMCQ0NjE0ODEjNjEjJDEjJDgjJDgz,주치과의원,51,치과의원,260000,울산,260001,울산남구,야음동,44755,"울산광역시 남구 중앙로 6, 3층 (야음동)",052-293-0613,,2008-06-12,1,0,0,0,0,1,0,0,0,0,0,0,0,0,129.319236,35.5222977
JDQ4MTYyMiM4MSMkMiMkNCMkMDAkMzgxOTYxIzExIyQxIyQzIyQ4OSQyNjE4MzIjODEjJDEjJDYjJDgz,주효섭소아청소년과의원,31,의원,260000,울산,260002,울산동구,전하동,44044,"울산광역시 동구 진성14길 90, (전하동)",052-235-3733,www.jhsbaby.co.kr/,1988-04-19,1,0,0,0,1,0,0,0,0,0,0,0,0,0,129.4259971,35.5092967
JDQ4MTYyMiM4MSMkMSMkNCMkNzIkMzgxOTYxIzIxIyQxIyQxIyQwMyQzNjEwMDIjODEjJDEjJDIjJDgz,준치과의원,51,치과의원,260000,울산,260004,울산북구,염포동,44260,"울산광역시 북구 염포로 679, (염포동)",052-287-2870,,2004-06-25,1,0,0,0,0,1,0,0,0,0,0,0,0,0,129.3918065,35.532323
JDQ4MTYyMiM4MSMkMSMkNCMkMTMkNDgxMzUxIzExIyQxIyQzIyQ4MiQyNjE4MzIjODEjJDEjJDYjJDgz,중산한의원,93,한의원,260000,울산,260004,울산북구,신천동,44220,"울산광역시 북구 호계로 384, 2층 (신천동)",052-293-7582,,2004-02-21,1,0,0,0,0,0,0,0,0,0,0,0,1,0,129.347627,35.6365426
JDQ4MTYyMiM4MSMkMiMkNCMkMDAkMzgxMTkxIzIxIyQxIyQxIyQ3MiQzNjE0ODEjNjEjJDEjJDAjJDgz,중앙비뇨기과의원,31,의원,260000,울산,260002,울산동구,서부동,44012,"울산광역시 동구 방어진순환도로 1120-1, (서부동)",052-235-6565,,1998-09-09,1,0,0,0,1,0,0,0,0,0,0,0,0,0,129.4263922,35.5394179
JDQ4MTYyMiM4MSMkMSMkNCMkNzIkMzgxMzUxIzIxIyQxIyQ5IyQxMyQ0NjEwMDIjNjEjJDEjJDQjJDgz,중앙치과의원,51,치과의원,260000,울산,260003,울산중구,옥교동,44530,"울산광역시 중구 학성로 119, (옥교동)",052-242-2875,,1991-04-26,1,0,0,0,0,1,0,0,0,0,0,0,0,0,129.3239836,35.5559821
JDQ4MTYyMiM4MSMkMSMkNCMkOTkkMzgxMzUxIzIxIyQxIyQxIyQ4MiQzNjE4MzIjNDEjJDEjJDgjJDgz,중앙학문병원,21,병원,260000,울산,260001,울산남구,달동,44695,"울산광역시 남구 삼산로 161, (달동)",052-257-6565,http://www.jaforyou.co.kr/,2005-06-23,2,0,0,0,2,0,0,0,0,0,0,0,0,0,129.324849,35.5370892
JDQ4MTYyMiM4MSMkMSMkNCMkMTMkMzgxNzAyIzExIyQxIyQzIyQ5MiQzNjEyMjIjNjEjJDEjJDQjJDgz,중화한의원,93,한의원,260000,울산,260003,울산중구,학산동,44520,"울산광역시 중구 학성로 150, 대신증권 5층 (학산동)",052-271-1430,,2020-01-28,1,0,0,0,0,0,0,0,0,1,0,0,0,0,129.3273721,35.5561735
JDQ4MTYyMiM4MSMkMiMkNCMkMDAkMzgxNzAyIzIxIyQxIyQ5IyQxMyQzNjE0ODEjNDEjJDEjJDgjJDgz,쥬라기소아청소년과의원,31,의원,260000,울산,260004,울산북구,송정동,44236,"울산광역시 북구 박상진12로 11, 지오타워 4층 403~405호 (송정동)",052-251-3336,,2013-09-09,1,0,0,0,1,0,0,0,0,0,0,0,0,0,129.3653329,35.6014883
JDQ4MTYyMiM4MSMkMiMkNCMkMDAkNDgxMzUxIzExIyQxIyQzIyQ5OSQyNjEwMDIjNjEjJDEjJDgjJDgz,지디가정의학과의원,31,의원,260000,울산,260003,울산중구,남외동,44495,"울산광역시 중구 번영로 576, 초이스빌딩 4층 (남외동) (남외동)",052-281-0875,,2026-03-12,1,0,0,0,1,0,0,0,0,0,0,0,0,0,129.3450257,35.5684818
JDQ4MTYyMiM4MSMkMSMkNCMkMTMkNDgxMzUxIzIxIyQxIyQ1IyQ3OSQyNjEyMjIjNjEjJDEjJDgjJDgz,지성한의원,93,한의원,260000,울산,260001,울산남구,신정동,44657,"울산광역시 남구 동산로 62, 2층 (신정동)",052-268-7518,,2015-04-13,1,0,0,0,0,0,0,0,0,1,0,0,0,0,129.30242,35.5357253
JDQ4MTYyMiM4MSMkMiMkNCMkMDAkNDgxMzUxIzIxIyQxIyQ5IyQ4OSQyNjEyMjIjNTEjJDEjJDIjJDgz,지아이연합내과의원,31,의원,260000,울산,260001,울산남구,신정동,44671,"울산광역시 남구 중앙로 243-1, 5, 8층 (신정동)",052-256-7253,http://gi-im.kr,2012-12-11,2,0,0,0,2,0,0,0,0,0,0,0,0,0,129.3108423,35.5425363
JDQ4MTYyMiM4MSMkMiMkNCMkMDAkNDgxOTYxIzExIyQxIyQ3IyQxMyQzNjE4MzIjODEjJDEjJDIjJDgz,지움의원,31,의원,260000,울산,260001,울산남구,야음동,44750,"울산광역시 남구 수암로 130, 6층 (야음동)",052-700-2600,,2020-01-31,2,1,0,0,1,0,0,0,0,0,0,0,0,0,129.3212953,35.5274194
JDQ4MTYyMiM4MSMkMSMkNCMkNzIkMzgxMzUxIzIxIyQxIyQ5IyQ5OSQyNjEwMDIjODEjJDEjJDYjJDgz,진철호치과의원,51,치과의원,260000,울산,260003,울산중구,복산동,44476,"울산광역시 중구 북부순환도로 680, 5동 201호 (복산동, 새운파래스상가)",052-292-8835,,1990-09-11,1,0,0,0,0,1,0,0,0,0,0,0,0,0,129.3316248,35.5685759
JDQ4MTYyMiM4MSMkMSMkNCMkNzIkMzgxMzUxIzQxIyQxIyQ3IyQxMyQ0NjE0ODEjNjEjJDEjJDgjJDgz,진치과의원,51,치과의원,260000,울산,260100,울산울주군,범서읍,44923,"울산광역시 울주군 범서읍 점촌4길 26, (범서읍)",052-211-6395,,1996-02-15,1,0,0,0,0,1,0,0,0,0,0,0,0,0,129.2381022,35.5704602
JDQ4MTYyMiM4MSMkMSMkNCMkOTIkMzgxNzAyIzExIyQxIyQzIyQ4OSQyNjE0ODEjNTEjJDEjJDYjJDgz,진하보건진료소,73,보건진료소,260000,울산,260100,울산울주군,서생면,45013,"울산광역시 울주군 서생면 나루터길 29, (진하보건진료소)",052-238-5327,,1997-07-15,0,0,0,0,0,0,0,0,0,0,0,0,0,0,129.3426338,35.3865765
JDQ4MTYyMiM4MSMkMiMkNCMkMDAkMzgxNzAyIzExIyQxIyQzIyQ3MiQzNjE0ODEjNzEjJDEjJDgjJDgz,진하의원,31,의원,260000,울산,260100,울산울주군,서생면,45013,"울산광역시 울주군 서생면 진하길 10, 1층",052-239-7562,,2004-04-03,1,0,0,0,1,0,0,0,0,0,0,0,0,0,129.3419194,35.3844234
JDQ4MTYyMiM4MSMkMSMkNCMkMTMkNDgxMzUxIzMxIyQxIyQ3IyQ2MiQzNjEyMjIjNzEjJDEjJDgjJDgz,진하한의원,93,한의원,260000,울산,260100,울산울주군,서생면,45013,"울산광역시 울주군 서생면 진하길 13, (서생면)",052-238-7578,,2007-04-10,1,0,0,0,0,0,0,0,0,0,0,0,1,0,129.3422529,35.3848287
JDQ4MTYyMiM4MSMkMSMkNCMkMTMkNDgxMzUxIzIxIyQxIyQxIyQ5OSQzNjE0ODEjNDEjJDEjJDgjJDgz,진한의원,93,한의원,260000,울산,260003,울산중구,약사동,44472,"울산광역시 중구 곽남길 3, 2층 (약사동)",052-291-1275,,2006-07-29,1,0,0,0,0,0,0,0,0,0,0,0,1,0,129.343022,35.5685584
JDQ4MTYyMiM4MSMkMSMkNCMkMTMkNDgxOTYxIzExIyQxIyQzIyQxMyQzNjEwMDIjNTEjJDEjJDIjJDgz,진한의원,93,한의원,260000,울산,260004,울산북구,진장동,44254,"울산광역시 북구 염포로 156, 1층 (진장동)",052-283-0124,,2021-05-17,1,0,0,0,0,0,0,0,0,1,0,0,0,0,129.3563661,35.5604364
JDQ4MTYyMiM4MSMkMiMkNCMkMDAkMzgxMTkxIzUxIyQxIyQ1IyQ2MiQyNjEwMDIjNzEjJDEjJDgjJDgz,진화신경외과의원,31,의원,260000,울산,260002,울산동구,서부동,44031,"울산광역시 동구 명덕6길 14, 코스모스빌딩 3층 (서부동)",052-236-7582,,2002-03-09,1,0,0,0,1,0,0,0,0,0,0,0,0,0,129.4319324,35.523247
JDQ4MTYyMiM4MSMkMSMkNCMkMTMkNDgxMzUxIzExIyQyIyQ3IyQwMCQyNjE0ODEjODEjJDEjJDYjJDgz,차돌한의원,93,한의원,260000,울산,260004,울산북구,송정동,44236,"울산광역시 북구 화산로 123, 5층 503호 (송정동)",052-287-4199,,2005-04-19,1,0,0,0,0,0,0,0,0,1,0,0,0,0,129.3650787,35.6029089
JDQ4MTYyMiM4MSMkMSMkNCMkMTMkNDgxOTYxIzExIyQxIyQzIyQ3MiQzNjEwMDIjNTEjJDEjJDYjJDgz,차한의원,93,한의원,260000,울산,260004,울산북구,명촌동,44254,"울산광역시 북구 명촌로 67, (명촌동)",052-987-9001,,2020-02-19,1,0,0,0,0,0,0,0,0,1,0,0,0,0,129.3570844,35.554419
JDQ4MTYyMiM4MSMkMSMkNCMkNzIkMzgxMzUxIzUxIyQxIyQ1IyQ2MiQ0NjE0ODEjNTEjJDEjJDIjJDgz,참미소치과의원,51,치과의원,260000,울산,260001,울산남구,옥동,44662,"울산광역시 남구 문수로 376, 4층 (옥동)",052-260-2875,,2006-04-11,1,0,0,0,0,1,0,0,0,0,0,0,0,0,129.2943383,35.5341647
JDQ4MTYyMiM4MSMkMSMkNCMkOTkkMzgxMzUxIzMxIyQxIyQzIyQ3OSQzNjEyMjIjODEjJDEjJDIjJDgz,참바른병원,21,병원,260000,울산,260001,울산남구,달동,44707,"울산광역시 남구 삼산로 247, 2,10,11,12층 (달동)",1544-7544,,2015-10-21,5,0,0,0,5,0,0,0,0,0,0,0,0,0,129.3341147,35.5391017
JDQ4MTYyMiM4MSMkMiMkNCMkMDAkMzgxNzAyIzUxIyQxIyQ1IyQ4OSQzNjE4MzIjNDEjJDEjJDQjJDgz,참사랑의원,31,의원,260000,울산,260002,울산동구,화정동,44070,"울산광역시 동구 대학길 65, 2층 (화정동)",052-252-7582,,2008-01-18,1,0,0,0,1,0,0,0,0,0,0,0,0,0,129.4214439,35.4988966
JDQ4MTYyMiM4MSMkMiMkNCMkMDAkNDgxOTYxIzMxIyQxIyQzIyQ2MiQzNjE4MzIjNzEjJDEjJDgjJDgz,참사랑의원,31,의원,260000,울산,260004,울산북구,상안동,44209,"울산광역시 북구 아진로 31, 5,6,7,8층 501호601호701호801호 (상안동)",052-911-8275,,2024-06-11,1,0,0,0,1,0,0,0,0,0,0,0,0,0,129.3438696,35.6302482
JDQ4MTYyMiM4MSMkMSMkNCMkNzIkMzgxOTYxIzUxIyQyIyQ1IyQwMCQ0NjE0ODEjNDEjJDEjJDgjJDgz,참잘하는치과의원,51,치과의원,260000,울산,260003,울산중구,약사동,44479,"울산광역시 중구 번영로 485, 4층 (약사동)",052-710-5528,,2015-07-13,1,0,0,0,0,1,0,0,0,0,0,0,0,0,129.3362675,35.5648131
JDQ4MTYyMiM4MSMkMiMkNCMkMDAkNDgxMzUxIzMxIyQyIyQ3IyQwMCQzNjEyMjIjNTEjJDEjJDIjJDgz,참조은내과의원,31,의원,260000,울산,260001,울산남구,신정동,44739,"울산광역시 남구 수암로 113, 1~2,4층 (신정동)",052-273-7800,,2001-06-30,3,0,0,0,3,0,0,0,0,0,0,0,0,0,129.3199906,35.5287585
JDQ4MTYyMiM4MSMkMiMkNCMkMDAkNDgxOTYxIzMxIyQxIyQzIyQwMyQzNjE0ODEjNDEjJDEjJDgjJDgz,참좋은정형외과의원,31,의원,260000,울산,260003,울산중구,반구동,44500,"울산광역시 중구 염포로 8, 3층 (반구동)",052-285-1119,,2024-11-13,1,0,0,0,1,0,0,0,0,0,0,0,0,0,129.3428148,35.558588
JDQ4MTYyMiM4MSMkMSMkNCMkNzIkMzgxOTYxIzExIyQxIyQ3IyQ3MiQyNjEwMDIjNzEjJDEjJDgjJDgz,참치과의원,51,치과의원,260000,울산,260001,울산남구,삼산동,44705,"울산광역시 남구 삼산로 287, 12,13층 (삼산동)",052-260-2879,,2014-04-15,2,0,0,0,0,1,0,0,1,0,0,0,0,0,129.3382613,35.5398053
JDQ4MTYyMiM4MSMkMSMkNCMkMTMkNDgxMzUxIzIxIyQxIyQ1IyQ5OSQyNjEwMDIjNTEjJDEjJDIjJDgz,창의한의원,93,한의원,260000,울산,260100,울산울주군,온양읍,44979,"울산광역시 울주군 온양읍 온양로 98, (온양읍)",052-239-7507,,2007-08-30,1,0,0,0,0,0,0,0,0,1,0,0,0,0,129.2822118,35.4101096
JDQ4MTYyMiM4MSMkMiMkNCMkMDAkMzgxOTYxIzMxIyQxIyQ3IyQ5MiQyNjEwMDIjNjEjJDEjJDAjJDgz,창조피부과의원,31,의원,260000,울산,260002,울산동구,서부동,44030,"울산광역시 동구 방어진순환도로 925, (서부동)",052-252-8575,,1994-04-15,2,0,0,0,2,0,0,0,0,0,0,0,0,0,129.432539,35.5236619
JDQ4MTYyMiM4MSMkMiMkNCMkMDAkNDgxMzUxIzExIyQxIyQ3IyQxMyQyNjE4MzIjNDEjJDEjJDQjJDgz,창조피부과의원,31,의원,260000,울산,260001,울산남구,삼산동,44705,"울산광역시 남구 삼산로267번길 8, 3층 (삼산동)",052-261-0056,,1998-02-27,2,0,0,0,2,0,0,0,0,0,0,0,0,0,129.3362939,35.539956
JDQ4MTYyMiM4MSMkMiMkNCMkMDAkMzgxMzUxIzUxIyQxIyQxIyQ2MiQ0NjEwMDIjNjEjJDEjJDQjJDgz,채영수피부과의원,31,의원,260000,울산,260001,울산남구,삼산동,44705,"울산광역시 남구 삼산로 273, 삼산타워 8층 (삼산동)",052-261-0778,http://www.pibu1.kr,2010-03-12,1,0,0,0,1,0,0,0,0,0,0,0,0,0,129.3367805,35.5395317
JDQ4MTYyMiM4MSMkMSMkNCMkNzIkMzgxMTkxIzIxIyQyIyQxIyQwMCQyNjEwMDIjNjEjJDEjJDAjJDgz,채움치과의원,51,치과의원,260000,울산,260004,울산북구,중산동,44213,"울산광역시 북구 중산동로 25, 3층 (중산동)",052-286-2875,,2021-05-12,1,0,0,0,0,0,0,0,1,0,0,0,0,0,129.351604,35.6533025
JDQ4MTYyMiM4MSMkMSMkNCMkNzIkMzgxMzUxIzUxIyQxIyQxIyQ2MiQzNjEyMjIjNDEjJDEjJDQjJDgz,채윤필치과의원,51,치과의원,260000,울산,260003,울산중구,반구동,44500,"울산광역시 중구 화합로 358, (반구동)",293-7528,,2005-04-27,1,0,0,0,0,1,0,0,0,0,0,0,0,0,129.3418775,35.5578779
JDQ4MTYyMiM4MSMkMSMkNCMkMTMkMzgxNzAyIzIxIyQxIyQ1IyQwMyQzNjEwMDIjNTEjJDEjJDYjJDgz,처용한의원,93,한의원,260000,울산,260001,울산남구,신정동,44690,"울산광역시 남구 돋질로 79, 1층 (신정동)",052-271-3300,,2006-05-29,1,0,0,0,0,0,0,0,0,1,0,0,0,0,129.3144373,35.538815
JDQ4MTYyMiM4MSMkMSMkNCMkOTIkMzgxNzAyIzExIyQxIyQzIyQ4OSQzNjEyMjIjNTEjJDEjJDIjJDgz,척과보건진료소,73,보건진료소,260000,울산,260100,울산울주군,범서읍,44917,"울산광역시 울주군 범서읍 척과로 14, (척과보건진료소)",052-211-2373,,1997-07-15,0,0,0,0,0,0,0,0,0,0,0,0,0,0,129.2790407,35.6105069
JDQ4MTYyMiM4MSMkMSMkNCMkNzIkMzgxOTYxIzUxIyQxIyQxIyQ4MiQ0NjE0ODEjNjEjJDEjJDgjJDgz,천곡치과의원,51,치과의원,260000,울산,260004,울산북구,천곡동,44200,"울산광역시 북구 관문길 6-1, 2층 (천곡동)",052-297-7573,,2014-05-30,1,0,0,0,0,1,0,0,0,0,0,0,0,0,129.3313376,35.639676
JDQ4MTYyMiM4MSMkMSMkNCMkMTMkMzgxNzAyIzMxIyQxIyQzIyQ4OSQ0NjEwMDIjODEjJDEjJDIjJDgz,천수제세한의원,93,한의원,260000,울산,260004,울산북구,염포동,44260,"울산광역시 북구 염포로 647, (염포동)",052-287-9602,,1988-05-25,1,0,0,0,0,0,0,0,0,1,0,0,0,0,129.3899891,35.5345329
JDQ4MTYyMiM4MSMkMSMkNCMkMTMkMzgxNzAyIzIxIyQxIyQ5IyQ3OSQzNjE0ODEjNTEjJDEjJDYjJDgz,천수한의원,93,한의원,260000,울산,260100,울산울주군,범서읍,44928,"울산광역시 울주군 범서읍 천상중앙길 70, (2동 202호)",052-211-9595,,1998-05-14,1,0,0,0,0,0,0,0,0,1,0,0,0,0,129.2285996,35.5632371
JDQ4MTYyMiM4MSMkMSMkNCMkNzIkMzgxMzUxIzUxIyQyIyQ1IyQwMCQyNjEyMjIjNjEjJDEjJDgjJDgz,천승욱치과의원,51,치과의원,260000,울산,260100,울산울주군,온산읍,45005,"울산광역시 울주군 온산읍 덕신로 256, (온산읍)",052-237-1789,,1998-01-15,1,0,0,0,0,1,0,0,0,0,0,0,0,0,129.3094978,35.4334105
JDQ4MTYyMiM4MSMkMSMkNCMkMTMkMzgxNzAyIzIxIyQxIyQxIyQ3MiQyNjE0ODEjNjEjJDEjJDAjJDgz,천일한의원,93,한의원,260000,울산,260001,울산남구,무거동,44641,"울산광역시 남구 남부순환도로 37, (무거동)",052-277-3460,,1989-03-30,1,0,0,0,0,0,0,0,0,1,0,0,0,0,129.2644202,35.5461887
JDQ4MTYyMiM4MSMkMSMkNCMkMTMkNDgxMzUxIzIxIyQxIyQ1IyQxMyQzNjEwMDIjNjEjJDEjJDgjJDgz,천지인한의원,93,한의원,260000,울산,260001,울산남구,무거동,44629,"울산광역시 남구 북부순환도로 29, 1층 5호 (무거동, 남운산호상가)",052-277-1187,,2008-10-08,1,0,0,0,0,0,0,0,0,1,0,0,0,0,129.2668304,35.5522047
JDQ4MTYyMiM4MSMkMiMkNCMkMDAkNDgxOTYxIzExIyQxIyQ3IyQ5MiQzNjE4MzIjNTEjJDEjJDYjJDgz,청담그룹의원,31,의원,260000,울산,260100,울산울주군,온산읍,45005,"울산광역시 울주군 온산읍 덕신로 262, (온산읍)",052-700-7722,,2019-09-30,1,0,0,0,1,0,0,0,0,0,0,0,0,0,129.3100672,35.4334932
JDQ4MTYyMiM4MSMkMSMkNCMkNzIkMzgxOTYxIzMxIyQxIyQzIyQ4MiQyNjEyMjIjODEjJDEjJDIjJDgz,청담치과의원,51,치과의원,260000,울산,260001,울산남구,삼산동,44719,"울산광역시 남구 삼산로278번길 8, 8층 (삼산동, LJ타워)",052-700-2874,,2013-04-11,1,0,0,0,0,1,0,0,0,0,0,0,0,0,129.3372881,35.5384818
JDQ4MTYyMiM4MSMkMSMkNCMkMTMkNDgxMzUxIzIxIyQxIyQxIyQ2MiQzNjE4MzIjNDEjJDEjJDQjJDgz,청량한의원,93,한의원,260000,울산,260100,울산울주군,청량읍,44985,"울산광역시 울주군 청량읍 상남길 43, 2층",052-237-7582,,2009-10-19,1,0,0,0,0,0,0,0,0,1,0,0,0,0,129.3035748,35.4843648
JDQ4MTYyMiM4MSMkMSMkNCMkMTMkMzgxNzAyIzUxIyQxIyQ1IyQ5OSQyNjE0ODEjNzEjJDEjJDgjJDgz,청아인한의원,93,한의원,260000,울산,260001,울산남구,삼산동,44705,"울산광역시 남구 돋질로302번길 31, 2층 (삼산동)",052-276-0080,http://www.chungain.com,2002-04-20,2,0,0,0,0,0,0,0,0,1,0,0,1,0,129.3375483,35.5413176
JDQ4MTYyMiM4MSMkMSMkNCMkNzIkMzgxMzUxIzUxIyQxIyQ1IyQ4OSQzNjEyMjIjNjEjJDEjJDAjJDgz,청아치과의원,51,치과의원,260000,울산,260004,울산북구,신천동,44224,"울산광역시 북구 호계로 328, 코끼리타운 (신천동)",052-286-9580,,1997-08-05,1,0,0,0,0,1,0,0,0,0,0,0,0,0,129.3505784,35.632499
JDQ4MTYyMiM4MSMkMSMkNCMkMTMkNDgxMzUxIzMxIyQxIyQzIyQ5OSQzNjEyMjIjNjEjJDEjJDgjJDgz,초당한의원,93,한의원,260000,울산,260004,울산북구,명촌동,44254,"울산광역시 북구 명촌10길 3, 3층 (명촌동)",052-288-9888,,2003-11-11,1,0,0,0,0,0,0,0,0,1,0,0,0,0,129.355939,35.5533181
JDQ4MTYyMiM4MSMkMSMkNCMkMTMkMzgxNzAyIzIxIyQxIyQ5IyQxMyQyNjEwMDIjNjEjJDEjJDAjJDgz,초락당한의원,93,한의원,260000,울산,260100,울산울주군,두동면,44914,"울산광역시 울주군 두동면 계명로 44-34, (두동면)",052-264-8001,,2001-10-08,1,0,0,0,0,0,0,0,0,1,0,0,0,0,129.1996726,35.7098952
JDQ4MTYyMiM4MSMkMiMkNCMkMDAkMzgxNzAyIzMxIyQxIyQ3IyQwMyQyNjEyMjIjNDEjJDEjJDgjJDgz,최내과의원,31,의원,260000,울산,260001,울산남구,신정동,44670,"울산광역시 남구 월평로 9, 5층 (신정동, 대교메디컬)",052-269-7588,,2017-07-17,1,0,0,0,1,0,0,0,0,0,0,0,0,0,129.3066819,35.5408261
JDQ4MTYyMiM4MSMkMSMkNCMkMTMkNDgxMzUxIzMxIyQxIyQ3IyQ4OSQyNjE0ODEjNjEjJDEjJDgjJDgz,최동훈한의원,93,한의원,260000,울산,260003,울산중구,성안동,44420,"울산광역시 중구 성안2길 29, 1층 (성안동)",052-291-5700,,2012-02-06,1,0,0,0,0,0,0,0,0,1,0,0,0,0,129.3178327,35.5731711
JDQ4MTYyMiM4MSMkMSMkNCMkMTMkMzgxNzAyIzIxIyQxIyQxIyQ4OSQzNjEyMjIjNjEjJDEjJDAjJDgz,최병일3S한의원,93,한의원,260000,울산,260001,울산남구,달동,44726,"울산광역시 남구 삼산로 166, 2층 (달동)",052-269-7582,,2003-11-18,1,0,0,0,0,0,0,0,0,1,0,0,0,0,129.325505,35.5366408
JDQ4MTYyMiM4MSMkMiMkNCMkMDAkNDgxMzUxIzIxIyQxIyQ5IyQwMyQyNjE0ODEjNzEjJDEjJDgjJDgz,최소영소아청소년과의원,31,의원,260000,울산,260003,울산중구,유곡동,44459,"울산광역시 중구 평동3길 1, 122동 202,203,204호 (유곡동, 울산유곡푸르지오)",052-248-6442,,2012-09-07,1,0,0,0,1,0,0,0,0,0,0,0,0,0,129.3046325,35.5608427
JDQ4MTYyMiM4MSMkMiMkNCMkMDAkNDgxOTYxIzExIyQxIyQ3IyQ5OSQyNjEyMjIjNjEjJDEjJDgjJDgz,최승호 신경과의원,31,의원,260000,울산,260001,울산남구,삼산동,44705,"울산광역시 남구 삼산로 273, 삼산타워 9층 (삼산동)",052-260-0300,,2019-02-27,1,0,0,0,1,0,0,0,0,0,0,0,0,0,129.3367805,35.5395317
JDQ4MTYyMiM4MSMkMSMkNCMkNzIkMzgxMzUxIzMxIyQxIyQ3IyQ4OSQyNjEyMjIjNTEjJDEjJDIjJDgz,최욱치과의원,51,치과의원,260000,울산,260001,울산남구,신정동,44671,"울산광역시 남구 중앙로 255-1, 2층 (신정동)",052-266-5737,,1993-04-23,1,0,0,0,0,1,0,0,0,0,0,0,0,0,129.310325,35.5435698
JDQ4MTYyMiM4MSMkMiMkNCMkMDAkMzgxNzAyIzIxIyQxIyQxIyQ3OSQzNjEwMDIjNDEjJDEjJDgjJDgz,최이비인후과의원,31,의원,260000,울산,260100,울산울주군,온산읍,45005,"울산광역시 울주군 온산읍 덕신로 264, 2층",052-238-9207,,2003-05-29,1,0,0,0,1,0,0,0,0,0,0,0,0,0,129.3102937,35.4335242
JDQ4MTYyMiM4MSMkMiMkNCMkMDAkNDgxMzUxIzQxIyQxIyQ3IyQ5OSQ0NjE0ODEjODEjJDEjJDIjJDgz,최정미소아청소년과의원,31,의원,260000,울산,260001,울산남구,삼산동,44705,"울산광역시 남구 삼산중로 86, 4, 5층 (삼산동)",052-922-6848,,2015-03-18,1,0,0,0,1,0,0,0,0,0,0,0,0,0,129.3357995,35.5412536
JDQ4MTYyMiM4MSMkMSMkNCMkNzIkMzgxOTYxIzUxIyQxIyQxIyQ2MiQ0NjEwMDIjNDEjJDEjJDQjJDgz,최진욱치과의원,51,치과의원,260000,울산,260001,울산남구,달동,44722,"울산광역시 남구 신정로 33, 2층 (달동, 경서빌딩)",052-257-2812,,2014-02-03,1,0,0,0,0,0,0,0,1,0,0,0,0,0,129.3220955,35.5347951
JDQ4MTYyMiM4MSMkMiMkNCMkMDAkMzgxMTkxIzExIyQxIyQ3IyQ5OSQyNjE0ODEjNTEjJDEjJDYjJDgz,최창환내과의원,31,의원,260000,울산,260003,울산중구,남외동,44495,"울산광역시 중구 번영로 580, 5층 (남외동)",052-292-9240,,1998-01-07,1,0,0,0,1,0,0,0,0,0,0,0,0,0,129.3453715,35.5685691
JDQ4MTYyMiM4MSMkMSMkNCMkNzIkMzgxOTYxIzIxIyQxIyQxIyQwMyQyNjE4MzIjNDEjJDEjJDgjJDgz,최치과의원,51,치과의원,260000,울산,260002,울산동구,전하동,44043,"울산광역시 동구 진성14길 122, (전하동)",052-235-2066,,2004-05-17,1,0,0,0,0,1,0,0,0,0,0,0,0,0,129.4262799,35.5111341
JDQ4MTYyMiM4MSMkMSMkNCMkMTMkMzgxNzAyIzExIyQxIyQzIyQxMyQyNjEwMDIjODEjJDEjJDYjJDgz,최한의원,93,한의원,260000,울산,260100,울산울주군,범서읍,44932,"울산광역시 울주군 범서읍 장검1길 63, 2층",052-233-1900,,2017-01-09,0,0,0,0,0,0,0,0,0,0,0,0,0,0,129.2527239,35.5508436
JDQ4MTYyMiM4MSMkMiMkNCMkMDAkMzgxMTkxIzIxIyQxIyQ1IyQ4MiQ0NjEwMDIjODEjJDEjJDYjJDgz,최형경내과의원,31,의원,260000,울산,260002,울산동구,화정동,44070,"울산광역시 동구 대학길 71, 2층층 (화정동)",052-233-8275,,2000-02-01,1,0,0,0,1,0,0,0,0,0,0,0,0,0,129.42166,35.4988687
JDQ4MTYyMiM4MSMkMiMkNCMkMDAkMzgxMTkxIzQxIyQxIyQ3IyQ5MiQ0NjEwMDIjNDEjJDEjJDgjJDgz,추소아청소년과의원,31,의원,260000,울산,260003,울산중구,다운동,44409,"울산광역시 중구 다운로 117, 2층 (다운동)",052-223-8875,,2001-04-13,1,0,0,0,1,0,0,0,0,0,0,0,0,0,129.2667096,35.5631246
JDQ4MTYyMiM4MSMkMSMkNCMkMTMkMzgxNzAyIzIxIyQxIyQ1IyQ2MiQ0NjE0ODEjODEjJDEjJDYjJDgz,춘인당한의원,93,한의원,260000,울산,260001,울산남구,신정동,44669,"울산광역시 남구 중앙로 295, (신정동)",052-265-5285,,1989-03-22,1,0,0,0,0,0,0,0,0,1,0,0,0,0,129.3091751,35.5469257
JDQ4MTYyMiM4MSMkMSMkNCMkNzIkMzgxMTkxIzExIyQxIyQ3IyQ2MiQ0NjEwMDIjNDEjJDEjJDgjJDgz,치카치카소아치과의원,51,치과의원,260000,울산,260003,울산중구,반구동,44510,"울산광역시 중구 번영로 470, MG중울산 5층 (반구동)",052-922-7878,,2019-05-02,1,0,0,0,0,0,0,0,1,0,0,0,0,0,129.3355912,35.5634428
JDQ4MTYyMiM4MSMkMSMkNCMkNzIkMzgxOTYxIzIxIyQxIyQxIyQ4OSQyNjEyMjIjNTEjJDEjJDIjJDgz,캐슬치과의원,51,치과의원,260000,울산,260001,울산남구,야음동,44747,"울산광역시 남구 신선로 45, 3층 303호 (야음동, 롯데캐슬1단지아파트)",052-258-7528,,2008-03-28,1,0,0,0,0,0,0,0,1,0,0,0,0,0,129.3178521,35.5223409
JDQ4MTYyMiM4MSMkMiMkNCMkMDAkMzgxNzAyIzIxIyQxIyQ1IyQ4OSQyNjE4MzIjODEjJDEjJDYjJDgz,코끼리이비인후과의원,31,의원,260000,울산,260004,울산북구,상안동,44208,"울산광역시 북구 아진로 76, 201호 (상안동, 맑음샘빌딩)",052-294-8275,,2004-03-12,1,0,0,0,1,0,0,0,0,0,0,0,0,0,129.3405254,35.6301992
JDQ4MTYyMiM4MSMkMiMkNCMkMDAkMzgxNzAyIzUxIyQxIyQxIyQ4OSQ0NjEwMDIjNDEjJDEjJDQjJDgz,코넬비뇨기과의원,31,의원,260000,울산,260001,울산남구,달동,44725,"울산광역시 남구 삼산로 136, 2층 (달동)",052-265-7575,http://www.conel.co.kr/conel/guide/g03_6.htm,2007-04-05,1,0,0,0,1,0,0,0,0,0,0,0,0,0,129.3223178,35.5357847
JDQ4MTYyMiM4MSMkMiMkNCMkMDAkMzgxNzAyIzIxIyQxIyQxIyQ2MiQzNjE4MzIjNzEjJDEjJDgjJDgz,코아이비인후과의원,31,의원,260000,울산,260001,울산남구,삼산동,44705,"울산광역시 남구 삼산로 281, 9층 (삼산동, 정앤정크리닉빌딩)",052-257-8300,,2003-09-29,1,0,0,0,1,0,0,0,0,0,0,0,0,0,129.3376525,35.5396876
JDQ4MTYyMiM4MSMkMSMkNCMkMTMkNDgxMzUxIzUxIyQxIyQxIyQ3OSQzNjEwMDIjNTEjJDEjJDIjJDgz,코호한의원,93,한의원,260000,울산,260001,울산남구,달동,44718,"울산광역시 남구 삼산로 232, 5층 (달동)",052-275-7588,,2006-11-23,1,0,0,0,0,0,0,0,0,1,0,0,0,0,129.3325975,35.5380801
JDQ4MTYyMiM4MSMkMiMkNCMkMDAkMzgxMTkxIzExIyQxIyQzIyQ5MiQzNjEyMjIjNTEjJDEjJDIjJDgz,큰나무정형외과의원,31,의원,260000,울산,260002,울산동구,일산동,44052,"울산광역시 동구 방어진순환도로 711, (일산동)",052-232-8880,,1997-10-07,1,0,0,0,1,0,0,0,0,0,0,0,0,0,129.4293951,35.5051257
JDQ4MTYyMiM4MSMkMSMkNCMkNzIkMzgxOTYxIzExIyQxIyQzIyQ2MiQzNjE4MzIjNTEjJDEjJDIjJDgz,큰나무치과의원,51,치과의원,260000,울산,260002,울산동구,일산동,44052,"울산광역시 동구 방어진순환도로 711, 3층 (일산동)",052-236-4747,,2000-01-31,1,0,0,0,0,1,0,0,0,0,0,0,0,0,129.4293951,35.5051257
JDQ4MTYyMiM4MSMkMSMkNCMkOTkkNTgxOTYxIzExIyQxIyQzIyQ4OSQyNjEwMDIjNDEjJDEjJDgjJDgz,큰빛병원,29,정신병원,260000,울산,260001,울산남구,신정동,44657,"울산광역시 남구 문수로457번길 5, (신정동)",052-272-2505,,1993-11-02,2,0,0,0,2,0,0,0,0,0,0,0,0,0,129.3031359,35.5334081
JDQ4MTYyMiM4MSMkMSMkNCMkOTkkNTgxOTYxIzExIyQxIyQzIyQ3OSQyNjE4MzIjNDEjJDEjJDgjJDgz,큰빛웅촌병원,29,정신병원,260000,울산,260100,울산울주군,웅촌면,44962,"울산광역시 울주군 웅촌면 웅촌로 685, (웅촌면)",225-0834,,1997-08-06,3,0,0,0,3,0,0,0,0,0,0,0,0,0,129.2206966,35.4875077
JDQ4MTYyMiM4MSMkMSMkNCMkNzIkMzgxMTkxIzExIyQxIyQzIyQ4MiQyNjE0ODEjNjEjJDEjJDQjJDgz,큰뿌리치과의원,51,치과의원,260000,울산,260001,울산남구,달동,44722,"울산광역시 남구 신정로 39, 4층 (달동)",052-228-2828,,2017-04-19,1,0,0,0,0,0,0,0,1,0,0,0,0,0,129.3218584,35.5353877
JDQ4MTYyMiM4MSMkMSMkNCMkNjIkMzgxMzUxIzExIyQxIyQzIyQ3MiQyNjEyMjIjODEjJDEjJDYjJDgz,큰치과병원,41,치과병원,260000,울산,260004,울산북구,신천동,44224,"울산광역시 북구 매산4로 17, 1~4층 (신천동)",052-221-2875,,2019-11-01,6,0,0,0,0,5,0,0,1,0,0,0,0,0,129.3545466,35.635119
JDQ4MTYyMiM4MSMkMSMkNCMkMTMkMzgxNzAyIzMxIyQxIyQ3IyQ5OSQyNjEyMjIjNjEjJDEjJDAjJDgz,키즈쉬즈한의원,93,한의원,260000,울산,260001,울산남구,달동,44691,"울산광역시 남구 삼산로 69, 키즈쉬즈빌딩 5~8층 (달동)",052-266-0016,http://www.kids-shes.com/,2003-02-28,2,0,0,0,0,0,0,0,0,1,0,0,1,0,129.3152731,35.534578
JDQ4MTYyMiM4MSMkMSMkNCMkMTMkNDgxMzUxIzMxIyQxIyQ3IyQ5MiQzNjEyMjIjODEjJDEjJDYjJDgz,키즈쉬즈한의원,93,한의원,260000,울산,260002,울산동구,서부동,44031,"울산광역시 동구 방어진순환도로 915, (서부동)",052-233-0075,,2001-06-14,1,0,0,0,0,0,0,0,0,1,0,0,0,0,129.4325716,35.5228945
JDQ4MTYyMiM4MSMkMiMkNCMkMDAkMzgxMTkxIzIxIyQxIyQ1IyQ3OSQ0NjEwMDIjNjEjJDEjJDQjJDgz,킴스마취통증의학과의원,31,의원,260000,울산,260001,울산남구,삼산동,44705,"울산광역시 남구 삼산로 269, 10층 (삼산동)",052-261-6465,,1998-11-26,1,0,0,0,1,0,0,0,0,0,0,0,0,0,129.3365304,35.5394813
JDQ4MTYyMiM4MSMkMSMkNCMkNzIkMzgxMTkxIzIxIyQxIyQxIyQ4OSQzNjE4MzIjODEjJDEjJDYjJDgz,킴플란트치과의원,51,치과의원,260000,울산,260100,울산울주군,온산읍,45001,"울산광역시 울주군 온산읍 덕신로 289, 2층,3층",052-936-2875,,2012-10-25,1,0,0,0,0,1,0,0,0,0,0,0,0,0,129.3131183,35.4343342
JDQ4MTYyMiM4MSMkMSMkNCMkNzIkMzgxMTkxIzExIyQxIyQzIyQ5OSQyNjEyMjIjNTEjJDEjJDIjJDgz,타임치과의원,51,치과의원,260000,울산,260001,울산남구,삼산동,44705,"울산광역시 남구 돋질로302번길 27, 4층 (삼산동)",052-266-4674,,2018-12-05,2,0,0,0,0,2,0,0,0,0,0,0,0,0,129.3376817,35.541693
JDQ4MTYyMiM4MSMkMiMkNCMkMDAkNDgxOTYxIzMxIyQxIyQ3IyQ4MiQyNjEyMjIjNzEjJDEjJDgjJDgz,타임포레피부과의원,31,의원,260000,울산,260001,울산남구,달동,44695,"울산광역시 남구 삼산로 173, 2층 (달동)",052-716-3121,,2025-09-04,1,0,0,0,1,0,0,0,0,0,0,0,0,0,129.3261163,35.5374168
JDQ4MTYyMiM4MSMkMiMkNCMkMDAkNDgxMzUxIzUxIyQxIyQ1IyQ4OSQyNjE0ODEjODEjJDEjJDIjJDgz,탑 이비인후과의원,31,의원,260000,울산,260004,울산북구,송정동,44236,"울산광역시 북구 박상진12로 11, 지오타워 5층 503,504호 (송정동)",052-249-7582,,2020-07-20,1,0,0,0,1,0,0,0,0,0,0,0,0,0,129.3653329,35.6014883
JDQ4MTYyMiM4MSMkMSMkNCMkNzIkMzgxMzUxIzIxIyQxIyQ5IyQ4MiQzNjEwMDIjNDEjJDEjJDgjJDgz,탑연세치과의원,51,치과의원,260000,울산,260001,울산남구,신정동,44658,"울산광역시 남구 봉월로 3, 2층 (신정동)",052-243-2279,,2010-04-06,1,0,0,0,0,1,0,0,0,0,0,0,0,0,129.3069724,35.5328408
JDQ4MTYyMiM4MSMkMSMkNCMkNzIkMzgxMzUxIzUxIyQxIyQxIyQ4OSQyNjEwMDIjNzEjJDEjJDgjJDgz,탑치과의원,51,치과의원,260000,울산,260001,울산남구,신정동,44656,"울산광역시 남구 동산로89번길 4, 2층 205호 (신정동, 공간베스트힐)",052-261-2865,,1996-04-19,1,0,0,0,0,1,0,0,0,0,0,0,0,0,129.3055389,35.5366333
JDQ4MTYyMiM4MSMkMiMkNCMkMDAkMzgxOTYxIzUxIyQxIyQ1IyQ3MiQyNjEwMDIjODEjJDEjJDYjJDgz,탑흉부외과의원,31,의원,260000,울산,260001,울산남구,달동,44721,"울산광역시 남구 번영로 96, (달동)",052-266-7077,http://www.utopclinic.co.kr,1996-10-12,1,0,0,0,1,0,0,0,0,0,0,0,0,0,129.3297823,35.5342272
JDQ4MTYyMiM4MSMkMiMkNCMkMDAkMzgxMTkxIzUxIyQxIyQxIyQxMyQyNjE4MzIjNTEjJDEjJDYjJDgz,태강내과의원,31,의원,260000,울산,260003,울산중구,복산동,44478,"울산광역시 중구 번영로 475, 5층 (복산동, 홈플러스)",052-292-2975,,2001-12-03,1,0,0,0,1,0,0,0,0,0,0,0,0,0,129.3348498,35.5644161
JDQ4MTYyMiM4MSMkMSMkNCMkNzIkMzgxOTYxIzIxIyQxIyQ5IyQ5MiQzNjE4MzIjNDEjJDEjJDQjJDgz,태화니즈연합치과의원,51,치과의원,260000,울산,260003,울산중구,태화동,44452,"울산광역시 중구 화진길 13-2, 201-2,3호 (태화동, 리버스위트상가)",052-248-2804,,2007-11-30,1,0,0,0,0,1,0,0,0,0,0,0,0,0,129.308625,35.5549833
JDQ4MTYyMiM4MSMkMSMkNCMkMTMkMzgxNzAyIzIxIyQxIyQxIyQ3MiQzNjEwMDIjNjEjJDEjJDQjJDgz,태화당한의원,93,한의원,260000,울산,260003,울산중구,태화동,44452,"울산광역시 중구 태화로 299, (태화동)",052-211-4406,,1988-03-29,1,0,0,0,0,0,0,0,0,1,0,0,0,0,129.3076038,35.5540229
JDQ4MTYyMiM4MSMkMSMkNCMkNzIkMzgxMTkxIzIxIyQyIyQ1IyQwMCQzNjEyMjIjNDEjJDEjJDgjJDgz,태화서울치과의원,51,치과의원,260000,울산,260003,울산중구,우정동,44534,"울산광역시 중구 명륜로 42, 2층 (우정동)",052-707-2879,,2024-03-08,2,0,0,0,0,1,0,0,1,0,0,0,0,0,129.3097106,35.555972
JDQ4MTYyMiM4MSMkMSMkNCMkNzIkMzgxOTYxIzIxIyQxIyQ5IyQ2MiQzNjE0ODEjNTEjJDEjJDYjJDgz,턱편한세민치과의원,51,치과의원,260000,울산,260001,울산남구,삼산동,44719,"울산광역시 남구 삼산로 274, 13층 1302호 (삼산동)",052-285-2875,,2013-05-06,1,0,0,0,0,0,0,0,1,0,0,0,0,0,129.3371409,35.5389443
JDQ4MTYyMiM4MSMkMiMkNCMkMDAkMzgxOTYxIzQxIyQxIyQ3IyQxMyQzNjE0ODEjNDEjJDEjJDQjJDgz,토마스의원,31,의원,260000,울산,260003,울산중구,옥교동,44530,"울산광역시 중구 학성로 123, 2층 (옥교동)",052-246-3903,,1998-05-29,1,1,0,0,0,0,0,0,0,0,0,0,0,0,129.3243648,35.5559896
JDQ4MTYyMiM4MSMkMSMkNCMkNzIkMzgxOTYxIzUxIyQxIyQxIyQ3OSQyNjEwMDIjNjEjJDEjJDQjJDgz,토토소아치과치과의원,51,치과의원,260000,울산,260001,울산남구,달동,44707,"울산광역시 남구 삼산로 251, 2층 (달동)",052-211-1275,http://www.totoclinic.co.kr,2013-03-27,1,0,0,0,0,0,0,0,1,0,0,0,0,0,129.3344924,35.5390894
JDQ4MTYyMiM4MSMkMSMkNCMkNzIkMzgxOTYxIzIxIyQyIyQxIyQwMCQyNjEyMjIjNzEjJDEjJDgjJDgz,트리플치과의원,51,치과의원,260000,울산,260003,울산중구,성안동,44421,"울산광역시 중구 성안로 148, 2층 (성안동)",052-242-2828,,2003-06-16,1,0,0,0,0,1,0,0,0,0,0,0,0,0,129.3156341,35.5737216
JDQ4MTYyMiM4MSMkMiMkNCMkMDAkMzgxNzAyIzUxIyQxIyQxIyQ5MiQyNjE4MzIjNjEjJDEjJDAjJDgz,튼튼소아청소년과의원,31,의원,260000,울산,260003,울산중구,남외동,44495,"울산광역시 중구 번영로 590, 5층 (남외동)",052-212-7575,,2020-12-14,1,0,0,0,1,0,0,0,0,0,0,0,0,0,129.3465085,35.5689533
JDQ4MTYyMiM4MSMkMSMkNCMkNzIkMzgxMTkxIzIxIyQxIyQ1IyQ5MiQzNjEyMjIjNDEjJDEjJDgjJDgz,튼튼한치과의원,51,치과의원,260000,울산,260001,울산남구,무거동,44628,"울산광역시 남구 북부순환도로 52, 2층 (무거동)",052-265-2244,,2015-01-29,2,0,0,0,0,1,0,0,1,0,0,0,0,0,129.2693038,35.5522406
JDQ4MTYyMiM4MSMkMiMkNCMkMDAkMzgxMTkxIzExIyQxIyQzIyQ4MiQyNjE4MzIjNDEjJDEjJDgjJDgz,페밀리신경외과의원,31,의원,260000,울산,260001,울산남구,무거동,44611,"울산광역시 남구 대학로 144, 2,3,8층 (무거동)",052-249-4100,,1997-08-13,1,0,0,0,1,0,0,0,0,0,0,0,0,0,129.2625417,35.547406
JDQ4MTYyMiM4MSMkMSMkNCMkMTMkNDgxMzUxIzExIyQxIyQzIyQ3OSQ0NjEwMDIjNjEjJDEjJDAjJDgz,편안몸한의원,93,한의원,260000,울산,260001,울산남구,야음동,44750,"울산광역시 남구 수암로128번길 7, 나동 3층 301호 (야음동, 그린레포츠)",052-256-8075,,2017-06-12,1,0,0,0,0,0,0,0,0,1,0,0,0,0,129.3213831,35.5270587
JDQ4MTYyMiM4MSMkMSMkNCMkNzIkMzgxOTYxIzExIyQxIyQzIyQ5OSQyNjEyMjIjNzEjJDEjJDgjJDgz,편한연세치과의원,51,치과의원,260000,울산,260004,울산북구,연암동,44242,"울산광역시 북구 화봉로 60, 명보연암상가 203호 (연암동)",052-288-2928,,2025-08-13,1,0,0,0,0,1,0,0,0,0,0,0,0,0,129.3656652,35.5879252
JDQ4MTYyMiM4MSMkMiMkNCMkMDAkMzgxMTkxIzMxIyQxIyQzIyQxMyQzNjEyMjIjODEjJDEjJDYjJDgz,편한제통의원,31,의원,260000,울산,260001,울산남구,무거동,44633,"울산광역시 남구 북부순환도로 24, 2층 (무거동)",052-225-1555,,2020-07-31,1,1,0,0,0,0,0,0,0,0,0,0,0,0,129.2664428,35.5515264
JDQ4MTYyMiM4MSMkMSMkNCMkMTMkMzgxNzAyIzExIyQxIyQzIyQwMyQyNjE4MzIjODEjJDEjJDIjJDgz,평강한의원,93,한의원,260000,울산,260002,울산동구,전하동,44048,"울산광역시 동구 방어진순환도로 733, (전하동)",052-232-1038,,1984-11-19,1,0,0,0,0,0,0,0,0,1,0,0,0,0,129.4296818,35.5072273
JDQ4MTYyMiM4MSMkMiMkNCMkMDAkNDgxMzUxIzIxIyQxIyQ5IyQxMyQzNjE0ODEjNzEjJDEjJDgjJDgz,평화안과의원,31,의원,260000,울산,260100,울산울주군,언양읍,44942,"울산광역시 울주군 언양읍 헌양길 156, 3층 (남빛빌딩)",052-264-8875,,2012-09-28,1,0,0,0,1,0,0,0,0,0,0,0,0,0,129.1181402,35.5669575
JDQ4MTYyMiM4MSMkMSMkNCMkOTkkNTgxMzUxIzExIyQxIyQzIyQ2MiQyNjEwMDIjODEjJDEjJDIjJDgz,평화요양병원,28,요양병원,260000,울산,260100,울산울주군,언양읍,44945,"울산광역시 울주군 언양읍 읍성로 11, 평화요양병원(별관 방천1길 11, 평화요양병원(별관 방천1길 13)",052-262-3229,,2006-02-09,9,2,0,0,6,0,0,0,0,1,0,0,0,0,129.1169973,35.5657299
JDQ4MTYyMiM4MSMkMiMkNCMkMDAkNDgxOTYxIzExIyQxIyQzIyQxMyQzNjE0ODEjNzEjJDEjJDgjJDgz,평화의원,31,의원,260000,울산,260003,울산중구,반구동,44513,"울산광역시 중구 화합로 359, 1층 (반구동)",052-295-7506,,2018-10-26,1,0,0,0,1,0,0,0,0,0,0,0,0,0,129.3406884,35.558079
JDQ4MTYyMiM4MSMkMiMkNCMkMDAkNDgxMzUxIzUxIyQxIyQ1IyQ5MiQzNjEyMjIjNDEjJDEjJDgjJDgz,평화정형외과의원,31,의원,260000,울산,260100,울산울주군,언양읍,44942,"울산광역시 울주군 언양읍 헌양길 156, 2층 (남빛빌딩)",052-262-6622,,2017-05-15,1,0,0,0,1,0,0,0,0,0,0,0,0,0,129.1181402,35.5669575
JDQ4MTYyMiM4MSMkMSMkNCMkNzIkMzgxOTYxIzQxIyQxIyQ3IyQxMyQyNjEyMjIjNTEjJDEjJDIjJDgz,포도나무치과의원,51,치과의원,260000,울산,260002,울산동구,전하동,44042,"울산광역시 동구 방어진순환도로 783, 신한은행 (전하동)",052-707-2275,,2013-01-02,1,0,0,0,0,1,0,0,0,0,0,0,0,0,129.4303946,35.5115681
JDQ4MTYyMiM4MSMkMiMkNCMkMDAkMzgxNzAyIzQxIyQxIyQ3IyQwMyQ0NjEwMDIjNjEjJDEjJDAjJDgz,푸른내과의원,31,의원,260000,울산,260003,울산중구,성남동,44529,"울산광역시 중구 장춘로 114, 201호 (성남동, 영성빌딩)",052-242-1555,,2007-02-21,1,0,0,0,1,0,0,0,0,0,0,0,0,0,129.3209087,35.5570252
JDQ4MTYyMiM4MSMkMiMkNCMkMDAkMzgxMTkxIzUxIyQxIyQ1IyQ2MiQzNjE4MzIjNjEjJDEjJDgjJDgz,푸른비뇨기과의원,31,의원,260000,울산,260001,울산남구,삼산동,44705,"울산광역시 남구 삼산로 281, 6층 (삼산동, 정&정빌딩)",052-260-4800,http://www.man-power.co.kr/sub01/sub01_0413.php,2002-03-15,2,0,0,0,2,0,0,0,0,0,0,0,0,0,129.3376525,35.5396876
JDQ4MTYyMiM4MSMkMiMkNCMkMDAkNDgxOTYxIzMxIyQxIyQzIyQ4OSQzNjE4MzIjNjEjJDEjJDQjJDgz,푸른이비인후과의원,31,의원,260000,울산,260001,울산남구,신정동,44664,"울산광역시 남구 문수로 406, 농협중앙회울주군지부 1층층 (신정동)",052-266-0777,,2024-02-08,1,0,0,0,1,0,0,0,0,0,0,0,0,0,129.2976755,35.5335398
JDQ4MTYyMiM4MSMkMSMkNCMkNzIkMzgxOTYxIzExIyQxIyQzIyQ4MiQzNjEwMDIjNDEjJDEjJDgjJDgz,푸른치과의원,51,치과의원,260000,울산,260002,울산동구,동부동,44007,"울산광역시 동구 동해안로 50, 2층 (동부동)",052-252-7656,,2000-06-26,1,0,0,0,0,1,0,0,0,0,0,0,0,0,129.42873,35.5420727
JDQ4MTYyMiM4MSMkMSMkNCMkNzIkMzgxOTYxIzIxIyQxIyQ5IyQ3MiQyNjE0ODEjODEjJDEjJDIjJDgz,푸른하늘치과의원,51,치과의원,260000,울산,260003,울산중구,남외동,44495,"울산광역시 중구 번영로 576, 5층 (남외동)",052-281-6633,,2007-06-08,1,0,0,0,0,0,0,0,1,0,0,0,0,0,129.3450257,35.5684818
JDQ4MTYyMiM4MSMkMSMkNCMkMTMkNDgxMzUxIzIxIyQxIyQ1IyQ4OSQ0NjEwMDIjNDEjJDEjJDgjJDgz,푸른하늘한의원,93,한의원,260000,울산,260001,울산남구,삼산동,44700,"울산광역시 남구 월평로 256, 2층 (삼산동)",052-269-1082,,2002-05-31,1,0,0,0,0,0,0,0,0,1,0,0,0,0,129.3324562,35.546834
JDQ4MTYyMiM4MSMkMiMkNCMkMDAkNDgxOTYxIzIxIyQxIyQ5IyQxMyQzNjEyMjIjODEjJDEjJDYjJDgz,프라우메디유반외과의원,31,의원,260000,울산,260001,울산남구,삼산동,44705,"울산광역시 남구 삼산중로 84, 201호 (삼산동)",052-260-0781,,2023-10-19,1,0,0,0,1,0,0,0,0,0,0,0,0,0,129.3356964,35.5410707
JDQ4MTYyMiM4MSMkMSMkNCMkNzIkMzgxOTYxIzIxIyQxIyQxIyQ2MiQzNjE0ODEjNDEjJDEjJDgjJDgz,프라임치과의원,51,치과의원,260000,울산,260001,울산남구,삼산동,44715,"울산광역시 남구 화합로 162, 2층 202호 (삼산동, 나인파크)",052-297-2875,,2004-09-06,1,0,0,0,0,1,0,0,0,0,0,0,0,0,129.3400182,35.5391737
JDQ4MTYyMiM4MSMkMSMkNCMkNzIkMzgxOTYxIzQxIyQxIyQ3IyQwMyQzNjE0ODEjNDEjJDEjJDgjJDgz,프란트치과의원,51,치과의원,260000,울산,260001,울산남구,신정동,44679,"울산광역시 남구 중앙로290번길 30, 2층 (신정동)",708-2875,,2012-12-12,1,0,0,0,0,1,0,0,0,0,0,0,0,0,129.31285,35.5472565
JDQ4MTYyMiM4MSMkMiMkNCMkMDAkNDgxOTYxIzIxIyQxIyQxIyQwMyQzNjE0ODEjNTEjJDEjJDIjJDgz,프리비유반외과의원,31,의원,260000,울산,260003,울산중구,남외동,44507,"울산광역시 중구 번영로 564, 7,8층 (남외동)",052-224-6060,,2021-03-09,2,0,0,0,2,0,0,0,0,0,0,0,0,0,129.3436912,35.5681802
JDQ4MTYyMiM4MSMkMSMkNCMkMTMkNDgxMzUxIzQxIyQyIyQ3IyQwMCQzNjEyMjIjNjEjJDEjJDgjJDgz,프리허그한의원,93,한의원,260000,울산,260001,울산남구,삼산동,44705,"울산광역시 남구 삼산로267번길 6-16, 6층 (삼산동, 현은빌딩)",052-269-8269,,2013-10-14,1,0,0,0,0,0,0,0,0,1,0,0,0,0,129.3371095,35.5397981
JDQ4MTYyMiM4MSMkMiMkNCMkMDAkNDgxOTYxIzMxIyQxIyQzIyQ3OSQyNjE0ODEjNDEjJDEjJDgjJDgz,플러스신경과의원,31,의원,260000,울산,260001,울산남구,야음동,44750,"울산광역시 남구 수암로 138, 401~2호 (야음동)",052-276-7575,,2023-10-20,1,0,0,0,1,0,0,0,0,0,0,0,0,0,129.3219771,35.5270563
JDQ4MTYyMiM4MSMkMSMkNCMkNzIkMzgxMzUxIzMxIyQxIyQzIyQ3OSQzNjE0ODEjNjEjJDEjJDQjJDgz,플러스치과의원,51,치과의원,260000,울산,260004,울산북구,신천동,44224,"울산광역시 북구 호계로 332-1, (신천동)",052-291-1454,,2008-01-04,1,0,0,0,0,1,0,0,0,0,0,0,0,0,129.3499194,35.6328408
JDQ4MTYyMiM4MSMkMSMkNCMkNzIkMzgxMzUxIzQxIyQxIyQ3IyQ2MiQyNjEwMDIjNTEjJDEjJDIjJDgz,플러스치과의원,51,치과의원,260000,울산,260003,울산중구,복산동,44478,"울산광역시 중구 번영로 475, 4층 (복산동, 홈플러스)",052-292-2876,,2003-04-25,1,0,0,0,0,0,0,0,1,0,0,0,0,0,129.3348498,35.5644161
JDQ4MTYyMiM4MSMkMSMkNCMkNzIkMzgxOTYxIzIxIyQxIyQ5IyQ2MiQyNjEwMDIjODEjJDEjJDYjJDgz,플러스치과의원,51,치과의원,260000,울산,260100,울산울주군,언양읍,44945,"울산광역시 울주군 언양읍 읍성로 15, 2층",052-254-7522,,2007-05-04,2,0,0,0,0,2,0,0,0,0,0,0,0,0,129.1172825,35.5659235
JDQ4MTYyMiM4MSMkMiMkNCMkMDAkNDgxOTYxIzMxIyQyIyQzIyQwMCQzNjE0ODEjNjEjJDEjJDQjJDgz,플로라의원,31,의원,260000,울산,260002,울산동구,서부동,44033,"울산광역시 동구 명덕로 15, 4층 (서부동)",052-232-6024,,2024-04-15,1,0,0,0,1,0,0,0,0,0,0,0,0,0,129.4308284,35.5223703
JDQ4MTYyMiM4MSMkMiMkNCMkMDAkNDgxOTYxIzExIyQxIyQ3IyQxMyQzNjE0ODEjNTEjJDEjJDYjJDgz,핀다의원,31,의원,260000,울산,260004,울산북구,산하동,44264,"울산광역시 북구 산하중앙2로 150, 3,4층 301,302호 (산하동)",052-258-1004,,2020-01-06,2,0,0,0,2,0,0,0,0,0,0,0,0,0,129.4396549,35.6242236
JDQ4MTYyMiM4MSMkMiMkNCMkMDAkNDgxOTYxIzIxIyQxIyQ5IyQ5OSQzNjEyMjIjODEjJDEjJDIjJDgz,필라톡스의원,31,의원,260000,울산,260100,울산울주군,범서읍,44933,"울산광역시 울주군 범서읍 울밀로 2826, 2,3층",052-707-6555,,2022-12-23,1,0,0,0,1,0,0,0,0,0,0,0,0,0,129.2572792,35.5577269
JDQ4MTYyMiM4MSMkMiMkNCMkMDAkMzgxMTkxIzIxIyQxIyQxIyQ5MiQyNjE0ODEjNjEjJDEjJDgjJDgz,하나가정의학과의원,31,의원,260000,울산,260003,울산중구,태화동,44437,"울산광역시 중구 태화로 126, (태화동)",052-249-9450,,1998-09-03,1,0,0,0,1,0,0,0,0,0,0,0,0,0,129.2897077,35.5531239
JDQ4MTYyMiM4MSMkMiMkNCMkMDAkNDgxMzUxIzIxIyQxIyQ1IyQ4MiQyNjE0ODEjNjEjJDEjJDgjJDgz,하나가정의학과의원,31,의원,260000,울산,260100,울산울주군,청량읍,44961,"울산광역시 울주군 청량읍 삼정로 90, 1층",052-225-7582,,2011-08-16,1,0,0,0,1,0,0,0,0,0,0,0,0,0,129.2370465,35.4957152
JDQ4MTYyMiM4MSMkMSMkNCMkNzIkMzgxOTYxIzMxIyQxIyQzIyQ2MiQ0NjE0ODEjNTEjJDEjJDIjJDgz,하나로치과의원,51,치과의원,260000,울산,260004,울산북구,신천동,44220,"울산광역시 북구 매곡로 7, (신천동)",052-296-2875,,2009-01-02,2,0,0,0,0,2,0,0,0,0,0,0,0,0,129.3489118,35.6346393
JDQ4MTYyMiM4MSMkMiMkNCMkMDAkMzgxNzAyIzExIyQxIyQ3IyQxMyQzNjEwMDIjNDEjJDEjJDgjJDgz,하나마취통증의학과의원,31,의원,260000,울산,260001,울산남구,야음동,44755,"울산광역시 남구 중앙로 14, 덕산프라자 2층 (야음동)",052-260-2022,,2018-01-17,1,0,0,0,1,0,0,0,0,0,0,0,0,0,129.3190209,35.5228284
JDQ4MTYyMiM4MSMkMiMkNCMkMDAkMzgxNzAyIzExIyQxIyQ3IyQxMyQzNjE4MzIjNzEjJDEjJDgjJDgz,하나산부인과의원,31,의원,260000,울산,260004,울산북구,호계동,44227,"울산광역시 북구 호계로 292, (호계동)",052-282-8258,,2003-04-30,1,0,0,0,1,0,0,0,0,0,0,0,0,0,129.3512801,35.6292198
JDQ4MTYyMiM4MSMkMiMkNCMkMDAkMzgxOTYxIzExIyQxIyQzIyQ4MiQzNjEwMDIjNDEjJDEjJDgjJDgz,하나소아청소년과의원,31,의원,260000,울산,260100,울산울주군,범서읍,44933,"울산광역시 울주군 범서읍 장검길 10, 3층 (하나소아청소년과의원)",052-232-0123,,2010-05-18,1,0,0,0,1,0,0,0,0,0,0,0,0,0,129.2540428,35.5576485
JDQ4MTYyMiM4MSMkMSMkNCMkOTkkMzgxMzUxIzIxIyQxIyQ1IyQ5OSQzNjE4MzIjODEjJDEjJDIjJDgz,하나이비인후과병원,21,병원,260000,울산,260001,울산남구,달동,44694,"울산광역시 남구 삼산로 139, (달동)",052-708-1111,,2007-10-11,8,0,0,0,8,0,0,0,0,0,0,0,0,0,129.3223954,35.5364362
JDQ4MTYyMiM4MSMkMiMkNCMkMDAkNDgxMzUxIzIxIyQxIyQ5IyQ4OSQzNjEyMjIjNjEjJDEjJDQjJDgz,하나정형외과의원,31,의원,260000,울산,260004,울산북구,양정동,44260,"울산광역시 북구 염포로 521, (양정동)",052-287-9853,http://,2012-02-06,1,0,0,0,1,0,0,0,0,0,0,0,0,0,129.3847319,35.545053
JDQ4MTYyMiM4MSMkMSMkNCMkNzIkMzgxOTYxIzIxIyQxIyQxIyQ2MiQzNjEwMDIjODEjJDEjJDYjJDgz,하나치과의원,51,치과의원,260000,울산,260100,울산울주군,청량읍,44961,"울산광역시 울주군 청량면 삼정로 92-12, (24-202 (쌍용하나빌리지상가))",052-224-2826,,2014-05-27,2,0,0,0,0,2,0,0,0,0,0,0,0,0,129.2381818,35.4952174
JDQ4MTYyMiM4MSMkMSMkNCMkNzIkMzgxOTYxIzQxIyQxIyQ3IyQ3OSQyNjE0ODEjNDEjJDEjJDgjJDgz,하나치과의원,51,치과의원,260000,울산,260001,울산남구,달동,44722,"울산광역시 남구 삼산로 130, 3층 (달동)",052-243-7045,,2020-01-13,1,0,0,0,0,1,0,0,0,0,0,0,0,0,129.3217603,35.535608
JDQ4MTYyMiM4MSMkMSMkNCMkMTMkMzgxNzAyIzUxIyQxIyQ1IyQ4MiQzNjE4MzIjNTEjJDEjJDYjJDgz,하나한의원,93,한의원,260000,울산,260001,울산남구,신정동,44678,"울산광역시 남구 봉월로 12, (신정동)",052-275-1101,,2002-11-07,1,0,0,0,0,0,0,0,0,0,0,0,1,0,129.3072341,35.5336159
JDQ4MTYyMiM4MSMkMSMkNCMkNzIkMzgxOTYxIzMxIyQyIyQ3IyQwMCQyNjE4MzIjNDEjJDEjJDgjJDgz,하늘갤러리치과의원,51,치과의원,260000,울산,260004,울산북구,호계동,44227,"울산광역시 북구 호계로 300, 3층 (호계동)",052-298-7222,http://www.eskygallery.com/,2010-06-17,1,0,0,0,0,1,0,0,0,0,0,0,0,0,129.3513711,35.6299985
JDQ4MTYyMiM4MSMkMSMkNCMkMTMkNDgxMzUxIzMxIyQxIyQ3IyQxMyQyNjE4MzIjODEjJDEjJDYjJDgz,하늘마음한의원,93,한의원,260000,울산,260001,울산남구,삼산동,44705,"울산광역시 남구 삼산로 273, (삼산동)",052-269-8646,http://www.skin8575.com:8080/company/m13_profile1.php?pn=1&sn=3&hcode=USC&d_no=247,2010-10-26,2,0,0,0,0,0,0,0,0,2,0,0,0,0,129.3367805,35.5395317
JDQ4MTYyMiM4MSMkMiMkNCMkMDAkMzgxMTkxIzExIyQxIyQzIyQ4OSQyNjEwMDIjODEjJDEjJDIjJDgz,하늘이비인후과의원,31,의원,260000,울산,260004,울산북구,명촌동,44254,"울산광역시 북구 명촌로 75, 2층 (명촌동, 미남빌딩)",052-289-7582,,2002-08-02,1,0,0,0,1,0,0,0,0,0,0,0,0,0,129.3566091,35.5539732
JDQ4MTYyMiM4MSMkMSMkNCMkNzIkMzgxOTYxIzIxIyQxIyQxIyQ5OSQ0NjE0ODEjODEjJDEjJDYjJDgz,하늘치과의원,51,치과의원,260000,울산,260001,울산남구,달동,44707,"울산광역시 남구 삼산중로 69, 3층 (달동, 화신빌딩)",052-261-2875,,2003-06-27,2,0,0,0,0,2,0,0,0,0,0,0,0,0,129.3351478,35.5397257
JDQ4MTYyMiM4MSMkMSMkNCMkNzIkMzgxOTYxIzUxIyQxIyQxIyQ3OSQzNjEyMjIjNjEjJDEjJDgjJDgz,하루임플치과의원,51,치과의원,260000,울산,260001,울산남구,삼산동,44719,"울산광역시 남구 삼산로 266, 굿모닝클리닉 4층 (삼산동)",052-288-7520,,2023-12-12,1,0,0,0,0,0,0,0,1,0,0,0,0,0,129.3362911,35.5387849
JDQ4MTYyMiM4MSMkMSMkNCMkNzIkMzgxOTYxIzMxIyQxIyQ3IyQ5OSQyNjEyMjIjNjEjJDEjJDQjJDgz,하모니치과의원,51,치과의원,260000,울산,260002,울산동구,서부동,44031,"울산광역시 동구 방어진순환도로 911-1, (서부동)",052-234-0980,,2003-10-06,1,0,0,0,0,0,0,0,1,0,0,0,0,0,129.4324176,35.5225382
JDQ4MTYyMiM4MSMkMSMkNCMkNzIkMzgxMzUxIzIxIyQxIyQ5IyQxMyQyNjEwMDIjNDEjJDEjJDQjJDgz,하얀이치과의원,51,치과의원,260000,울산,260003,울산중구,남외동,44493,"울산광역시 중구 번영로 577, (남외동)",052-298-2878,,1991-05-06,1,0,0,0,0,1,0,0,0,0,0,0,0,0,129.3449152,35.5692411
JDQ4MTYyMiM4MSMkMSMkNCMkNzIkMzgxOTYxIzExIyQxIyQzIyQ4OSQyNjE0ODEjNTEjJDEjJDYjJDgz,하얀치과의원,51,치과의원,260000,울산,260100,울산울주군,온산읍,45001,"울산광역시 울주군 온산읍 덕신로 273, (온산읍)",052-237-2804,,1999-05-07,1,0,0,0,0,1,0,0,0,0,0,0,0,0,129.3113903,35.4342281
JDQ4MTYyMiM4MSMkMiMkNCMkMDAkNDgxOTYxIzExIyQxIyQ3IyQ5MiQyNjEwMDIjNjEjJDEjJDAjJDgz,하이닥터 비뇨의학과 의원,31,의원,260000,울산,260001,울산남구,달동,44707,"울산광역시 남구 삼산로 245, 12층 (달동)",052-227-5670,,2019-08-27,1,0,0,0,1,0,0,0,0,0,0,0,0,0,129.3339314,35.5389833
JDQ4MTYyMiM4MSMkMiMkNCMkMDAkNDgxMzUxIzQxIyQyIyQ3IyQwMCQzNjE4MzIjNzEjJDEjJDgjJDgz,하이맨비뇨기과의원,31,의원,260000,울산,260001,울산남구,삼산동,44705,"울산광역시 남구 삼산로 277, 7층 (삼산동)",052-275-1110,,2014-10-30,1,0,0,0,1,0,0,0,0,0,0,0,0,0,129.3374374,35.5396495
JDQ4MTYyMiM4MSMkMSMkNCMkOTkkMzgxMzUxIzMxIyQxIyQzIyQwMyQzNjEyMjIjNjEjJDEjJDgjJDgz,하이본병원,21,병원,260000,울산,260001,울산남구,달동,44703,"울산광역시 남구 돋질로 228, 2~7층 (달동)",052-701-6000,,2021-05-26,7,0,0,0,7,0,0,0,0,0,0,0,0,0,129.3300509,35.5424744
JDQ4MTYyMiM4MSMkMiMkNCMkMDAkNDgxOTYxIzIxIyQxIyQ1IyQ5OSQ0NjEwMDIjNjEjJDEjJDgjJDgz,하이울산신경과의원,31,의원,260000,울산,260003,울산중구,약사동,44479,"울산광역시 중구 번영로 485, 4층 (약사동)",286-5300,,2021-09-30,1,0,0,0,1,0,0,0,0,0,0,0,0,0,129.3362675,35.5648131
JDQ4MTYyMiM4MSMkMSMkNCMkNzIkMzgxMTkxIzIxIyQyIyQ1IyQwMCQzNjEwMDIjNTEjJDEjJDYjJDgz,하이윌치과의원,51,치과의원,260000,울산,260001,울산남구,신정동,44679,"울산광역시 남구 중앙로 282, 2층 (신정동)",052-700-2300,,2024-03-06,1,0,0,0,0,1,0,0,0,0,0,0,0,0,129.3101817,35.5458733
JDQ4MTYyMiM4MSMkMSMkNCMkNzIkMzgxOTYxIzIxIyQxIyQ1IyQxMyQzNjE4MzIjODEjJDEjJDIjJDgz,하이치과의원,51,치과의원,260000,울산,260001,울산남구,무거동,44611,"울산광역시 남구 대학로 58, 2층 (무거동)",052-223-2804,,2006-07-12,1,0,0,0,0,1,0,0,0,0,0,0,0,0,129.2581925,35.5404479
JDQ4MTYyMiM4MSMkMiMkNCMkMDAkNDgxOTYxIzMxIyQxIyQzIyQxMyQzNjE4MzIjNTEjJDEjJDYjJDgz,하이탑마취통증의학과의원,31,의원,260000,울산,260003,울산중구,태화동,44452,"울산광역시 중구 화진4길 6, 1층 (태화동)",052-243-7585,,2025-01-22,2,0,0,0,2,0,0,0,0,0,0,0,0,0,129.3089982,35.5557527
JDQ4MTYyMiM4MSMkMSMkNCMkNzIkMzgxMzUxIzQxIyQxIyQ3IyQ5OSQzNjE4MzIjNzEjJDEjJDgjJDgz,하종호치과의원,51,치과의원,260000,울산,260004,울산북구,연암동,44242,"울산광역시 북구 화봉로 58, 신화프라자 (연암동)",052-287-7875,,2006-04-19,1,0,0,0,0,1,0,0,0,0,0,0,0,0,129.3653121,35.5878223
JDQ4MTYyMiM4MSMkMSMkNCMkMTMkNDgxMzUxIzUxIyQxIyQxIyQ3MiQyNjE0ODEjODEjJDEjJDIjJDgz,학교법인 동의학원 HD현대중공업 한의원,93,한의원,260000,울산,260002,울산동구,전하동,44032,"울산광역시 동구 방어진순환도로 1000, 현대중공업 (전하동)",052-203-5010,,2015-08-25,2,0,0,0,0,0,0,0,0,0,0,0,2,0,129.4486094,35.5246602
JDQ4MTYyMiM4MSMkMSMkNCMkMTMkNDgxMzUxIzUxIyQxIyQ1IyQ2MiQzNjE0ODEjNDEjJDEjJDQjJDgz,학교법인 동의학원 HD현대중공업중형선 한의원,93,한의원,260000,울산,260002,울산동구,방어동,44113,"울산광역시 동구 방어진순환도로 100, 현대미포조선 (방어동)",052-250-3446,,2017-04-24,1,0,0,0,0,0,0,0,0,0,0,0,1,0,129.4100822,35.4912234
JDQ4MTYyMiM4MSMkMSMkNCMkODkkMzgxMzUxIzExIyQxIyQzIyQ5OSQyNjE4MzIjNDEjJDEjJDgjJDgz,학교법인 울산공업학원 울산대학교병원,01,상급종합,260000,울산,260002,울산동구,,44033,"울산광역시 동구 대학병원로 25, 울산대학교병원 (전하동)",052-250-7000,http://www.uuh.ulsan.kr/main/main.asp,1987-07-01,375,0,34,88,233,4,0,6,8,0,0,0,0,2,129.4289116,35.5200702
JDQ4MTYyMiM4MSMkMSMkNCMkMTMkNDgxMzUxIzQxIyQxIyQ3IyQ5MiQzNjE0ODEjODEjJDEjJDYjJDgz,학교법인제한학원현대한의원,93,한의원,260000,울산,260004,울산북구,양정동,44259,"울산광역시 북구 염포로 700, (양정동, 현대자동차 A동 4)",052-289-8534,,2014-05-30,2,0,0,0,0,0,0,0,0,0,0,0,2,0,129.3857107,35.5370029
JDQ4MTYyMiM4MSMkMSMkNCMkNzIkMzgxMzUxIzMxIyQxIyQ3IyQ2MiQ0NjE0ODEjNTEjJDEjJDYjJDgz,학성연세치과의원,51,치과의원,260000,울산,260003,울산중구,복산동,44478,"울산광역시 중구 번영로 453, 5층 (복산동)",052-294-3566,,1993-10-28,1,0,0,0,0,1,0,0,0,0,0,0,0,0,129.3335138,35.5630913
JDQ4MTYyMiM4MSMkMiMkNCMkMDAkNDgxMzUxIzIxIyQxIyQ5IyQ3OSQyNjEwMDIjNzEjJDEjJDgjJDgz,한결연합의원,31,의원,260000,울산,260003,울산중구,다운동,44402,"울산광역시 중구 다운로 110, (다운동)",052-277-2969,,1997-02-14,1,1,0,0,0,0,0,0,0,0,0,0,0,0,129.2675173,35.5628724
JDQ4MTYyMiM4MSMkMiMkNCMkMDAkMzgxMTkxIzIxIyQxIyQ1IyQ4MiQyNjEwMDIjNTEjJDEjJDYjJDgz,한결의원,31,의원,260000,울산,260004,울산북구,산하동,44264,"울산광역시 북구 산하중앙2로 290, 305,306호 (산하동, 아이스케어)",052-268-8227,,2016-11-21,1,0,0,0,1,0,0,0,0,0,0,0,0,0,129.4389812,35.6358859
JDQ4MTYyMiM4MSMkMiMkNCMkMDAkMzgxMTkxIzExIyQxIyQzIyQwMyQ0NjEwMDIjNjEjJDEjJDAjJDgz,한국건강관리협회 건강증진의원,31,의원,260000,울산,260003,울산중구,학산동,44519,"울산광역시 중구 번영로 360, (학산동)",052-241-2000,http://ulsan.kahp.or.kr,1999-06-29,14,1,0,0,13,0,0,0,0,0,0,0,0,0,129.3267388,35.5569889
JDQ4MTYyMiM4MSMkMSMkNCMkNzIkMzgxOTYxIzExIyQxIyQ3IyQ5MiQyNjEwMDIjNDEjJDEjJDgjJDgz,한국건강관리협회 건강증진치과의원,51,치과의원,260000,울산,260003,울산중구,학산동,44519,"울산광역시 중구 번영로 360, 한국건강관리협회 5층 (학산동)",052-241-2000,,2002-06-27,2,0,0,0,0,2,0,0,0,0,0,0,0,0,129.3267388,35.5569889
JDQ4MTYyMiM4MSMkMiMkNCMkMDAkMzgxMTkxIzIxIyQxIyQ1IyQ3OSQyNjE0ODEjNDEjJDEjJDgjJDgz,한길내과의원,31,의원,260000,울산,260001,울산남구,달동,44703,"울산광역시 남구 삼산로 209, 2,3층 (달동)",052-269-1400,,1998-05-15,1,0,0,0,1,0,0,0,0,0,0,0,0,0,129.3300336,35.5382643
JDQ4MTYyMiM4MSMkMSMkNCMkNzIkMzgxMzUxIzMxIyQxIyQ3IyQ5OSQzNjE4MzIjNDEjJDEjJDgjJDgz,한길치과의원,51,치과의원,260000,울산,260001,울산남구,옥동,44662,"울산광역시 남구 문수로 346, 4층 (옥동)",052-261-2793,,1993-04-29,1,0,0,0,0,1,0,0,0,0,0,0,0,0,129.2912218,35.5346596
JDQ4MTYyMiM4MSMkMiMkNCMkMDAkMzgxMTkxIzUxIyQxIyQxIyQ3MiQzNjEwMDIjNDEjJDEjJDgjJDgz,한마음가정의학과의원,31,의원,260000,울산,260003,울산중구,성안동,44417,"울산광역시 중구 성안로 200, (성안동)",052-236-7279,,2008-07-11,1,0,0,0,1,0,0,0,0,0,0,0,0,0,129.3185418,35.5777235
JDQ4MTYyMiM4MSMkMiMkNCMkMDAkMzgxMTkxIzExIyQxIyQzIyQxMyQ0NjE0ODEjNTEjJDEjJDYjJDgz,한마음신경외과의원,31,의원,260000,울산,260003,울산중구,우정동,44534,"울산광역시 중구 명륜로 32, (우정동)",052-243-3119,,1997-11-28,2,0,0,0,2,0,0,0,0,0,0,0,0,0,129.3095381,35.5551469
JDQ4MTYyMiM4MSMkMSMkNCMkNzIkMzgxOTYxIzIxIyQxIyQ1IyQ2MiQzNjEyMjIjNTEjJDEjJDYjJDgz,한마음치과의원,51,치과의원,260000,울산,260002,울산동구,일산동,44056,"울산광역시 동구 방어진순환도로 652, C동 309호 (일산동, 테라스파크)",052-252-2080,,2005-07-22,1,0,0,0,0,1,0,0,0,0,0,0,0,0,129.4288433,35.4997805
JDQ4MTYyMiM4MSMkMSMkNCMkMTMkMzgxNzAyIzUxIyQyIyQxIyQwMCQ0NjEwMDIjNDEjJDEjJDgjJDgz,한마음한의원,93,한의원,260000,울산,260002,울산동구,전하동,44042,"울산광역시 동구 방어진순환도로 785, 스타타워 7층 703호 (전하동)",052-251-2170,,2001-03-22,1,0,0,0,0,0,0,0,0,1,0,0,0,0,129.4303565,35.5118103
JDQ4MTYyMiM4MSMkMiMkNCMkMDAkMzgxMTkxIzIxIyQxIyQxIyQ5OSQyNjEwMDIjODEjJDEjJDIjJDgz,한빛이비인후과의원,31,의원,260000,울산,260100,울산울주군,온양읍,44979,"울산광역시 울주군 온양읍 온양로 102, (온양읍)",052-239-2713,,2005-01-27,1,0,0,0,1,0,0,0,0,0,0,0,0,0,129.2827915,35.4099582
JDQ4MTYyMiM4MSMkMiMkNCMkMDAkMzgxMTkxIzMxIyQxIyQzIyQxMyQyNjEwMDIjODEjJDEjJDIjJDgz,한빛이비인후과의원,31,의원,260000,울산,260004,울산북구,신천동,44224,"울산광역시 북구 제내1길 2, 307호 (신천동, 필그린상가)",052-286-7613,,2000-04-24,1,0,0,0,1,0,0,0,0,0,0,0,0,0,129.351375,35.6313325
JDQ4MTYyMiM4MSMkMSMkNCMkNjIkMzgxMzUxIzExIyQyIyQzIyQwMCQyNjE0ODEjODEjJDEjJDIjJDgz,한빛치과병원,41,치과병원,260000,울산,260001,울산남구,옥동,44662,"울산광역시 남구 문수로 368, 5~8층 (옥동)",052-707-2875,http://www.athanvit.co.kr,2012-03-27,4,0,0,0,0,2,0,0,2,0,0,0,0,0,129.2935784,35.5342805
JDQ4MTYyMiM4MSMkMiMkNCMkMDAkMzgxMTkxIzIxIyQxIyQxIyQ4OSQzNjEyMjIjNDEjJDEjJDgjJDgz,한사랑의원,31,의원,260000,울산,260100,울산울주군,온양읍,44979,"울산광역시 울주군 온양읍 연안2길 19, (온양읍)",052-238-8035,,1998-05-21,1,0,0,0,1,0,0,0,0,0,0,0,0,0,129.2823351,35.4085568
JDQ4MTYyMiM4MSMkMSMkNCMkNzIkMzgxMzUxIzUxIyQxIyQxIyQ3OSQyNjEwMDIjNDEjJDEjJDQjJDgz,한사랑치과의원,51,치과의원,260000,울산,260001,울산남구,,44726,"울산광역시 남구 번영로 109, (달동)",052-275-8636,,1996-01-05,1,0,0,0,0,1,0,0,0,0,0,0,0,0,129.3285421,35.5351125
JDQ4MTYyMiM4MSMkMiMkNCMkMDAkMzgxMTkxIzExIyQyIyQzIyQwMCQyNjE0ODEjNjEjJDEjJDAjJDgz,한소아청소년과의원,31,의원,260000,울산,260004,울산북구,양정동,44260,"울산광역시 북구 염포로 601, 2층 (양정동, 현대자동차회관)",052-288-0075,,1997-04-23,1,0,0,0,1,0,0,0,0,0,0,0,0,0,129.388252,35.5382049
JDQ4MTYyMiM4MSMkMiMkNCMkMDAkNDgxMzUxIzExIyQxIyQzIyQ5OSQzNjEwMDIjODEjJDEjJDYjJDgz,한솔마취통증의학과의원,31,의원,260000,울산,260003,울산중구,남외동,44495,"울산광역시 중구 번영로 590, 3층 (남외동)",052-221-7575,,2008-10-13,1,0,0,0,1,0,0,0,0,0,0,0,0,0,129.3465085,35.5689533
JDQ4MTYyMiM4MSMkMiMkNCMkMDAkNDgxMzUxIzUxIyQyIyQxIyQwMCQzNjEyMjIjNjEjJDEjJDQjJDgz,한솔연합내과의원,31,의원,260000,울산,260002,울산동구,동부동,44010,"울산광역시 동구 방어진순환도로 1138, 소망메디컬 (서부동)",052-247-7500,,2016-02-26,2,0,0,0,2,0,0,0,0,0,0,0,0,0,129.4241745,35.5399623
JDQ4MTYyMiM4MSMkMiMkNCMkMDAkMzgxMTkxIzMxIyQxIyQzIyQ5MiQyNjEwMDIjNTEjJDEjJDYjJDgz,한솔정형외과의원,31,의원,260000,울산,260002,울산동구,화정동,44070,"울산광역시 동구 대학길 77, (화정동)",052-232-1400,,2003-01-02,1,0,0,0,1,0,0,0,0,0,0,0,0,0,129.422094,35.4987767
JDQ4MTYyMiM4MSMkMSMkNCMkNzIkMzgxMzUxIzMxIyQxIyQ3IyQ5MiQyNjE0ODEjNDEjJDEjJDQjJDgz,한솔치과의원,51,치과의원,260000,울산,260001,울산남구,신정동,44671,"울산광역시 남구 중앙로 249, (신정동)",052-260-6566,,1994-04-22,1,0,0,0,0,1,0,0,0,0,0,0,0,0,129.3107041,35.5429599
JDQ4MTYyMiM4MSMkMSMkNCMkMTMkNDgxMzUxIzMxIyQxIyQzIyQ3MiQyNjE4MzIjNTEjJDEjJDYjJDgz,한솔한의원,93,한의원,260000,울산,260100,울산울주군,온양읍,44973,"울산광역시 울주군 온양읍 대운길 51, (온양읍)",052-239-0003,,1995-04-17,1,0,0,0,0,0,0,0,0,0,0,0,1,0,129.2821621,35.4136477
JDQ4MTYyMiM4MSMkMiMkNCMkMDAkNDgxMzUxIzQxIyQxIyQ3IyQwMyQyNjEwMDIjNjEjJDEjJDAjJDgz,한양마취통증의학과의원,31,의원,260000,울산,260004,울산북구,호계동,44228,"울산광역시 북구 호계로 277, (호계동)",052-293-5588,,2015-08-03,1,0,0,0,1,0,0,0,0,0,0,0,0,0,129.3506929,35.6280626
JDQ4MTYyMiM4MSMkMiMkNCMkMDAkNDgxOTYxIzExIyQxIyQzIyQ4OSQzNjEyMjIjNjEjJDEjJDQjJDgz,한양연합재활의학과의원,31,의원,260000,울산,260001,울산남구,달동,44707,"울산광역시 남구 삼산로 243, 3층 (달동)",052-265-5824,,2022-11-03,3,0,0,0,3,0,0,0,0,0,0,0,0,0,129.3336736,35.538944
JDQ4MTYyMiM4MSMkMiMkNCMkMDAkMzgxMzUxIzUxIyQxIyQ1IyQ5OSQzNjE0ODEjNjEjJDEjJDgjJDgz,한양정신과의원,31,의원,260000,울산,260003,울산중구,성남동,44529,"울산광역시 중구 새즈믄해거리 6, (성남동)",052-244-9649,,1987-03-07,1,0,0,0,1,0,0,0,0,0,0,0,0,0,129.3204503,35.555355
JDQ4MTYyMiM4MSMkMSMkNCMkMTMkMzgxNzAyIzIxIyQxIyQ5IyQxMyQzNjE0ODEjODEjJDEjJDYjJDgz,한울한의원,93,한의원,260000,울산,260002,울산동구,방어동,44093,"울산광역시 동구 문현로 40, (방어동)",052-235-8077,,1999-10-01,1,0,0,0,0,0,0,0,0,1,0,0,0,0,129.4133065,35.4849749
JDQ4MTYyMiM4MSMkMSMkNCMkMTMkNDgxOTYxIzExIyQxIyQzIyQwMyQzNjE4MzIjNDEjJDEjJDgjJDgz,한음 한방신경정신과 한의원,93,한의원,260000,울산,260001,울산남구,달동,44718,"울산광역시 남구 삼산로 254, S타워 17층 (달동)",052-716-0004,,2021-02-26,1,0,0,0,0,0,0,0,0,0,0,0,1,0,129.335013,35.5385217
JDQ4MTYyMiM4MSMkMSMkNCMkNzIkMzgxMzUxIzMxIyQxIyQzIyQxMyQ0NjEwMDIjNDEjJDEjJDgjJDgz,한일치과의원,51,치과의원,260000,울산,260001,울산남구,삼산동,44705,"울산광역시 남구 돋질로302번길 35, 2층 (삼산동)",052-269-2117,,2007-11-12,1,0,0,0,0,1,0,0,0,0,0,0,0,0,129.337516,35.5409284
JDQ4MTYyMiM4MSMkMSMkNCMkNzIkMzgxMzUxIzQxIyQxIyQ3IyQwMyQyNjEyMjIjNDEjJDEjJDQjJDgz,한치과의원,51,치과의원,260000,울산,260003,울산중구,남외동,44491,"울산광역시 중구 곽남6길 25, (남외동)",052-296-1266,,1995-08-30,1,0,0,0,0,1,0,0,0,0,0,0,0,0,129.3418635,35.5718538
JDQ4MTYyMiM4MSMkMiMkNCMkMDAkMzgxMzUxIzUxIyQxIyQxIyQ3MiQ0NjE0ODEjNjEjJDEjJDAjJDgz,함께하는의원,31,의원,260000,울산,260004,울산북구,염포동,44260,"울산광역시 북구 염포로 673, (염포동)",052-289-7046,,2007-08-29,1,1,0,0,0,0,0,0,0,0,0,0,0,0,129.3914099,35.5325703
JDQ4MTYyMiM4MSMkMSMkNCMkMTMkNDgxMzUxIzMxIyQxIyQzIyQ2MiQyNjEwMDIjNDEjJDEjJDQjJDgz,함소아한의원,93,한의원,260000,울산,260001,울산남구,삼산동,44719,"울산광역시 남구 삼산로278번길 8, 3층 (삼산동)",052-271-1075,http://www.hamsoa.com,2013-09-23,1,0,0,0,0,0,0,0,0,1,0,0,0,0,129.3372881,35.5384818
JDQ4MTYyMiM4MSMkMSMkNCMkOTkkMzgxMzUxIzMxIyQxIyQ3IyQ3OSQyNjEyMjIjNDEjJDEjJDgjJDgz,항사랑병원,21,병원,260000,울산,260001,울산남구,달동,44721,"울산광역시 남구 번영로 92, (달동)",052-269-0975,,2005-07-01,2,0,0,0,2,0,0,0,0,0,0,0,0,0,129.329967,35.5338118
JDQ4MTYyMiM4MSMkMiMkNCMkMDAkNDgxOTYxIzIxIyQxIyQ5IyQ2MiQ0NjE0ODEjODEjJDEjJDYjJDgz,해누리 정신건강의학과의원,31,의원,260000,울산,260001,울산남구,야음동,44750,"울산광역시 남구 수암로 138, 701호 (야음동)",052-257-5793,,2023-02-24,1,0,0,0,1,0,0,0,0,0,0,0,0,0,129.3219771,35.5270563
JDQ4MTYyMiM4MSMkMSMkNCMkNzIkMzgxOTYxIzUxIyQxIyQxIyQ4MiQ0NjEwMDIjNjEjJDEjJDAjJDgz,해담치과의원,51,치과의원,260000,울산,260004,울산북구,매곡동,44225,"울산광역시 북구 호계매곡1로 31, 상가동 1층 103호 (매곡동, 드림인시티 에일린의뜰 1차)",052-700-2802,,2022-01-04,1,0,0,0,0,0,0,0,1,0,0,0,0,0,129.3652533,35.6370317
JDQ4MTYyMiM4MSMkMSMkNCMkMTMkNDgxOTYxIzExIyQxIyQ3IyQ3MiQyNjEyMjIjNjEjJDEjJDQjJDgz,해듦한의원,93,한의원,260000,울산,260003,울산중구,우정동,44542,"울산광역시 중구 종가로 310, M빌딩 4층 404호 (우정동)",052-211-9714,,2023-03-14,1,0,0,0,0,0,0,0,0,0,0,0,1,0,129.3108649,35.5637896
JDQ4MTYyMiM4MSMkMSMkNCMkNzIkMzgxOTYxIzMxIyQxIyQzIyQxMyQ0NjE0ODEjODEjJDEjJDYjJDgz,해마루치과의원,51,치과의원,260000,울산,260004,울산북구,매곡동,44215,"울산광역시 북구 매곡1로 46, 203호 (매곡동, 대우프라자)",052-295-7528,,2009-12-21,1,0,0,0,0,1,0,0,0,0,0,0,0,0,129.3512761,35.6447162
JDQ4MTYyMiM4MSMkMSMkNCMkMTMkNDgxOTYxIzExIyQxIyQzIyQxMyQyNjE4MzIjNjEjJDEjJDgjJDgz,해바라기한의원,93,한의원,260000,울산,260003,울산중구,다운동,44406,"울산광역시 중구 운곡길 74, 2층 (다운동)",256-5100,,2019-07-19,1,0,0,0,0,0,0,0,0,1,0,0,0,0,129.2730995,35.5579887
JDQ4MTYyMiM4MSMkMSMkNCMkMTMkNDgxMzUxIzQxIyQxIyQ3IyQ3OSQyNjE4MzIjNDEjJDEjJDQjJDgz,해성한의원,93,한의원,260000,울산,260001,울산남구,야음동,44750,"울산광역시 남구 수암로 132, 3층 (야음동)",052-268-8830,http://www.hskmc.com,2013-04-29,1,0,0,0,0,0,0,0,0,1,0,0,0,0,129.3214794,35.5274447
JDQ4MTYyMiM4MSMkMSMkNCMkMTMkMzgxNzAyIzIxIyQxIyQ5IyQ4OSQzNjEyMjIjNzEjJDEjJDgjJDgz,해오름한의원,93,한의원,260000,울산,260003,울산중구,서동,44481,"울산광역시 중구 동천2길 21, (서동)",052-286-1079,,2008-01-03,1,0,0,0,0,0,0,0,0,1,0,0,0,0,129.3465795,35.5822286
JDQ4MTYyMiM4MSMkMSMkNCMkNzIkMzgxOTYxIzIxIyQxIyQ5IyQxMyQyNjE0ODEjNzEjJDEjJDgjJDgz,해와달연합치과의원,51,치과의원,260000,울산,260003,울산중구,남외동,44495,"울산광역시 중구 번영로 580, 701층 (남외동, SkyM빌딩)",052-291-2175,http://www.smdental.kr/,2008-04-07,1,0,0,0,0,1,0,0,0,0,0,0,0,0,129.3453715,35.5685691
JDQ4MTYyMiM4MSMkMSMkNCMkNzIkMzgxMTkxIzExIyQyIyQzIyQwMCQzNjEyMjIjNTEjJDEjJDIjJDgz,해와달치과교정과치과의원,51,치과의원,260000,울산,260003,울산중구,남외동,44495,"울산광역시 중구 번영로 580, 7층 702호 (남외동, SkyM빌딩)",052-286-0028,,2017-01-10,1,0,0,0,0,0,0,0,1,0,0,0,0,0,129.3453715,35.5685691
JDQ4MTYyMiM4MSMkMSMkNCMkMTMkNDgxMzUxIzUxIyQxIyQxIyQ4MiQ0NjEwMDIjODEjJDEjJDYjJDgz,해율한의원,93,한의원,260000,울산,260001,울산남구,달동,44707,"울산광역시 남구 삼산중로 69, (달동)",052-227-5455,,2015-12-16,2,0,0,0,0,0,0,0,0,2,0,0,0,0,129.3351478,35.5397257
JDQ4MTYyMiM4MSMkMSMkNCMkOTkkMzgxMzUxIzIxIyQxIyQ5IyQ4MiQzNjEyMjIjNjEjJDEjJDQjJDgz,햇살아동병원,21,병원,260000,울산,260100,울산울주군,범서읍,44928,"울산광역시 울주군 범서읍 천상중앙길 80, (범서읍)",052-211-8448,,2012-12-05,2,0,0,0,2,0,0,0,0,0,0,0,0,0,129.2277417,35.5630792
JDQ4MTYyMiM4MSMkMiMkNCMkMDAkNDgxMzUxIzUxIyQxIyQ1IyQ3OSQyNjE4MzIjNjEjJDEjJDQjJDgz,행복한내과의원,31,의원,260000,울산,260004,울산북구,명촌동,44256,"울산광역시 북구 명촌로 85, 301동 206호 (명촌동, 평창리비에르2차상가)",052-283-2299,,2016-09-05,1,0,0,0,1,0,0,0,0,0,0,0,0,0,129.3551003,35.5533098
JDQ4MTYyMiM4MSMkMiMkNCMkMDAkMzgxMTkxIzUxIyQxIyQ1IyQ5MiQyNjEyMjIjNzEjJDEjJDgjJDgz,행복한비뇨기과의원,31,의원,260000,울산,260001,울산남구,무거동,44611,"울산광역시 남구 대학로 136, (무거동)",052-222-0007,,2002-04-12,1,0,0,0,1,0,0,0,0,0,0,0,0,0,129.2620076,35.5465859
JDQ4MTYyMiM4MSMkMSMkNCMkNzIkMzgxOTYxIzQxIyQxIyQ3IyQ3MiQ0NjEwMDIjNDEjJDEjJDgjJDgz,허브치과의원,51,치과의원,260000,울산,260003,울산중구,남외동,44507,"울산광역시 중구 번영로 564, 5층 502호 (남외동)",281-2804,,2012-06-08,1,0,0,0,0,0,0,0,1,0,0,0,0,0,129.3436912,35.5681802
JDQ4MTYyMiM4MSMkMiMkNCMkMDAkNDgxMzUxIzMxIyQxIyQzIyQ3OSQyNjEyMjIjNDEjJDEjJDgjJDgz,허인정 산부인과의원,31,의원,260000,울산,260001,울산남구,삼산동,44705,"울산광역시 남구 삼산로 273, 삼산타워 12층 1201호 (삼산동)",052-256-0008,,2019-10-11,1,0,0,0,1,0,0,0,0,0,0,0,0,0,129.3367805,35.5395317
JDQ4MTYyMiM4MSMkMSMkNCMkNzIkMzgxMTkxIzExIyQxIyQ3IyQ3MiQyNjE4MzIjODEjJDEjJDYjJDgz,허치과의원,51,치과의원,260000,울산,260002,울산동구,전하동,44042,"울산광역시 동구 방어진순환도로 787, 2층 (전하동)",052-251-3456,,1983-03-28,2,0,0,0,0,2,0,0,0,0,0,0,0,0,129.4305416,35.5120744
JDQ4MTYyMiM4MSMkMSMkNCMkNzIkMzgxMTkxIzExIyQyIyQzIyQwMCQyNjEyMjIjNDEjJDEjJDQjJDgz,혁신치과의원,51,치과의원,260000,울산,260003,울산중구,태화동,44452,"울산광역시 중구 유곡로 29, 3층 (태화동)",052-246-0432,,1990-09-11,1,0,0,0,0,1,0,0,0,0,0,0,0,0,129.3064533,35.5563749
JDQ4MTYyMiM4MSMkMiMkNCMkMDAkNDgxMzUxIzIxIyQxIyQ5IyQ5OSQyNjE4MzIjODEjJDEjJDIjJDgz,현내과의원,31,의원,260000,울산,260003,울산중구,태화동,44452,"울산광역시 중구 화진길 13-2, 5,6층 (태화동, 리버스위트상가)",052-248-0875,,2010-03-04,1,0,0,0,1,0,0,0,0,0,0,0,0,0,129.308625,35.5549833
JDQ4MTYyMiM4MSMkMSMkNCMkNzIkMzgxOTYxIzQxIyQyIyQ3IyQwMCQzNjE0ODEjNjEjJDEjJDQjJDgz,현대 탑 치과의원,51,치과의원,260000,울산,260002,울산동구,일산동,44056,"울산광역시 동구 방어진순환도로 652, C동 402호 (일산동)",052-252-2875,,2012-02-27,1,0,0,0,0,0,0,0,1,0,0,0,0,0,129.4288433,35.4997805
JDQ4MTYyMiM4MSMkMiMkNCMkMDAkMzgxMTkxIzIxIyQyIyQ5IyQwMCQ0NjEwMDIjNTEjJDEjJDYjJDgz,현대가정의원,31,의원,260000,울산,260002,울산동구,동부동,44006,"울산광역시 동구 동해안로 43, 1층 (동부동)",052-236-5888,,1999-06-01,1,0,0,0,1,0,0,0,0,0,0,0,0,0,129.427963,35.5423863
JDQ4MTYyMiM4MSMkMSMkNCMkNzIkMzgxOTYxIzExIyQxIyQzIyQxMyQzNjEyMjIjNDEjJDEjJDgjJDgz,현대문화치과의원,51,치과의원,260000,울산,260004,울산북구,양정동,44260,"울산광역시 북구 염포로 601, 현대자동차문화회관 (양정동)",052-288-6044,,2001-03-21,1,0,0,0,0,1,0,0,0,0,0,0,0,0,129.388252,35.5382049
JDQ4MTYyMiM4MSMkMiMkNCMkMDAkNDgxMzUxIzQxIyQxIyQ3IyQ5MiQzNjE0ODEjNDEjJDEjJDgjJDgz,현대연합의원,31,의원,260000,울산,260001,울산남구,무거동,44601,"울산광역시 남구 대학로147번길 41-42, 2층 (무거동)",052-223-5130,,2015-08-11,1,1,0,0,0,0,0,0,0,0,0,0,0,0,129.2587451,35.5520437
JDQ4MTYyMiM4MSMkMiMkNCMkMDAkNDgxOTYxIzMxIyQxIyQzIyQ3OSQyNjEyMjIjNzEjJDEjJDgjJDgz,현대연합의원,31,의원,260000,울산,260004,울산북구,연암동,44242,"울산광역시 북구 상방로 106, 2층 (연암동)",052-291-9800,,2015-12-22,1,0,0,0,1,0,0,0,0,0,0,0,0,0,129.3657343,35.5876942
JDQ4MTYyMiM4MSMkMiMkNCMkMDAkMzgxOTYxIzUxIyQxIyQxIyQ5OSQyNjE4MzIjNzEjJDEjJDgjJDgz,현대이비인후과의원,31,의원,260000,울산,260002,울산동구,서부동,44030,"울산광역시 동구 방어진순환도로 927, (서부동)",052-252-6595,,1995-08-16,1,0,0,0,1,0,0,0,0,0,0,0,0,0,129.4327107,35.5239417
JDQ4MTYyMiM4MSMkMiMkNCMkMDAkMzgxOTYxIzQxIyQxIyQ3IyQ3OSQzNjEwMDIjNTEjJDEjJDIjJDgz,현대자동차(주)부속의원,31,의원,260000,울산,260004,울산북구,양정동,44259,"울산광역시 북구 염포로 700, (양정동, 현대자동차)",052-215-4846,,1989-08-12,8,1,0,0,7,0,0,0,0,0,0,0,0,0,129.3857107,35.5370029
JDQ4MTYyMiM4MSMkMiMkNCMkMDAkMzgxNzAyIzIxIyQxIyQxIyQ5OSQzNjE4MzIjNTEjJDEjJDIjJDgz,현대정형외과의원,31,의원,260000,울산,260002,울산동구,방어동,44096,"울산광역시 동구 방어진순환도로 482, (방어동)",052-234-6119,,2003-06-30,1,0,0,0,1,0,0,0,0,0,0,0,0,0,129.420191,35.487171
JDQ4MTYyMiM4MSMkMSMkNCMkNzIkMzgxMzUxIzQxIyQxIyQ3IyQxMyQyNjE0ODEjNDEjJDEjJDgjJDgz,현대치과의원,51,치과의원,260000,울산,260004,울산북구,양정동,44260,"울산광역시 북구 염포로 581, (양정동)",052-289-2828,,1995-11-30,2,0,0,0,0,2,0,0,0,0,0,0,0,0,129.3867257,35.5398433
JDQ4MTYyMiM4MSMkMiMkNCMkMDAkNDgxMzUxIzQxIyQxIyQ3IyQxMyQzNjEwMDIjNjEjJDEjJDAjJDgz,현대편안내과의원,31,의원,260000,울산,260002,울산동구,서부동,44030,"울산광역시 동구 방어진순환도로 937, (서부동)",052-235-7575,,2015-10-19,1,0,0,0,1,0,0,0,0,0,0,0,0,0,129.4328069,35.5247978
JDQ4MTYyMiM4MSMkMSMkNCMkNzIkMzgxOTYxIzQxIyQxIyQ3IyQ3OSQzNjEwMDIjNDEjJDEjJDgjJDgz,현대하이치과의원,51,치과의원,260000,울산,260004,울산북구,양정동,44260,"울산광역시 북구 염포로 521-1, 3층 (양정동)",052-287-7528,http://www.hyundaihi.net/,2011-08-25,2,0,0,0,0,1,0,0,1,0,0,0,0,0,129.3848186,35.5448408
JDQ4MTYyMiM4MSMkMSMkNCMkMTMkMzgxNzAyIzExIyQxIyQzIyQxMyQyNjEyMjIjNzEjJDEjJDgjJDgz,현대한의원,93,한의원,260000,울산,260003,울산중구,태화동,44438,"울산광역시 중구 난곡로 8, 1층 (태화동)",249-7146,,1999-09-02,1,0,0,0,0,0,0,0,0,1,0,0,0,0,129.2853863,35.5529747
JDQ4MTYyMiM4MSMkMSMkNCMkMTMkMzgxNzAyIzMxIyQxIyQzIyQ5MiQzNjEwMDIjODEjJDEjJDYjJDgz,현대한의원,93,한의원,260000,울산,260002,울산동구,서부동,44031,"울산광역시 동구 방어진순환도로 911-1, (서부동)",052-236-9393,,2001-11-12,1,0,0,0,0,0,0,0,0,1,0,0,0,0,129.4324176,35.5225382
JDQ4MTYyMiM4MSMkMSMkNCMkMTMkMzgxNzAyIzIxIyQxIyQxIyQwMyQyNjEwMDIjNjEjJDEjJDAjJDgz,현수한의원,93,한의원,260000,울산,260001,울산남구,무거동,44630,"울산광역시 남구 울밀로 2896, (무거동)",052-224-0513,,1987-11-18,1,0,0,0,0,0,0,0,0,1,0,0,0,0,129.2642374,35.5550739
JDQ4MTYyMiM4MSMkMSMkNCMkMTMkMzgxNzAyIzIxIyQxIyQ5IyQxMyQzNjEwMDIjNzEjJDEjJDgjJDgz,형제한의원,93,한의원,260000,울산,260001,울산남구,달동,44707,"울산광역시 남구 삼산중로 71, 2층 (달동)",052-267-4640,,1994-06-29,1,0,0,0,0,0,0,0,0,1,0,0,0,0,129.3351192,35.5399079
JDQ4MTYyMiM4MSMkMSMkNCMkMTMkMzgxNzAyIzIxIyQyIyQ1IyQwMCQzNjE4MzIjNTEjJDEjJDYjJDgz,혜중한의원,93,한의원,260000,울산,260004,울산북구,화봉동,44240,"울산광역시 북구 화산로 22, 2층 (화봉동)",052-286-7575,,2010-04-01,1,0,0,0,0,0,0,0,0,1,0,0,0,0,129.3658126,35.5939118
JDQ4MTYyMiM4MSMkMiMkNCMkMDAkNDgxMzUxIzExIyQxIyQzIyQxMyQzNjE4MzIjNjEjJDEjJDgjJDgz,호계명안과의원,31,의원,260000,울산,260004,울산북구,호계동,44227,"울산광역시 북구 호계로 298, 3층 (호계동)",052-292-8277,,2009-04-24,1,0,0,0,1,0,0,0,0,0,0,0,0,0,129.3513564,35.629782
JDQ4MTYyMiM4MSMkMiMkNCMkMDAkNDgxMzUxIzUxIyQxIyQ1IyQwMyQyNjEwMDIjNzEjJDEjJDgjJDgz,호계연세안과의원,31,의원,260000,울산,260004,울산북구,신천동,44224,"울산광역시 북구 호계로 324, (신천동)",052-286-0106,,2000-09-07,1,0,0,0,1,0,0,0,0,0,0,0,0,0,129.3509454,35.6321252
JDQ4MTYyMiM4MSMkMiMkNCMkMDAkMzgxMTkxIzUxIyQxIyQxIyQ2MiQzNjE4MzIjNDEjJDEjJDQjJDgz,호계연합내과진단방사선과의원,31,의원,260000,울산,260004,울산북구,신천동,44224,"울산광역시 북구 호계로 326, (신천동)",052-286-7585,,2001-08-30,2,0,0,0,2,0,0,0,0,0,0,0,0,0,129.3509611,35.6323918
JDQ4MTYyMiM4MSMkMSMkNCMkNzIkMzgxMTkxIzIxIyQxIyQ1IyQwMyQyNjEyMjIjNjEjJDEjJDQjJDgz,호계웰치과의원,51,치과의원,260000,울산,260004,울산북구,호계동,44228,"울산광역시 북구 호계로 275, 2,3,4층 (호계동)",052-707-2800,,2022-04-26,1,0,0,0,0,1,0,0,0,0,0,0,0,0,129.3508679,35.6277077
JDQ4MTYyMiM4MSMkMSMkNCMkNzIkMzgxOTYxIzMxIyQxIyQzIyQ3OSQyNjEwMDIjNjEjJDEjJDgjJDgz,호계유어스치과의원,51,치과의원,260000,울산,260004,울산북구,신천동,44224,"울산광역시 북구 호계로 326, (신천동)",052-286-2080,,2006-05-12,1,0,0,0,0,0,0,0,1,0,0,0,0,0,129.3509611,35.6323918
JDQ4MTYyMiM4MSMkMSMkNCMkNzIkMzgxMzUxIzIxIyQxIyQ1IyQ5OSQ0NjE0ODEjNDEjJDEjJDQjJDgz,호계치과의원,51,치과의원,260000,울산,260004,울산북구,호계동,44229,"울산광역시 북구 호계2길 7, 2층 201호 (호계동)",052-282-8875,,1989-04-26,1,0,0,0,0,1,0,0,0,0,0,0,0,0,129.3554238,35.6228217
JDQ4MTYyMiM4MSMkMSMkNCMkMTMkMzgxNzAyIzUxIyQxIyQ1IyQ3MiQyNjE0ODEjODEjJDEjJDYjJDgz,호동한의원,93,한의원,260000,울산,260001,울산남구,삼산동,44710,"울산광역시 남구 남중로 125, (삼산동)",052-256-7512,,2005-07-19,1,0,0,0,0,0,0,0,0,1,0,0,0,0,129.3481345,35.545709
JDQ4MTYyMiM4MSMkMSMkNCMkMTMkMzgxNzAyIzUxIyQxIyQxIyQwMyQzNjEwMDIjNjEjJDEjJDQjJDgz,홍광석한의원,93,한의원,260000,울산,260100,울산울주군,웅촌면,44965,"울산광역시 울주군 웅촌면 웅촌로 377, (웅촌면)",052-225-1717,,2001-12-27,1,0,0,0,0,0,0,0,0,0,0,0,1,0,129.2092706,35.4648588
JDQ4MTYyMiM4MSMkMSMkNCMkMTMkMzgxNzAyIzIxIyQyIyQ1IyQwMCQzNjEyMjIjNjEjJDEjJDQjJDgz,홍성한의원,93,한의원,260000,울산,260003,울산중구,학산동,44530,"울산광역시 중구 장춘로 150, (학산동)",052-243-2211,,1991-04-26,1,0,0,0,0,0,0,0,0,1,0,0,0,0,129.3247953,35.5581329
JDQ4MTYyMiM4MSMkMiMkNCMkMDAkMzgxMTkxIzUxIyQxIyQxIyQ3MiQzNjEyMjIjODEjJDEjJDYjJDgz,홍승범정신건강의학과의원,31,의원,260000,울산,260001,울산남구,신정동,44678,"울산광역시 남구 삼산로 15, 5층 (신정동, 세안빌딩)",052-272-0069,,2001-09-14,1,0,0,0,1,0,0,0,0,0,0,0,0,0,129.3095358,35.5330677
JDQ4MTYyMiM4MSMkMSMkNCMkMTMkMzgxNzAyIzIxIyQyIyQxIyQwMCQzNjEyMjIjODEjJDEjJDYjJDgz,홍윤표한의원,93,한의원,260000,울산,260001,울산남구,달동,44726,"울산광역시 남구 번영로 115, 경남은행 달동지점 3층 (달동)",052-258-1075,,2018-03-26,1,0,0,0,0,0,0,0,0,1,0,0,0,0,129.328333,35.5355887
JDQ4MTYyMiM4MSMkMiMkNCMkMDAkMzgxMTkxIzUxIyQyIyQ1IyQwMCQyNjE0ODEjNDEjJDEjJDgjJDgz,홍정형외과의원,31,의원,260000,울산,260004,울산북구,상안동,44209,"울산광역시 북구 신답로 35, 7,8층 (상안동, 하이크리닉)",052-285-1100,,2007-03-02,1,0,0,0,1,0,0,0,0,0,0,0,0,0,129.3444286,35.6287743
JDQ4MTYyMiM4MSMkMSMkNCMkMTMkMzgxNzAyIzIxIyQxIyQxIyQ3MiQyNjE4MzIjODEjJDEjJDYjJDgz,홍제한의원,93,한의원,260000,울산,260001,울산남구,신정동,44677,"울산광역시 남구 봉월로 18, 2층 (신정동)",052-267-0064,http://www.hjomc.com/,1989-03-18,2,0,0,0,0,0,0,0,0,2,0,0,0,0,129.3070838,35.5341117
JDQ4MTYyMiM4MSMkMiMkNCMkMDAkNDgxMzUxIzIxIyQxIyQ1IyQ4OSQzNjEwMDIjNDEjJDEjJDgjJDgz,홍찬의소아청소년과의원,31,의원,260000,울산,260004,울산북구,화봉동,44236,"울산광역시 북구 화산6길 8, S 타워 3층 (화봉동)",052-281-0756,,2011-03-14,1,0,0,0,1,0,0,0,0,0,0,0,0,0,129.3668511,35.5969505
JDQ4MTYyMiM4MSMkMiMkNCMkMDAkMzgxMzUxIzUxIyQxIyQxIyQ4MiQzNjE0ODEjODEjJDEjJDYjJDgz,홍피부과의원,31,의원,260000,울산,260002,울산동구,전하동,44034,"울산광역시 동구 전하로 2, (전하동)",052-233-3802,,1986-04-03,1,0,0,0,1,0,0,0,0,0,0,0,0,0,129.4305279,35.5123731
JDQ4MTYyMiM4MSMkMSMkNCMkMTMkNDgxMzUxIzQxIyQxIyQ3IyQwMyQzNjE0ODEjNjEjJDEjJDgjJDgz,홍한의원,93,한의원,260000,울산,260004,울산북구,호계동,44227,"울산광역시 북구 호계로 298, (호계동)",052-297-1077,,2014-09-04,1,0,0,0,0,0,0,0,0,1,0,0,0,0,129.3513564,35.629782
JDQ4MTYyMiM4MSMkMiMkNCMkMDAkNDgxOTYxIzIxIyQxIyQ1IyQ3MiQzNjE4MzIjNDEjJDEjJDgjJDgz,화목한내과의원,31,의원,260000,울산,260002,울산동구,서부동,44016,"울산광역시 동구 방어진순환도로 1141, 2층 (서부동)",052-244-1004,,2022-02-03,1,0,0,0,1,0,0,0,0,0,0,0,0,0,129.4242238,35.5393142
JDQ4MTYyMiM4MSMkMiMkNCMkMDAkMzgxNzAyIzExIyQxIyQzIyQ4OSQzNjEwMDIjNjEjJDEjJDgjJDgz,화봉정형외과의원,31,의원,260000,울산,260004,울산북구,화봉동,44241,"울산광역시 북구 화봉로 75, (화봉동)",052-289-1119,http://,2001-03-12,1,0,0,0,1,0,0,0,0,0,0,0,0,0,129.3673296,35.5886182
JDQ4MTYyMiM4MSMkMiMkNCMkMDAkNDgxOTYxIzQxIyQxIyQ3IyQ3OSQyNjEwMDIjNDEjJDEjJDgjJDgz,화봉코코이비인후과의원,31,의원,260000,울산,260004,울산북구,화봉동,44241,"울산광역시 북구 화봉로 75, 4층 1호 (화봉동)",052-957-2000,,2026-04-10,1,0,0,0,1,0,0,0,0,0,0,0,0,0,129.3673296,35.5886182
JDQ4MTYyMiM4MSMkMiMkNCMkMDAkNDgxOTYxIzExIyQxIyQ3IyQ5OSQzNjE4MzIjNzEjJDEjJDgjJDgz,화사한외과의원,31,의원,260000,울산,260001,울산남구,달동,44722,"울산광역시 남구 삼산로 100, 3,5,6,7층 (달동)",052-716-1192,,2017-03-27,1,0,0,0,1,0,0,0,0,0,0,0,0,0,129.3186552,35.5347901
JDQ4MTYyMiM4MSMkMSMkNCMkOTIkMzgxNzAyIzExIyQxIyQzIyQ4OSQyNjEwMDIjNDEjJDEjJDgjJDgz,화산보건진료소,73,보건진료소,260000,울산,260100,울산울주군,서생면,45012,"울산광역시 울주군 서생면 천산로 214, (화산보건진료소)",052-239-5780,,1997-07-15,0,0,0,0,0,0,0,0,0,0,0,0,0,0,129.2937005,35.3442117
JDQ4MTYyMiM4MSMkMSMkNCMkNzIkMzgxOTYxIzMxIyQyIyQ3IyQwMCQzNjE4MzIjNTEjJDEjJDYjJDgz,화이트e치과의원,51,치과의원,260000,울산,260001,울산남구,삼산동,44719,"울산광역시 남구 삼산중로 36, 4층 (삼산동)",256-7552,,2010-04-23,1,0,0,0,0,0,0,0,1,0,0,0,0,0,129.336272,35.5368165
JDQ4MTYyMiM4MSMkMiMkNCMkMDAkMzgxMTkxIzQxIyQxIyQ3IyQwMyQzNjEyMjIjNjEjJDEjJDAjJDgz,화이트듀의원,31,의원,260000,울산,260001,울산남구,삼산동,44705,"울산광역시 남구 삼산로267번길 6-16, (삼산동)",052-225-8275,http://www.whitedew.kr/,2008-11-04,1,0,0,0,1,0,0,0,0,0,0,0,0,0,129.3371095,35.5397981
JDQ4MTYyMiM4MSMkMSMkNCMkNzIkMzgxOTYxIzExIyQyIyQzIyQwMCQyNjE4MzIjNTEjJDEjJDIjJDgz,화이트듀치과의원,51,치과의원,260000,울산,260001,울산남구,삼산동,44705,"울산광역시 남구 삼산로267번길 6-16, 5층 (삼산동)",052-221-8275,http://www.whitedew.co.kr,2008-11-03,1,0,0,0,0,1,0,0,0,0,0,0,0,0,129.3371095,35.5397981
JDQ4MTYyMiM4MSMkMSMkNCMkNzIkMzgxOTYxIzExIyQxIyQ3IyQ3MiQzNjE0ODEjNDEjJDEjJDgjJDgz,화이트치과의원,51,치과의원,260000,울산,260001,울산남구,무거동,44611,"울산광역시 남구 옥현로 117, 4층 (무거동)",052-249-3040,http://www.whiteok.co.kr/,2002-04-25,1,0,0,0,0,1,0,0,0,0,0,0,0,0,129.2624383,35.5471469
JDQ4MTYyMiM4MSMkMiMkNCMkMDAkNDgxOTYxIzIxIyQxIyQxIyQ3OSQyNjE4MzIjNjEjJDEjJDgjJDgz,화인마취통증의학과의원,31,의원,260000,울산,260001,울산남구,삼산동,44705,"울산광역시 남구 삼산로 273, 삼산타워 601, 602호 (삼산동)",052-707-9131,,2020-02-19,2,0,0,0,2,0,0,0,0,0,0,0,0,0,129.3367805,35.5395317
JDQ4MTYyMiM4MSMkMiMkNCMkMDAkNDgxMzUxIzExIyQxIyQ3IyQ4OSQ0NjE0ODEjNTEjJDEjJDIjJDgz,화정현대의원,31,의원,260000,울산,260002,울산동구,화정동,44079,"울산광역시 동구 월봉로 14, (화정동)",052-251-9944,,2001-03-02,1,0,0,0,1,0,0,0,0,0,0,0,0,0,129.4201815,35.4952296
JDQ4MTYyMiM4MSMkMSMkNCMkMTMkMzgxNzAyIzIxIyQxIyQ5IyQ4MiQzNjEyMjIjNTEjJDEjJDYjJDgz,활천당한의원,93,한의원,260000,울산,260002,울산동구,전하동,44043,"울산광역시 동구 진성3길 56, 가동 201호 (전하동, 무지개상가)",052-252-8566,,2011-05-25,1,0,0,0,0,0,0,0,0,1,0,0,0,0,129.4263519,35.5104362
JDQ4MTYyMiM4MSMkMiMkNCMkMDAkMzgxNzAyIzUxIyQxIyQ1IyQ5OSQzNjE0ODEjNTEjJDEjJDIjJDgz,황기호정형외과의원,31,의원,260000,울산,260002,울산동구,전하동,44043,"울산광역시 동구 방어진순환도로 769, (전하동)",052-252-7575,,1991-03-22,1,0,0,0,1,0,0,0,0,0,0,0,0,0,129.430198,35.5104105
JDQ4MTYyMiM4MSMkMiMkNCMkMDAkNDgxOTYxIzMxIyQxIyQ3IyQ5OSQzNjE0ODEjNjEjJDEjJDAjJDgz,황대성의 가슴편한내과의원,31,의원,260000,울산,260001,울산남구,달동,44694,"울산광역시 남구 삼산로 141, 1층 (달동)",052-260-1122,,2025-04-15,1,0,0,0,1,0,0,0,0,0,0,0,0,0,129.322656,35.5365512
JDQ4MTYyMiM4MSMkMiMkNCMkMDAkNDgxMzUxIzUxIyQxIyQxIyQ4MiQzNjEyMjIjNzEjJDEjJDgjJDgz,황만근내과의원,31,의원,260000,울산,260100,울산울주군,범서읍,44931,"울산광역시 울주군 범서읍 천상길 17, 1층",052-248-7760,,2016-05-18,1,0,0,0,1,0,0,0,0,0,0,0,0,0,129.2298901,35.5617329
JDQ4MTYyMiM4MSMkMSMkNCMkMTMkNDgxMzUxIzIxIyQxIyQxIyQ4OSQyNjEyMjIjNzEjJDEjJDgjJDgz,황명수한의원,93,한의원,260000,울산,260001,울산남구,신정동,44671,"울산광역시 남구 중앙로 251, (신정동)",052-271-8875,http://www.ulsanhanbang.com,2017-03-06,1,0,0,0,0,0,0,0,0,1,0,0,0,0,129.310629,35.5431501
JDQ4MTYyMiM4MSMkMiMkNCMkMDAkMzgxMTkxIzQxIyQxIyQ3IyQ3OSQzNjEwMDIjODEjJDEjJDIjJDgz,황인태영상의학과의원,31,의원,260000,울산,260001,울산남구,삼산동,44705,"울산광역시 남구 삼산로 275, 7층 (삼산동, 킴스빌딩)",052-257-9275,,2001-01-20,1,0,0,0,1,0,0,0,0,0,0,0,0,0,129.337182,35.5396038
JDQ4MTYyMiM4MSMkMSMkNCMkNzIkMzgxMzUxIzIxIyQyIyQ5IyQwMCQzNjEwMDIjODEjJDEjJDYjJDgz,황태경치과의원,51,치과의원,260000,울산,260002,울산동구,전하동,44034,"울산광역시 동구 방어진순환도로 793, 1층 (전하동)",052-234-3140,,2001-05-02,1,0,0,0,0,1,0,0,0,0,0,0,0,0,129.4305754,35.5125265
JDQ4MTYyMiM4MSMkMSMkNCMkMTMkMzgxNzAyIzIxIyQxIyQ1IyQ3MiQ0NjEwMDIjNjEjJDEjJDAjJDgz,황한의원,93,한의원,260000,울산,260100,울산울주군,청량읍,44984,"울산광역시 울주군 청량읍 덕하로 222, 1층",052-237-4433,,1989-12-23,1,0,0,0,0,0,0,0,0,1,0,0,0,0,129.3044617,35.4907563
JDQ4MTYyMiM4MSMkMSMkNCMkOTkkNTgxMzUxIzIxIyQxIyQ1IyQ5MiQyNjEyMjIjNzEjJDEjJDgjJDgz,효성요양병원,28,요양병원,260000,울산,260003,울산중구,학산동,44520,"울산광역시 중구 학산로 5, (학산동)",288-6100,,2017-03-10,4,0,0,0,2,0,0,0,0,2,0,0,0,0,129.3295141,35.5557071
JDQ4MTYyMiM4MSMkMSMkNCMkNzIkMzgxOTYxIzExIyQyIyQzIyQwMCQzNjE0ODEjNDEjJDEjJDgjJDgz,훈치과의원,51,치과의원,260000,울산,260001,울산남구,무거동,44630,"울산광역시 남구 울밀로 2882, 2층 (무거동)",052-277-7561,,1999-11-03,1,0,0,0,0,1,0,0,0,0,0,0,0,0,129.2627367,35.5557482
JDQ4MTYyMiM4MSMkMSMkNCMkNzIkMzgxOTYxIzMxIyQyIyQzIyQwMCQzNjEyMjIjODEjJDEjJDYjJDgz,희망을심는치과의원,51,치과의원,260000,울산,260003,울산중구,태화동,44452,"울산광역시 중구 유곡로 21, 2층 (태화동)",052-212-2879,,2008-10-21,1,0,0,0,0,1,0,0,0,0,0,0,0,0,129.3070888,35.5563176
JDQ4MTYyMiM4MSMkMSMkNCMkNzIkMzgxMTkxIzIxIyQxIyQxIyQ4MiQyNjE0ODEjODEjJDEjJDIjJDgz,희망찬치과의원,51,치과의원,260000,울산,260004,울산북구,송정동,44236,"울산광역시 북구 화산로 123, 5층 505호 (송정동)",052-918-2875,,2022-01-04,1,0,0,0,0,0,0,0,1,0,0,0,0,0,129.3650787,35.6029089
